 GEORGE HATO,COMBUSTIVEL,POSTO DE SERVIÇOS POPULAR LTDA.,61.327.938/0001-05,"1.034,09",01/2017
 GEORGE HATO,CONTRATAÇAO DE PESSOA JURIDICA,JOÃO CARLOS FERREIRA CHAVES 30393339840,12.874.430/0001-11,"1.982,00",01/2017
 GEORGE HATO,CONTRATAÇAO DE PESSOA JURIDICA,ATTBRASIL TECNOLOGIA LOCAÇÃO E SOLUÇÕES EM INFORMATICA LTDA EPP,22.392.165/0001-99,"822,53",01/2017
 GEORGE HATO,CONTRATAÇAO DE PESSOA JURIDICA,WORK LINE SYSTEM INFORMÁTICA LTDA,67.002.329/0001-62,"931,54",01/2017
 GEORGE HATO,ELABORAÇÃO/MANUTENÇAO DE SITE/HOSPEDAGEM,ADD+COMUNICAÇÃO CORPORATIVA LTDA. ME,06.540.189/0001-91,"79,00",01/2017
 GEORGE HATO,INTERMEDIADO - CORREIOS,CAMARA MUNICIPAL DE SÃO PAULO,50.176.288/0001-28,"18,00",01/2017
 GEORGE HATO,INTERMEDIADO - LOCAÇÃO DE VEÍCULOS,CAMARA MUNICIPAL DE SÃO PAULO,50.176.288/0001-28,"2.058,08",01/2017
 GEORGE HATO,LOCAÇÃO DE MOVEIS E EQUIPAMENTOS,ATTBRASIL TECNOLOGIA LOCAÇÃO E SOLUÇÕES EM INFORMATICA LTDA EPP,22.392.165/0001-99,"3.280,00",01/2017
 GEORGE HATO,TELEFONE FIXO,TELEFONICA BRASIL S/A,02.558.157/0001-62,"525,87",01/2017
 GEORGE HATO,TELEFONE MOVEL,TELEFONICA BRASIL S/A,02.558.157/0001-62,"536,99",01/2017
 GEORGE HATO,COMBUSTIVEL,POSTO DE SERVIÇOS POPULAR LTDA.,61.327.938/0001-05,"2.076,22",02/2017
 GEORGE HATO,CONTRATAÇAO DE PESSOA JURIDICA,JOÃO CARLOS FERREIRA CHAVES 30393339840,12.874.430/0001-11,"1.982,00",02/2017
 GEORGE HATO,CONTRATAÇAO DE PESSOA JURIDICA,ATTBRASIL TECNOLOGIA LOCAÇÃO E SOLUÇÕES EM INFORMATICA LTDA EPP,22.392.165/0001-99,"822,53",02/2017
 GEORGE HATO,CONTRATAÇAO DE PESSOA JURIDICA,WORK LINE SYSTEM INFORMÁTICA LTDA,67.002.329/0001-62,"931,54",02/2017
 GEORGE HATO,ELABORAÇÃO/MANUTENÇAO DE SITE/HOSPEDAGEM,ADD+COMUNICAÇÃO CORPORATIVA LTDA. ME,06.540.189/0001-91,"79,00",02/2017
 GEORGE HATO,INTERMEDIADO - CORREIOS,CAMARA MUNICIPAL DE SÃO PAULO,50.176.288/0001-28,"45,25",02/2017
 GEORGE HATO,INTERMEDIADO - LOCAÇÃO DE VEÍCULOS,CAMARA MUNICIPAL DE SÃO PAULO,50.176.288/0001-28,"2.101,17",02/2017
 GEORGE HATO,LOCAÇÃO DE MOVEIS E EQUIPAMENTOS,ATTBRASIL TECNOLOGIA LOCAÇÃO E SOLUÇÕES EM INFORMATICA LTDA EPP,22.392.165/0001-99,"3.280,00",02/2017
 GEORGE HATO,MATERIAL DE ESCRITORIO E OUTROS MATERIAIS DE CONSUMO,FERNANDO CABALLERO ALVES - MATERIAIS DE LIMPEZA ME,21.800.954/0001-59,"706,40",02/2017
 GEORGE HATO,MATERIAL DE ESCRITORIO E OUTROS MATERIAIS DE CONSUMO,ESPACIAL SUPRIMENTOS DE ESCRITORIO E INFORMATICA LTDA.,53.700.159/0001-85,"528,71",02/2017
 GEORGE HATO,TELEFONE FIXO,TELEFONICA BRASIL S/A,02.558.157/0001-62,"565,05",02/2017
 GEORGE HATO,TELEFONE MOVEL,TELEFONICA BRASIL S/A,02.558.157/0001-62,"694,39",02/2017
 GEORGE HATO,COMBUSTIVEL,POSTO DE SERVIÇOS POPULAR LTDA.,61.327.938/0001-05,"3.022,06",03/2017
 GEORGE HATO,CONTRATAÇAO DE PESSOA JURIDICA,JOÃO CARLOS FERREIRA CHAVES 30393339840,12.874.430/0001-11,"2.000,00",03/2017
 GEORGE HATO,CONTRATAÇAO DE PESSOA JURIDICA,ATTBRASIL TECNOLOGIA LOCAÇÃO E SOLUÇÕES EM INFORMATICA LTDA EPP,22.392.165/0001-99,"830,00",03/2017
 GEORGE HATO,CONTRATAÇAO DE PESSOA JURIDICA,WORK LINE SYSTEM INFORMÁTICA LTDA,67.002.329/0001-62,"940,00",03/2017
 GEORGE HATO,ELABORAÇÃO/MANUTENÇAO DE SITE/HOSPEDAGEM,ADD+COMUNICAÇÃO CORPORATIVA LTDA. ME,06.540.189/0001-91,"79,00",03/2017
 GEORGE HATO,INTERMEDIADO - CORREIOS,CAMARA MUNICIPAL DE SÃO PAULO,50.176.288/0001-28,"60,65",03/2017
 GEORGE HATO,INTERMEDIADO - LOCAÇÃO DE VEÍCULOS,CAMARA MUNICIPAL DE SÃO PAULO,50.176.288/0001-28,"2.101,17",03/2017
 GEORGE HATO,LOCAÇÃO DE MOVEIS E EQUIPAMENTOS,ATTBRASIL TECNOLOGIA LOCAÇÃO E SOLUÇÕES EM INFORMATICA LTDA EPP,22.392.165/0001-99,"3.280,00",03/2017
 GEORGE HATO,MATERIAL DE ESCRITORIO E OUTROS MATERIAIS DE CONSUMO,FERNANDO CABALLERO ALVES - MATERIAIS DE LIMPEZA ME,21.800.954/0001-59,"704,00",03/2017
 GEORGE HATO,TELEFONE FIXO,TELEFONICA BRASIL S/A,02.558.157/0001-62,"556,49",03/2017
 GEORGE HATO,TELEFONE MOVEL,TELEFONICA BRASIL S/A,02.558.157/0001-62,"709,82",03/2017
 GEORGE HATO,COMBUSTIVEL,POSTO DE SERVIÇOS POPULAR LTDA.,61.327.938/0001-05,"3.258,63",04/2017
 GEORGE HATO,CONTRATAÇAO DE PESSOA JURIDICA,JOÃO CARLOS FERREIRA CHAVES 30393339840,12.874.430/0001-11,"2.000,00",04/2017
 GEORGE HATO,CONTRATAÇAO DE PESSOA JURIDICA,ATTBRASIL TECNOLOGIA LOCAÇÃO E SOLUÇÕES EM INFORMATICA LTDA EPP,22.392.165/0001-99,"830,00",04/2017
 GEORGE HATO,CONTRATAÇAO DE PESSOA JURIDICA,WORK LINE SYSTEM INFORMÁTICA LTDA,67.002.329/0001-62,"940,00",04/2017
 GEORGE HATO,ELABORAÇÃO/MANUTENÇAO DE SITE/HOSPEDAGEM,ADD+COMUNICAÇÃO CORPORATIVA LTDA. ME,06.540.189/0001-91,"79,00",04/2017
 GEORGE HATO,INTERMEDIADO - CORREIOS,CAMARA MUNICIPAL DE SÃO PAULO,50.176.288/0001-28,"655,88",04/2017
 GEORGE HATO,INTERMEDIADO - LOCAÇÃO DE VEÍCULOS,CAMARA MUNICIPAL DE SÃO PAULO,50.176.288/0001-28,"2.101,17",04/2017
 GEORGE HATO,LOCAÇÃO DE MOVEIS E EQUIPAMENTOS,ATTBRASIL TECNOLOGIA LOCAÇÃO E SOLUÇÕES EM INFORMATICA LTDA EPP,22.392.165/0001-99,"3.280,00",04/2017
 GEORGE HATO,MATERIAL DE ESCRITORIO E OUTROS MATERIAIS DE CONSUMO,CENTRAL DE CABOS COM DE CONEXÕES ELETRONICAS LTDA. ME,08.626.431/0001-70,"32,00",04/2017
 GEORGE HATO,MATERIAL DE ESCRITORIO E OUTROS MATERIAIS DE CONSUMO,FERNANDO CABALLERO ALVES - MATERIAIS DE LIMPEZA ME,21.800.954/0001-59,"666,10",04/2017
 GEORGE HATO,MATERIAL DE ESCRITORIO E OUTROS MATERIAIS DE CONSUMO,ESPACIAL SUPRIMENTOS DE ESCRITORIO E INFORMATICA LTDA.,53.700.159/0001-85,"1.728,36",04/2017
 GEORGE HATO,TELEFONE FIXO,TELEFONICA BRASIL S/A,02.558.157/0001-62,"515,19",04/2017
 GEORGE HATO,TELEFONE MOVEL,TELEFONICA BRASIL S/A,02.558.157/0001-62,"564,61",04/2017
 GEORGE HATO,ASSINATURA DE JORNAIS E REVISTAS,EDITORA JORNALISTICA UNIAO NIKKEI LTDA,02.403.960/0001-28,"170,00",05/2017
 GEORGE HATO,COMBUSTIVEL,POSTO DE SERVIÇOS POPULAR LTDA.,61.327.938/0001-05,"3.123,47",05/2017
 GEORGE HATO,CONTRATAÇAO DE PESSOA JURIDICA,JOÃO CARLOS FERREIRA CHAVES 30393339840,12.874.430/0001-11,"2.000,00",05/2017
 GEORGE HATO,CONTRATAÇAO DE PESSOA JURIDICA,ATTBRASIL TECNOLOGIA LOCAÇÃO E SOLUÇÕES EM INFORMATICA LTDA EPP,22.392.165/0001-99,"830,00",05/2017
 GEORGE HATO,CONTRATAÇAO DE PESSOA JURIDICA,WORK LINE SYSTEM INFORMÁTICA LTDA,67.002.329/0001-62,"940,00",05/2017
 GEORGE HATO,ELABORAÇÃO/MANUTENÇAO DE SITE/HOSPEDAGEM,ADD+COMUNICAÇÃO CORPORATIVA LTDA. ME,06.540.189/0001-91,"79,00",05/2017
 GEORGE HATO,INTERMEDIADO - CORREIOS,CAMARA MUNICIPAL DE SÃO PAULO,50.176.288/0001-28,"9.121,02",05/2017
 GEORGE HATO,INTERMEDIADO - LOCAÇÃO DE VEÍCULOS,CAMARA MUNICIPAL DE SÃO PAULO,50.176.288/0001-28,"2.101,17",05/2017
 GEORGE HATO,LOCAÇÃO DE MOVEIS E EQUIPAMENTOS,ATTBRASIL TECNOLOGIA LOCAÇÃO E SOLUÇÕES EM INFORMATICA LTDA EPP,22.392.165/0001-99,"3.280,00",05/2017
 GEORGE HATO,MATERIAL DE ESCRITORIO E OUTROS MATERIAIS DE CONSUMO,CENTER PAPEIS COMERCIAL LTDA.,06.226.820/0001-82,"1.199,90",05/2017
 GEORGE HATO,TELEFONE FIXO,TELEFONICA BRASIL S/A,02.558.157/0001-62,"489,30",05/2017
 GEORGE HATO,TELEFONE MOVEL,TELEFONICA BRASIL S/A,02.558.157/0001-62,"704,04",05/2017
 GEORGE HATO,COMBUSTIVEL,POSTO DE SERVIÇOS POPULAR LTDA.,61.327.938/0001-05,"2.948,21",06/2017
 GEORGE HATO,CONTRATAÇAO DE PESSOA JURIDICA,JOÃO CARLOS FERREIRA CHAVES 30393339840,12.874.430/0001-11,"2.000,00",06/2017
 GEORGE HATO,CONTRATAÇAO DE PESSOA JURIDICA,ATTBRASIL TECNOLOGIA LOCAÇÃO E SOLUÇÕES EM INFORMATICA LTDA EPP,22.392.165/0001-99,"815,00",06/2017
 GEORGE HATO,CONTRATAÇAO DE PESSOA JURIDICA,WORK LINE SYSTEM INFORMÁTICA LTDA,67.002.329/0001-62,"940,00",06/2017
 GEORGE HATO,ELABORAÇÃO/MANUTENÇAO DE SITE/HOSPEDAGEM,ADD+COMUNICAÇÃO CORPORATIVA LTDA. ME,06.540.189/0001-91,"79,90",06/2017
 GEORGE HATO,INTERMEDIADO - CORREIOS,CAMARA MUNICIPAL DE SÃO PAULO,50.176.288/0001-28,"18,30",06/2017
 GEORGE HATO,INTERMEDIADO - LOCAÇÃO DE VEÍCULOS,CAMARA MUNICIPAL DE SÃO PAULO,50.176.288/0001-28,"2.101,17",06/2017
 GEORGE HATO,LOCAÇÃO DE MOVEIS E EQUIPAMENTOS,ATTBRASIL TECNOLOGIA LOCAÇÃO E SOLUÇÕES EM INFORMATICA LTDA EPP,22.392.165/0001-99,"3.280,00",06/2017
 GEORGE HATO,MATERIAL DE ESCRITORIO E OUTROS MATERIAIS DE CONSUMO,FERNANDO CABALLERO ALVES - MATERIAIS DE LIMPEZA ME,21.800.954/0001-59,"770,00",06/2017
 GEORGE HATO,TELEFONE FIXO,TELEFONICA BRASIL S/A,02.558.157/0001-62,"507,73",06/2017
 GEORGE HATO,TELEFONE MOVEL,TELEFONICA BRASIL S/A,02.558.157/0001-62,"832,94",06/2017
 GEORGE HATO,COMBUSTIVEL,POSTO DE SERVIÇOS POPULAR LTDA.,61.327.938/0001-05,"1.197,30",07/2017
 GEORGE HATO,CONTRATAÇAO DE PESSOA JURIDICA,JOÃO CARLOS FERREIRA CHAVES 30393339840,12.874.430/0001-11,"2.000,00",07/2017
 GEORGE HATO,CONTRATAÇAO DE PESSOA JURIDICA,ATTBRASIL TECNOLOGIA LOCAÇÃO E SOLUÇÕES EM INFORMATICA LTDA EPP,22.392.165/0001-99,"830,00",07/2017
 GEORGE HATO,CONTRATAÇAO DE PESSOA JURIDICA,WORK LINE SYSTEM INFORMÁTICA LTDA,67.002.329/0001-62,"940,00",07/2017
 GEORGE HATO,ELABORAÇÃO/MANUTENÇAO DE SITE/HOSPEDAGEM,ADD+COMUNICAÇÃO CORPORATIVA LTDA. ME,06.540.189/0001-91,"79,90",07/2017
 GEORGE HATO,INTERMEDIADO - CORREIOS,CAMARA MUNICIPAL DE SÃO PAULO,50.176.288/0001-28,"335,20",07/2017
 GEORGE HATO,INTERMEDIADO - LOCAÇÃO DE VEÍCULOS,CAMARA MUNICIPAL DE SÃO PAULO,50.176.288/0001-28,"2.101,17",07/2017
 GEORGE HATO,LOCAÇÃO DE MOVEIS E EQUIPAMENTOS,ATTBRASIL TECNOLOGIA LOCAÇÃO E SOLUÇÕES EM INFORMATICA LTDA EPP,22.392.165/0001-99,"3.280,00",07/2017
 GEORGE HATO,TELEFONE FIXO,TELEFONICA BRASIL S/A,02.558.157/0001-62,"464,11",07/2017
 GEORGE HATO,TELEFONE MOVEL,TELEFONICA BRASIL S/A,02.558.157/0001-62,"621,44",07/2017
 GEORGE HATO,COMBUSTIVEL,POSTO DE SERVIÇOS POPULAR LTDA.,61.327.938/0001-05,"1.288,29",08/2017
 GEORGE HATO,COMPOSIÇÃO/ARTE/DIAGRAMAÇÃO/PRODUÇÃO/IMPRESSAO GRAFICA,GRAFICA E EDITORA MIL FOLHAS LTDA.,04.208.046/0001-51,"4.000,05",08/2017
 GEORGE HATO,CONTRATAÇAO DE PESSOA JURIDICA,JOÃO CARLOS FERREIRA CHAVES 30393339840,12.874.430/0001-11,"2.000,00",08/2017
 GEORGE HATO,CONTRATAÇAO DE PESSOA JURIDICA,ATTBRASIL TECNOLOGIA LOCAÇÃO E SOLUÇÕES EM INFORMATICA LTDA EPP,22.392.165/0001-99,"830,00",08/2017
 GEORGE HATO,CONTRATAÇAO DE PESSOA JURIDICA,JOSÉ FERNANDO S. MONTEIRO ME,27.289.351/0001-10,"3.000,00",08/2017
 GEORGE HATO,CONTRATAÇAO DE PESSOA JURIDICA,WORK LINE SYSTEM INFORMÁTICA LTDA,67.002.329/0001-62,"940,00",08/2017
 GEORGE HATO,INTERMEDIADO - CORREIOS,CAMARA MUNICIPAL DE SÃO PAULO,50.176.288/0001-28,"44,97",08/2017
 GEORGE HATO,INTERMEDIADO - LOCAÇÃO DE VEÍCULOS,CAMARA MUNICIPAL DE SÃO PAULO,50.176.288/0001-28,"2.101,17",08/2017
 GEORGE HATO,LOCAÇÃO DE MOVEIS E EQUIPAMENTOS,ATTBRASIL TECNOLOGIA LOCAÇÃO E SOLUÇÕES EM INFORMATICA LTDA EPP,22.392.165/0001-99,"3.280,00",08/2017
 GEORGE HATO,MATERIAL DE ESCRITORIO E OUTROS MATERIAIS DE CONSUMO,FERNANDO CABALLERO ALVES - MATERIAIS DE LIMPEZA ME,21.800.954/0001-59,"1.005,90",08/2017
 GEORGE HATO,MATERIAL DE ESCRITORIO E OUTROS MATERIAIS DE CONSUMO,ESPACIAL SUPRIMENTOS DE ESCRITORIO E INFORMATICA LTDA.,53.700.159/0001-85,"1.874,18",08/2017
 GEORGE HATO,TELEFONE FIXO,TELEFONICA BRASIL S/A,02.558.157/0001-62,"469,36",08/2017
 GEORGE HATO,TELEFONE MOVEL,TELEFONICA BRASIL S/A,02.558.157/0001-62,"563,04",08/2017
 GEORGE HATO,COMBUSTIVEL,POSTO DE SERVIÇOS POPULAR LTDA.,61.327.938/0001-05,"1.963,39",09/2017
 GEORGE HATO,CONTRATAÇAO DE PESSOA JURIDICA,JOÃO CARLOS FERREIRA CHAVES 30393339840,12.874.430/0001-11,"2.000,00",09/2017
 GEORGE HATO,CONTRATAÇAO DE PESSOA JURIDICA,ATTBRASIL TECNOLOGIA LOCAÇÃO E SOLUÇÕES EM INFORMATICA LTDA EPP,22.392.165/0001-99,"830,00",09/2017
 GEORGE HATO,CONTRATAÇAO DE PESSOA JURIDICA,JOSÉ FERNANDO S. MONTEIRO ME,27.289.351/0001-10,"3.000,00",09/2017
 GEORGE HATO,CONTRATAÇAO DE PESSOA JURIDICA,WORK LINE SYSTEM INFORMÁTICA LTDA,67.002.329/0001-62,"940,00",09/2017
 GEORGE HATO,INTERMEDIADO - CORREIOS,CAMARA MUNICIPAL DE SÃO PAULO,50.176.288/0001-28,"50,22",09/2017
 GEORGE HATO,INTERMEDIADO - LOCAÇÃO DE VEÍCULOS,CAMARA MUNICIPAL DE SÃO PAULO,50.176.288/0001-28,"2.101,17",09/2017
 GEORGE HATO,LOCAÇÃO DE MOVEIS E EQUIPAMENTOS,ATTBRASIL TECNOLOGIA LOCAÇÃO E SOLUÇÕES EM INFORMATICA LTDA EPP,22.392.165/0001-99,"3.280,00",09/2017
 GEORGE HATO,MATERIAL DE ESCRITORIO E OUTROS MATERIAIS DE CONSUMO,FERNANDO CABALLERO ALVES - MATERIAIS DE LIMPEZA ME,21.800.954/0001-59,"960,40",09/2017
 GEORGE HATO,TELEFONE FIXO,TELEFONICA BRASIL S/A,02.558.157/0001-62,"455,80",09/2017
 GEORGE HATO,TELEFONE FIXO,CLARO S.A.,40.432.544/0001-47,"32,41",09/2017
 GEORGE HATO,TELEFONE MOVEL,TELEFONICA BRASIL S/A,02.558.157/0001-62,"666,37",09/2017
 GEORGE HATO,COMBUSTIVEL,POSTO DE SERVIÇOS POPULAR LTDA.,61.327.938/0001-05,"2.551,25",10/2017
 GEORGE HATO,CONTRATAÇAO DE PESSOA JURIDICA,JOÃO CARLOS FERREIRA CHAVES 30393339840,12.874.430/0001-11,"2.000,00",10/2017
 GEORGE HATO,CONTRATAÇAO DE PESSOA JURIDICA,ATTBRASIL TECNOLOGIA LOCAÇÃO E SOLUÇÕES EM INFORMATICA LTDA EPP,22.392.165/0001-99,"830,00",10/2017
 GEORGE HATO,CONTRATAÇAO DE PESSOA JURIDICA,JOSÉ FERNANDO S. MONTEIRO ME,27.289.351/0001-10,"3.000,00",10/2017
 GEORGE HATO,CONTRATAÇAO DE PESSOA JURIDICA,WORK LINE SYSTEM INFORMÁTICA LTDA,67.002.329/0001-62,"940,00",10/2017
 GEORGE HATO,INTERMEDIADO - CORREIOS,CAMARA MUNICIPAL DE SÃO PAULO,50.176.288/0001-28,"64,56",10/2017
 GEORGE HATO,INTERMEDIADO - LOCAÇÃO DE VEÍCULOS,CAMARA MUNICIPAL DE SÃO PAULO,50.176.288/0001-28,"2.101,17",10/2017
 GEORGE HATO,LOCAÇÃO DE MOVEIS E EQUIPAMENTOS,ATTBRASIL TECNOLOGIA LOCAÇÃO E SOLUÇÕES EM INFORMATICA LTDA EPP,22.392.165/0001-99,"3.280,00",10/2017
 GEORGE HATO,MATERIAL DE ESCRITORIO E OUTROS MATERIAIS DE CONSUMO,CENTER PAPEIS COMERCIAL LTDA.,06.226.820/0001-82,"1.799,85",10/2017
 GEORGE HATO,MATERIAL DE ESCRITORIO E OUTROS MATERIAIS DE CONSUMO,MILTON DE ARAUJO GRAFICA E COPIADORA ME,13.038.410/0001-73,"170,00",10/2017
 GEORGE HATO,MATERIAL DE ESCRITORIO E OUTROS MATERIAIS DE CONSUMO,FERNANDO CABALLERO ALVES - MATERIAIS DE LIMPEZA ME,21.800.954/0001-59,"976,30",10/2017
 GEORGE HATO,MATERIAL DE ESCRITORIO E OUTROS MATERIAIS DE CONSUMO,ESPACIAL SUPRIMENTOS DE ESCRITORIO E INFORMATICA LTDA.,53.700.159/0001-85,"1.620,59",10/2017
 GEORGE HATO,TELEFONE FIXO,TELEFONICA BRASIL S/A,02.558.157/0001-62,"462,47",10/2017
 GEORGE HATO,TELEFONE MOVEL,TELEFONICA BRASIL S/A,02.558.157/0001-62,"554,76",10/2017
 GEORGE HATO,COMBUSTIVEL,POSTO DE SERVIÇOS POPULAR LTDA.,61.327.938/0001-05,"2.709,80",11/2017
 GEORGE HATO,COMPOSIÇÃO/ARTE/DIAGRAMAÇÃO/PRODUÇÃO/IMPRESSAO GRAFICA,GRAFICA E EDITORA MIL FOLHAS LTDA.,04.208.046/0001-51,"7.500,50",11/2017
 GEORGE HATO,CONTRATAÇAO DE PESSOA JURIDICA,JOÃO CARLOS FERREIRA CHAVES 30393339840,12.874.430/0001-11,"2.000,00",11/2017
 GEORGE HATO,CONTRATAÇAO DE PESSOA JURIDICA,ATTBRASIL TECNOLOGIA LOCAÇÃO E SOLUÇÕES EM INFORMATICA LTDA EPP,22.392.165/0001-99,"830,00",11/2017
 GEORGE HATO,CONTRATAÇAO DE PESSOA JURIDICA,JOSÉ FERNANDO S. MONTEIRO ME,27.289.351/0001-10,"3.500,00",11/2017
 GEORGE HATO,CONTRATAÇAO DE PESSOA JURIDICA,WORK LINE SYSTEM INFORMÁTICA LTDA,67.002.329/0001-62,"940,00",11/2017
 GEORGE HATO,INTERMEDIADO - CORREIOS,CAMARA MUNICIPAL DE SÃO PAULO,50.176.288/0001-28,"62,81",11/2017
 GEORGE HATO,INTERMEDIADO - LOCAÇÃO DE VEÍCULOS,CAMARA MUNICIPAL DE SÃO PAULO,50.176.288/0001-28,"2.101,17",11/2017
 GEORGE HATO,LOCAÇÃO DE MOVEIS E EQUIPAMENTOS,ATTBRASIL TECNOLOGIA LOCAÇÃO E SOLUÇÕES EM INFORMATICA LTDA EPP,22.392.165/0001-99,"3.280,00",11/2017
 GEORGE HATO,MATERIAL DE ESCRITORIO E OUTROS MATERIAIS DE CONSUMO,BERSA PROD GRAF EIRELI,10.418.324/0001-06,"5.145,00",11/2017
 GEORGE HATO,MATERIAL DE ESCRITORIO E OUTROS MATERIAIS DE CONSUMO,FERNANDO CABALLERO ALVES - MATERIAIS DE LIMPEZA ME,21.800.954/0001-59,"1.024,30",11/2017
 GEORGE HATO,MATERIAL DE ESCRITORIO E OUTROS MATERIAIS DE CONSUMO,ESPACIAL SUPRIMENTOS DE ESCRITORIO E INFORMATICA LTDA.,53.700.159/0001-85,"1.644,82",11/2017
 GEORGE HATO,TELEFONE FIXO,TELEFONICA BRASIL S/A,02.558.157/0001-62,"477,82",11/2017
 GEORGE HATO,TELEFONE MOVEL,TELEFONICA BRASIL S/A,02.558.157/0001-62,"561,39",11/2017
 GEORGE HATO,COMBUSTIVEL,POSTO DE SERVIÇOS POPULAR LTDA.,61.327.938/0001-05,"2.571,23",12/2017
 GEORGE HATO,CONTRATAÇAO DE PESSOA JURIDICA,JOÃO CARLOS FERREIRA CHAVES 30393339840,12.874.430/0001-11,"2.000,00",12/2017
 GEORGE HATO,CONTRATAÇAO DE PESSOA JURIDICA,ATTBRASIL TECNOLOGIA LOCAÇÃO E SOLUÇÕES EM INFORMATICA LTDA EPP,22.392.165/0001-99,"830,00",12/2017
 GEORGE HATO,CONTRATAÇAO DE PESSOA JURIDICA,JOSÉ FERNANDO S. MONTEIRO ME,27.289.351/0001-10,"3.500,00",12/2017
 GEORGE HATO,CONTRATAÇAO DE PESSOA JURIDICA,WORK LINE SYSTEM INFORMÁTICA LTDA,67.002.329/0001-62,"940,00",12/2017
 GEORGE HATO,INTERMEDIADO - CORREIOS,CAMARA MUNICIPAL DE SÃO PAULO,50.176.288/0001-28,"53.665,62",12/2017
 GEORGE HATO,INTERMEDIADO - LOCAÇÃO DE VEÍCULOS,CAMARA MUNICIPAL DE SÃO PAULO,50.176.288/0001-28,"2.101,17",12/2017
 GEORGE HATO,LOCAÇÃO DE MOVEIS E EQUIPAMENTOS,ATTBRASIL TECNOLOGIA LOCAÇÃO E SOLUÇÕES EM INFORMATICA LTDA EPP,22.392.165/0001-99,"3.280,00",12/2017
 GEORGE HATO,MATERIAL DE ESCRITORIO E OUTROS MATERIAIS DE CONSUMO,KALUNGA COM E IND GRAFICA LTDA,43.283.811/0064-33,"43,20",12/2017
 GEORGE HATO,MATERIAL DE ESCRITORIO E OUTROS MATERIAIS DE CONSUMO,CEPEL COMERCIO DE PAPEIS E EMBALAGENS LTDA,47.023.981/0001-56,"765,77",12/2017
 GEORGE HATO,TELEFONE FIXO,TELEFONICA BRASIL S/A,02.558.157/0001-62,"480,76",12/2017
 GEORGE HATO,TELEFONE MOVEL,TELEFONICA BRASIL S/A,02.558.157/0001-62,"629,65",12/2017
 GEORGE HATO,COMBUSTIVEL,POSTO DE SERVIÇOS POPULAR LTDA.,61.327.938/0001-05,"583,23",01/2018
 GEORGE HATO,CONTRATAÇAO DE PESSOA JURIDICA,JOÃO CARLOS FERREIRA CHAVES 30393339840,12.874.430/0001-11,"2.000,00",01/2018
 GEORGE HATO,CONTRATAÇAO DE PESSOA JURIDICA,ATTBRASIL TECNOLOGIA LOCAÇÃO E SOLUÇÕES EM INFORMATICA LTDA EPP,22.392.165/0001-99,"855,00",01/2018
 GEORGE HATO,CONTRATAÇAO DE PESSOA JURIDICA,WORK LINE SYSTEM INFORMÁTICA LTDA,67.002.329/0001-62,"970,00",01/2018
 GEORGE HATO,INTERMEDIADO - CORREIOS,CAMARA MUNICIPAL DE SÃO PAULO,50.176.288/0001-28,"5,55",01/2018
 GEORGE HATO,INTERMEDIADO - LOCAÇÃO DE VEÍCULOS,CAMARA MUNICIPAL DE SÃO PAULO,50.176.288/0001-28,"2.137,42",01/2018
 GEORGE HATO,LOCAÇÃO DE MOVEIS E EQUIPAMENTOS,ATTBRASIL TECNOLOGIA LOCAÇÃO E SOLUÇÕES EM INFORMATICA LTDA EPP,22.392.165/0001-99,"3.375,00",01/2018
 GEORGE HATO,MATERIAL DE ESCRITORIO E OUTROS MATERIAIS DE CONSUMO,TDA COMÉRCIO E DISTRIBUIÇÃO DE PAPEL LTDA.,18.833.840/0001-09,"347,50",01/2018
 GEORGE HATO,TELEFONE FIXO,TELEFONICA BRASIL S/A,02.558.157/0001-62,"483,04",01/2018
 GEORGE HATO,TELEFONE MOVEL,TELEFONICA BRASIL S/A,02.558.157/0001-62,"637,96",01/2018
 GEORGE HATO,COMBUSTIVEL,POSTO DE SERVIÇOS POPULAR LTDA.,61.327.938/0001-05,"2.839,93",02/2018
 GEORGE HATO,COMPOSIÇÃO/ARTE/DIAGRAMAÇÃO/PRODUÇÃO/IMPRESSAO GRAFICA,GRAFICA E EDITORA MIL FOLHAS LTDA.,04.208.046/0001-51,"1.740,00",02/2018
 GEORGE HATO,CONTRATAÇAO DE PESSOA JURIDICA,JOÃO CARLOS FERREIRA CHAVES 30393339840,12.874.430/0001-11,"2.000,00",02/2018
 GEORGE HATO,CONTRATAÇAO DE PESSOA JURIDICA,ATTBRASIL TECNOLOGIA LOCAÇÃO E SOLUÇÕES EM INFORMATICA LTDA EPP,22.392.165/0001-99,"855,00",02/2018
 GEORGE HATO,CONTRATAÇAO DE PESSOA JURIDICA,JOSÉ FERNANDO S. MONTEIRO ME,27.289.351/0001-10,"3.500,00",02/2018
 GEORGE HATO,CONTRATAÇAO DE PESSOA JURIDICA,WORK LINE SYSTEM INFORMÁTICA LTDA,67.002.329/0001-62,"970,00",02/2018
 GEORGE HATO,INTERMEDIADO - CORREIOS,CAMARA MUNICIPAL DE SÃO PAULO,50.176.288/0001-28,"22,20",02/2018
 GEORGE HATO,INTERMEDIADO - LOCAÇÃO DE VEÍCULOS,CAMARA MUNICIPAL DE SÃO PAULO,50.176.288/0001-28,"2.148,45",02/2018
 GEORGE HATO,LOCAÇÃO DE MOVEIS E EQUIPAMENTOS,ATTBRASIL TECNOLOGIA LOCAÇÃO E SOLUÇÕES EM INFORMATICA LTDA EPP,22.392.165/0001-99,"3.375,00",02/2018
 GEORGE HATO,MATERIAL DE ESCRITORIO E OUTROS MATERIAIS DE CONSUMO,MILTON DE ARAUJO GRAFICA E COPIADORA ME,13.038.410/0001-73,"45,00",02/2018
 GEORGE HATO,MATERIAL DE ESCRITORIO E OUTROS MATERIAIS DE CONSUMO,CEPEL COM DE PAPEIS E EMB. EIRELI,47.023.981/0002-37,"800,73",02/2018
 GEORGE HATO,TELEFONE FIXO,TELEFONICA BRASIL S/A,02.558.157/0001-62,"476,11",02/2018
 GEORGE HATO,TELEFONE MOVEL,TELEFONICA BRASIL S/A,02.558.157/0001-62,"607,18",02/2018
 GEORGE HATO,COMBUSTIVEL,POSTO DE SERVIÇOS POPULAR LTDA.,61.327.938/0001-05,"3.493,00",03/2018
 GEORGE HATO,CONTRATAÇAO DE PESSOA JURIDICA,JOÃO CARLOS FERREIRA CHAVES 30393339840,12.874.430/0001-11,"2.000,00",03/2018
 GEORGE HATO,CONTRATAÇAO DE PESSOA JURIDICA,ATTBRASIL TECNOLOGIA LOCAÇÃO E SOLUÇÕES EM INFORMATICA LTDA EPP,22.392.165/0001-99,"855,00",03/2018
 GEORGE HATO,CONTRATAÇAO DE PESSOA JURIDICA,WORK LINE SYSTEM INFORMÁTICA LTDA,67.002.329/0001-62,"970,00",03/2018
 GEORGE HATO,INTERMEDIADO - CORREIOS,CAMARA MUNICIPAL DE SÃO PAULO,50.176.288/0001-28,"22,20",03/2018
 GEORGE HATO,INTERMEDIADO - LOCAÇÃO DE VEÍCULOS,CAMARA MUNICIPAL DE SÃO PAULO,50.176.288/0001-28,"2.148,45",03/2018
 GEORGE HATO,LOCAÇÃO DE MOVEIS E EQUIPAMENTOS,ATTBRASIL TECNOLOGIA LOCAÇÃO E SOLUÇÕES EM INFORMATICA LTDA EPP,22.392.165/0001-99,"3.375,00",03/2018
 GEORGE HATO,MATERIAL DE ESCRITORIO E OUTROS MATERIAIS DE CONSUMO,ESPACIAL SUPRIMENTOS DE ESCRITORIO E INFORMATICA LTDA.,53.700.159/0001-85,"956,04",03/2018
 GEORGE HATO,TELEFONE FIXO,TELEFONICA BRASIL S/A,02.558.157/0001-62,"476,19",03/2018
 GEORGE HATO,TELEFONE MOVEL,TELEFONICA BRASIL S/A,02.558.157/0001-62,"664,50",03/2018
 GEORGE HATO,COMBUSTIVEL,POSTO DE SERVIÇOS POPULAR LTDA.,61.327.938/0001-05,"2.340,74",04/2018
 GEORGE HATO,CONTRATAÇAO DE PESSOA JURIDICA,JOÃO CARLOS FERREIRA CHAVES 30393339840,12.874.430/0001-11,"2.000,00",04/2018
 GEORGE HATO,CONTRATAÇAO DE PESSOA JURIDICA,ATTBRASIL TECNOLOGIA LOCAÇÃO E SOLUÇÕES EM INFORMATICA LTDA EPP,22.392.165/0001-99,"855,00",04/2018
 GEORGE HATO,CONTRATAÇAO DE PESSOA JURIDICA,WORK LINE SYSTEM INFORMÁTICA LTDA,67.002.329/0001-62,"970,00",04/2018
 GEORGE HATO,INTERMEDIADO - CORREIOS,CAMARA MUNICIPAL DE SÃO PAULO,50.176.288/0001-28,"26,60",04/2018
 GEORGE HATO,INTERMEDIADO - LOCAÇÃO DE VEÍCULOS,CAMARA MUNICIPAL DE SÃO PAULO,50.176.288/0001-28,"2.148,45",04/2018
 GEORGE HATO,LOCAÇÃO DE MOVEIS E EQUIPAMENTOS,ATTBRASIL TECNOLOGIA LOCAÇÃO E SOLUÇÕES EM INFORMATICA LTDA EPP,22.392.165/0001-99,"3.375,00",04/2018
 GEORGE HATO,MATERIAL DE ESCRITORIO E OUTROS MATERIAIS DE CONSUMO,CENTER PAPEIS COMERCIAL LTDA.,06.226.820/0001-82,"11,95",04/2018
 GEORGE HATO,MATERIAL DE ESCRITORIO E OUTROS MATERIAIS DE CONSUMO,CEPEL COM DE PAPEIS E EMB. EIRELI,47.023.981/0002-37,"495,19",04/2018
 GEORGE HATO,TELEFONE FIXO,TELEFONICA BRASIL S/A,02.558.157/0001-62,"481,98",04/2018
 GEORGE HATO,TELEFONE MOVEL,TELEFONICA BRASIL S/A,02.558.157/0001-62,"596,96",04/2018
 GEORGE HATO,COMBUSTIVEL,POSTO DE SERVIÇOS POPULAR LTDA.,61.327.938/0001-05,"820,94",05/2018
 GEORGE HATO,CONTRATAÇAO DE PESSOA JURIDICA,JOÃO CARLOS FERREIRA CHAVES 30393339840,12.874.430/0001-11,"2.000,00",05/2018
 GEORGE HATO,CONTRATAÇAO DE PESSOA JURIDICA,ATTBRASIL TECNOLOGIA LOCAÇÃO E SOLUÇÕES EM INFORMATICA LTDA EPP,22.392.165/0001-99,"855,00",05/2018
 GEORGE HATO,CONTRATAÇAO DE PESSOA JURIDICA,WORK LINE SYSTEM INFORMÁTICA LTDA,67.002.329/0001-62,"970,00",05/2018
 GEORGE HATO,INTERMEDIADO - CORREIOS,CAMARA MUNICIPAL DE SÃO PAULO,50.176.288/0001-28,"22,20",05/2018
 GEORGE HATO,INTERMEDIADO - LOCAÇÃO DE VEÍCULOS,CAMARA MUNICIPAL DE SÃO PAULO,50.176.288/0001-28,"2.148,45",05/2018
 GEORGE HATO,LOCAÇÃO DE MOVEIS E EQUIPAMENTOS,ATTBRASIL TECNOLOGIA LOCAÇÃO E SOLUÇÕES EM INFORMATICA LTDA EPP,22.392.165/0001-99,"3.375,00",05/2018
 GEORGE HATO,MATERIAL DE ESCRITORIO E OUTROS MATERIAIS DE CONSUMO,CEPEL COM DE PAPEIS E EMB. EIRELI,47.023.981/0002-37,"882,26",05/2018
 GEORGE HATO,TELEFONE FIXO,TELEFONICA BRASIL S/A,02.558.157/0001-62,"475,42",05/2018
 GEORGE HATO,TELEFONE MOVEL,TELEFONICA BRASIL S/A,02.558.157/0001-62,"632,72",05/2018
 GEORGE HATO,COMBUSTIVEL,POSTO DE SERVIÇOS POPULAR LTDA.,61.327.938/0001-05,"2.246,05",06/2018
 GEORGE HATO,CONTRATAÇAO DE PESSOA JURIDICA,JOÃO CARLOS FERREIRA CHAVES 30393339840,12.874.430/0001-11,"2.000,00",06/2018
 GEORGE HATO,CONTRATAÇAO DE PESSOA JURIDICA,ATTBRASIL TECNOLOGIA LOCAÇÃO E SOLUÇÕES EM INFORMATICA LTDA EPP,22.392.165/0001-99,"855,00",06/2018
 GEORGE HATO,CONTRATAÇAO DE PESSOA JURIDICA,WORK LINE SYSTEM INFORMÁTICA LTDA,67.002.329/0001-62,"970,00",06/2018
 GEORGE HATO,INTERMEDIADO - CORREIOS,CAMARA MUNICIPAL DE SÃO PAULO,50.176.288/0001-28,"7,40",06/2018
 GEORGE HATO,INTERMEDIADO - LOCAÇÃO DE VEÍCULOS,CAMARA MUNICIPAL DE SÃO PAULO,50.176.288/0001-28,"2.148,45",06/2018
 GEORGE HATO,LOCAÇÃO DE MOVEIS E EQUIPAMENTOS,ATTBRASIL TECNOLOGIA LOCAÇÃO E SOLUÇÕES EM INFORMATICA LTDA EPP,22.392.165/0001-99,"3.375,00",06/2018
 GEORGE HATO,MATERIAL DE ESCRITORIO E OUTROS MATERIAIS DE CONSUMO,MILTON DE ARAUJO GRAFICA E COPIADORA ME,13.038.410/0001-73,"25,00",06/2018
 GEORGE HATO,TELEFONE FIXO,TELEFONICA BRASIL S/A,02.558.157/0001-62,"475,42",06/2018
 GEORGE HATO,TELEFONE MOVEL,TELEFONICA BRASIL S/A,02.558.157/0001-62,"580,79",06/2018
 GEORGE HATO,CONTRATAÇAO DE PESSOA JURIDICA,JOÃO CARLOS FERREIRA CHAVES 30393339840,12.874.430/0001-11,"2.000,00",07/2018
 GEORGE HATO,CONTRATAÇAO DE PESSOA JURIDICA,ATTBRASIL TECNOLOGIA LOCAÇÃO E SOLUÇÕES EM INFORMATICA LTDA EPP,22.392.165/0001-99,"855,00",07/2018
 GEORGE HATO,CONTRATAÇAO DE PESSOA JURIDICA,WORK LINE SYSTEM INFORMÁTICA LTDA,67.002.329/0001-62,"970,00",07/2018
 GEORGE HATO,INTERMEDIADO - CORREIOS,CAMARA MUNICIPAL DE SÃO PAULO,50.176.288/0001-28,"18,75",07/2018
 GEORGE HATO,INTERMEDIADO - LOCAÇÃO DE VEÍCULOS,CAMARA MUNICIPAL DE SÃO PAULO,50.176.288/0001-28,"2.148,45",07/2018
 GEORGE HATO,LOCAÇÃO DE MOVEIS E EQUIPAMENTOS,ATTBRASIL TECNOLOGIA LOCAÇÃO E SOLUÇÕES EM INFORMATICA LTDA EPP,22.392.165/0001-99,"3.375,00",07/2018
 GEORGE HATO,MATERIAL DE ESCRITORIO E OUTROS MATERIAIS DE CONSUMO,CEPEL COM DE PAPEIS E EMB. EIRELI,47.023.981/0002-37,"642,84",07/2018
 GEORGE HATO,TELEFONE FIXO,TELEFONICA BRASIL S/A,02.558.157/0001-62,"476,78",07/2018
 GEORGE HATO,TELEFONE MOVEL,TELEFONICA BRASIL S/A,02.558.157/0001-62,"603,59",07/2018
 GEORGE HATO,COMBUSTIVEL,POSTO DE SERVIÇOS POPULAR LTDA.,61.327.938/0001-05,"1.401,37",08/2018
 GEORGE HATO,CONTRATAÇAO DE PESSOA JURIDICA,JOÃO CARLOS FERREIRA CHAVES 30393339840,12.874.430/0001-11,"2.000,00",08/2018
 GEORGE HATO,CONTRATAÇAO DE PESSOA JURIDICA,ATTBRASIL TECNOLOGIA LOCAÇÃO E SOLUÇÕES EM INFORMATICA LTDA EPP,22.392.165/0001-99,"855,00",08/2018
 GEORGE HATO,CONTRATAÇAO DE PESSOA JURIDICA,WORK LINE SYSTEM INFORMÁTICA LTDA,67.002.329/0001-62,"970,00",08/2018
 GEORGE HATO,INTERMEDIADO - CORREIOS,CAMARA MUNICIPAL DE SÃO PAULO,50.176.288/0001-28,"13,65",08/2018
 GEORGE HATO,INTERMEDIADO - LOCAÇÃO DE VEÍCULOS,CAMARA MUNICIPAL DE SÃO PAULO,50.176.288/0001-28,"2.148,45",08/2018
 GEORGE HATO,LOCAÇÃO DE MOVEIS E EQUIPAMENTOS,ATTBRASIL TECNOLOGIA LOCAÇÃO E SOLUÇÕES EM INFORMATICA LTDA EPP,22.392.165/0001-99,"3.375,00",08/2018
 GEORGE HATO,MATERIAL DE ESCRITORIO E OUTROS MATERIAIS DE CONSUMO,CENTER PAPEIS COMERCIAL LTDA.,06.226.820/0001-82,"1.999,80",08/2018
 GEORGE HATO,MATERIAL DE ESCRITORIO E OUTROS MATERIAIS DE CONSUMO,TDA COMÉRCIO E DISTRIBUIÇÃO DE PAPEL LTDA.,18.833.840/0001-09,"556,20",08/2018
 GEORGE HATO,TELEFONE FIXO,TELEFONICA BRASIL S/A,02.558.157/0001-62,"476,33",08/2018
 GEORGE HATO,TELEFONE MOVEL,TELEFONICA BRASIL S/A,02.558.157/0001-62,"602,87",08/2018
 GEORGE HATO,COMBUSTIVEL,POSTO DE SERVIÇOS POPULAR LTDA.,61.327.938/0001-05,"1.564,43",09/2018
 GEORGE HATO,CONTRATAÇAO DE PESSOA JURIDICA,JOÃO CARLOS FERREIRA CHAVES 30393339840,12.874.430/0001-11,"2.000,00",09/2018
 GEORGE HATO,CONTRATAÇAO DE PESSOA JURIDICA,ATTBRASIL TECNOLOGIA LOCAÇÃO E SOLUÇÕES EM INFORMATICA LTDA EPP,22.392.165/0001-99,"855,00",09/2018
 GEORGE HATO,CONTRATAÇAO DE PESSOA JURIDICA,WORK LINE SYSTEM INFORMÁTICA LTDA,67.002.329/0001-62,"970,00",09/2018
 GEORGE HATO,INTERMEDIADO - CORREIOS,CAMARA MUNICIPAL DE SÃO PAULO,50.176.288/0001-28,"9,25",09/2018
 GEORGE HATO,INTERMEDIADO - LOCAÇÃO DE VEÍCULOS,CAMARA MUNICIPAL DE SÃO PAULO,50.176.288/0001-28,"2.148,45",09/2018
 GEORGE HATO,LOCAÇÃO DE MOVEIS E EQUIPAMENTOS,ATTBRASIL TECNOLOGIA LOCAÇÃO E SOLUÇÕES EM INFORMATICA LTDA EPP,22.392.165/0001-99,"3.375,00",09/2018
 GEORGE HATO,MATERIAL DE ESCRITORIO E OUTROS MATERIAIS DE CONSUMO,CENTER PAPEIS COMERCIAL LTDA.,06.226.820/0001-82,"47,90",09/2018
 GEORGE HATO,TELEFONE FIXO,TELEFONICA BRASIL S/A,02.558.157/0001-62,"300,01",09/2018
 GEORGE HATO,TELEFONE MOVEL,TELEFONICA BRASIL S/A,02.558.157/0001-62,"590,79",09/2018
 GEORGE HATO,COMBUSTIVEL,POSTO DE SERVIÇOS POPULAR LTDA.,61.327.938/0001-05,"2.129,68",10/2018
 GEORGE HATO,COMPOSIÇÃO/ARTE/DIAGRAMAÇÃO/PRODUÇÃO/IMPRESSAO GRAFICA,GRAFICA E EDITORA MIL FOLHAS LTDA.,04.208.046/0001-51,"7.500,50",10/2018
 GEORGE HATO,CONTRATAÇAO DE PESSOA JURIDICA,JOÃO CARLOS FERREIRA CHAVES 30393339840,12.874.430/0001-11,"1.250,00",10/2018
 GEORGE HATO,CONTRATAÇAO DE PESSOA JURIDICA,SPT SERVIÇOS EMPRESARIAIS LTDA EPP,14.419.909/0001-93,"3.036,00",10/2018
 GEORGE HATO,CONTRATAÇAO DE PESSOA JURIDICA,ATTBRASIL TECNOLOGIA LOCAÇÃO E SOLUÇÕES EM INFORMATICA LTDA EPP,22.392.165/0001-99,"855,00",10/2018
 GEORGE HATO,CONTRATAÇAO DE PESSOA JURIDICA,WORK LINE SYSTEM INFORMÁTICA LTDA,67.002.329/0001-62,"970,00",10/2018
 GEORGE HATO,ELABORAÇÃO/MANUTENÇAO DE SITE/HOSPEDAGEM,VALDIR DI MARIA MEDORI JUNIOR,22.139.023/0001-14,"1.500,00",10/2018
 GEORGE HATO,INTERMEDIADO - CORREIOS,CAMARA MUNICIPAL DE SÃO PAULO,50.176.288/0001-28,"19,25",10/2018
 GEORGE HATO,INTERMEDIADO - LOCAÇÃO DE VEÍCULOS,CAMARA MUNICIPAL DE SÃO PAULO,50.176.288/0001-28,"2.148,45",10/2018
 GEORGE HATO,LOCAÇÃO DE MOVEIS E EQUIPAMENTOS,ATTBRASIL TECNOLOGIA LOCAÇÃO E SOLUÇÕES EM INFORMATICA LTDA EPP,22.392.165/0001-99,"3.375,00",10/2018
 GEORGE HATO,MATERIAL DE ESCRITORIO E OUTROS MATERIAIS DE CONSUMO,MILTON DE ARAUJO GRAFICA E COPIADORA ME,13.038.410/0001-73,"45,00",10/2018
 GEORGE HATO,MATERIAL DE ESCRITORIO E OUTROS MATERIAIS DE CONSUMO,TDA COMÉRCIO E DISTRIBUIÇÃO DE PAPEL LTDA.,18.833.840/0001-09,"540,00",10/2018
 GEORGE HATO,MATERIAL DE ESCRITORIO E OUTROS MATERIAIS DE CONSUMO,CEPEL COM DE PAPEIS E EMB. EIRELI,47.023.981/0002-37,"571,87",10/2018
 GEORGE HATO,MATERIAL DE ESCRITORIO E OUTROS MATERIAIS DE CONSUMO,ESPACIAL SUPRIMENTOS DE ESCRITORIO E INFORMATICA LTDA.,53.700.159/0001-85,"688,90",10/2018
 GEORGE HATO,TELEFONE FIXO,TELEFONICA BRASIL S/A,02.558.157/0001-62,"536,95",10/2018
 GEORGE HATO,TELEFONE MOVEL,TELEFONICA BRASIL S/A,02.558.157/0001-62,"611,97",10/2018
 GEORGE HATO,COMBUSTIVEL,POSTO DE SERVIÇOS POPULAR LTDA.,61.327.938/0001-05,"1.901,62",11/2018
 GEORGE HATO,CONTRATAÇAO DE PESSOA JURIDICA,ATTBRASIL TECNOLOGIA LOCAÇÃO E SOLUÇÕES EM INFORMATICA LTDA EPP,22.392.165/0001-99,"855,00",11/2018
 GEORGE HATO,CONTRATAÇAO DE PESSOA JURIDICA,WORK LINE SYSTEM INFORMÁTICA LTDA,67.002.329/0001-62,"970,00",11/2018
 GEORGE HATO,ELABORAÇÃO/MANUTENÇAO DE SITE/HOSPEDAGEM,VALDIR DI MARIA MEDORI JUNIOR,22.139.023/0001-14,"1.500,00",11/2018
 GEORGE HATO,INTERMEDIADO - CORREIOS,CAMARA MUNICIPAL DE SÃO PAULO,50.176.288/0001-28,"31,55",11/2018
 GEORGE HATO,INTERMEDIADO - LOCAÇÃO DE VEÍCULOS,CAMARA MUNICIPAL DE SÃO PAULO,50.176.288/0001-28,"2.148,45",11/2018
 GEORGE HATO,LOCAÇÃO DE MOVEIS E EQUIPAMENTOS,ATTBRASIL TECNOLOGIA LOCAÇÃO E SOLUÇÕES EM INFORMATICA LTDA EPP,22.392.165/0001-99,"3.375,00",11/2018
 GEORGE HATO,MATERIAL DE ESCRITORIO E OUTROS MATERIAIS DE CONSUMO,CENTER PAPEIS COMERCIAL LTDA.,06.226.820/0001-82,"21,90",11/2018
 GEORGE HATO,MATERIAL DE ESCRITORIO E OUTROS MATERIAIS DE CONSUMO,CEPEL COM DE PAPEIS E EMB. EIRELI,47.023.981/0002-37,"776,57",11/2018
 GEORGE HATO,MATERIAL DE ESCRITORIO E OUTROS MATERIAIS DE CONSUMO,ESPACIAL SUPRIMENTOS DE ESCRITORIO E INFORMATICA LTDA.,53.700.159/0001-85,"1.216,73",11/2018
 GEORGE HATO,TELEFONE FIXO,TELEFONICA BRASIL S/A,02.558.157/0001-62,"492,30",11/2018
 GEORGE HATO,TELEFONE MOVEL,TELEFONICA BRASIL S/A,02.558.157/0001-62,"607,32",11/2018
 GEORGE HATO,COMBUSTIVEL,RRJF AUTO POSTO LTDA,26.201.572/0001-22,"1.247,73",12/2018
 GEORGE HATO,COMBUSTIVEL,POSTO DE SERVIÇOS POPULAR LTDA.,61.327.938/0001-05,"264,17",12/2018
 GEORGE HATO,COMPOSIÇÃO/ARTE/DIAGRAMAÇÃO/PRODUÇÃO/IMPRESSAO GRAFICA,GRAFICA E EDITORA MIL FOLHAS LTDA.,04.208.046/0001-51,"7.950,00",12/2018
 GEORGE HATO,CONTRATAÇAO DE PESSOA JURIDICA,ATTBRASIL TECNOLOGIA LOCAÇÃO E SOLUÇÕES EM INFORMATICA LTDA EPP,22.392.165/0001-99,"855,00",12/2018
 GEORGE HATO,CONTRATAÇAO DE PESSOA JURIDICA,WORK LINE SYSTEM INFORMÁTICA LTDA,67.002.329/0001-62,"970,00",12/2018
 GEORGE HATO,ELABORAÇÃO/MANUTENÇAO DE SITE/HOSPEDAGEM,VALDIR DI MARIA MEDORI JUNIOR,22.139.023/0001-14,"1.500,00",12/2018
 GEORGE HATO,INTERMEDIADO - CORREIOS,CAMARA MUNICIPAL DE SÃO PAULO,50.176.288/0001-28,"21.309,75",12/2018
 GEORGE HATO,INTERMEDIADO - LOCAÇÃO DE VEÍCULOS,CAMARA MUNICIPAL DE SÃO PAULO,50.176.288/0001-28,"2.148,45",12/2018
 GEORGE HATO,LOCAÇÃO DE MOVEIS E EQUIPAMENTOS,ATTBRASIL TECNOLOGIA LOCAÇÃO E SOLUÇÕES EM INFORMATICA LTDA EPP,22.392.165/0001-99,"3.375,00",12/2018
 GEORGE HATO,MATERIAL DE ESCRITORIO E OUTROS MATERIAIS DE CONSUMO,BERSA PROD GRAF EIRELI,10.418.324/0001-06,"6.472,13",12/2018
 GEORGE HATO,MATERIAL DE ESCRITORIO E OUTROS MATERIAIS DE CONSUMO,ESPACIAL SUPRIMENTOS DE ESCRITORIO E INFORMATICA LTDA.,53.700.159/0001-85,"1.527,87",12/2018
 GEORGE HATO,TELEFONE FIXO,TELEFONICA BRASIL S/A,02.558.157/0001-62,"492,57",12/2018
 GEORGE HATO,TELEFONE MOVEL,TELEFONICA BRASIL S/A,02.558.157/0001-62,"575,04",12/2018
 GEORGE HATO,COMBUSTIVEL,RRJF AUTO POSTO LTDA,26.201.572/0001-22,"1.508,17",01/2019
 GEORGE HATO,CONTRATAÇAO DE PESSOA JURIDICA,ATTBRASIL TECNOLOGIA LOCAÇÃO E SOLUÇÕES EM INFORMATICA LTDA EPP,22.392.165/0001-99,"855,00",01/2019
 GEORGE HATO,CONTRATAÇAO DE PESSOA JURIDICA,WORK LINE SYSTEM INFORMÁTICA LTDA,67.002.329/0001-62,"980,00",01/2019
 GEORGE HATO,ELABORAÇÃO/MANUTENÇAO DE SITE/HOSPEDAGEM,VALDIR DI MARIA MEDORI JUNIOR,22.139.023/0001-14,"2.500,00",01/2019
 GEORGE HATO,INTERMEDIADO - CORREIOS,CAMARA MUNICIPAL DE SÃO PAULO,50.176.288/0001-28,"23,40",01/2019
 GEORGE HATO,INTERMEDIADO - LOCAÇÃO DE VEÍCULOS,CAMARA MUNICIPAL DE SÃO PAULO,50.176.288/0001-28,"2.199,17",01/2019
 GEORGE HATO,LOCAÇÃO DE MOVEIS E EQUIPAMENTOS,ATTBRASIL TECNOLOGIA LOCAÇÃO E SOLUÇÕES EM INFORMATICA LTDA EPP,22.392.165/0001-99,"3.375,00",01/2019
 GEORGE HATO,MATERIAL DE ESCRITORIO E OUTROS MATERIAIS DE CONSUMO,TDA COMÉRCIO E DISTRIBUIÇÃO DE PAPEL LTDA.,18.833.840/0001-09,"925,00",01/2019
 GEORGE HATO,TELEFONE MOVEL,TELEFONICA BRASIL S/A,02.558.157/0001-62,"593,60",01/2019
 GEORGE HATO,COMBUSTIVEL,RRJF AUTO POSTO LTDA,26.201.572/0001-22,"1.477,57",02/2019
 GEORGE HATO,CONTRATAÇAO DE PESSOA JURIDICA,ATTBRASIL TECNOLOGIA LOCAÇÃO E SOLUÇÕES EM INFORMATICA LTDA EPP,22.392.165/0001-99,"855,00",02/2019
 GEORGE HATO,CONTRATAÇAO DE PESSOA JURIDICA,WORK LINE SYSTEM INFORMÁTICA LTDA,67.002.329/0001-62,"980,00",02/2019
 GEORGE HATO,ELABORAÇÃO/MANUTENÇAO DE SITE/HOSPEDAGEM,VALDIR DI MARIA MEDORI JUNIOR,22.139.023/0001-14,"2.500,00",02/2019
 GEORGE HATO,INTERMEDIADO - CORREIOS,CAMARA MUNICIPAL DE SÃO PAULO,50.176.288/0001-28,"39,00",02/2019
 GEORGE HATO,INTERMEDIADO - LOCAÇÃO DE VEÍCULOS,CAMARA MUNICIPAL DE SÃO PAULO,50.176.288/0001-28,"2.214,62",02/2019
 GEORGE HATO,LOCAÇÃO DE MOVEIS E EQUIPAMENTOS,ATTBRASIL TECNOLOGIA LOCAÇÃO E SOLUÇÕES EM INFORMATICA LTDA EPP,22.392.165/0001-99,"3.375,00",02/2019
 GEORGE HATO,MATERIAL DE ESCRITORIO E OUTROS MATERIAIS DE CONSUMO,MILTON DE ARAUJO GRAFICA E COPIADORA ME,13.038.410/0001-73,"50,00",02/2019
 GEORGE HATO,MATERIAL DE ESCRITORIO E OUTROS MATERIAIS DE CONSUMO,CEPEL COM DE PAPEIS E EMB. EIRELI,47.023.981/0002-37,"458,21",02/2019
 GEORGE HATO,TELEFONE FIXO,TELEFONICA BRASIL S/A,02.558.157/0001-62,"315,95",02/2019
 GEORGE HATO,TELEFONE MOVEL,TELEFONICA BRASIL S/A,02.558.157/0001-62,"946,50",02/2019
 GEORGE HATO,COMBUSTIVEL,RRJF AUTO POSTO LTDA,26.201.572/0001-22,"2.268,18",03/2019
 GEORGE HATO,COMPOSIÇÃO/ARTE/DIAGRAMAÇÃO/PRODUÇÃO/IMPRESSAO GRAFICA,FAST PRINTING SHOP ARTES GRAFICAS EIRELI EPP,21.407.397/0001-00,"7.000,00",03/2019
 GEORGE HATO,CONTRATAÇAO DE PESSOA JURIDICA,ATTBRASIL TECNOLOGIA LOCAÇÃO E SOLUÇÕES EM INFORMATICA LTDA EPP,22.392.165/0001-99,"855,00",03/2019
 GEORGE HATO,CONTRATAÇAO DE PESSOA JURIDICA,WORK LINE SYSTEM INFORMÁTICA LTDA,67.002.329/0001-62,"980,00",03/2019
 GEORGE HATO,ELABORAÇÃO/MANUTENÇAO DE SITE/HOSPEDAGEM,VALDIR DI MARIA MEDORI JUNIOR,22.139.023/0001-14,"2.500,00",03/2019
 GEORGE HATO,INTERMEDIADO - CORREIOS,CAMARA MUNICIPAL DE SÃO PAULO,50.176.288/0001-28,"76,60",03/2019
 GEORGE HATO,INTERMEDIADO - LOCAÇÃO DE VEÍCULOS,CAMARA MUNICIPAL DE SÃO PAULO,50.176.288/0001-28,"2.214,62",03/2019
 GEORGE HATO,LOCAÇÃO DE MOVEIS E EQUIPAMENTOS,ATTBRASIL TECNOLOGIA LOCAÇÃO E SOLUÇÕES EM INFORMATICA LTDA EPP,22.392.165/0001-99,"3.375,00",03/2019
 GEORGE HATO,MATERIAL DE ESCRITORIO E OUTROS MATERIAIS DE CONSUMO,CENTER PAPEIS COMERCIAL LTDA.,06.226.820/0001-82,"499,95",03/2019
 GEORGE HATO,MATERIAL DE ESCRITORIO E OUTROS MATERIAIS DE CONSUMO,MILTON DE ARAUJO GRAFICA E COPIADORA ME,13.038.410/0001-73,"25,00",03/2019
 GEORGE HATO,TELEFONE FIXO,TELEFONICA BRASIL S/A,02.558.157/0001-62,"464,36",03/2019
 GEORGE HATO,TELEFONE MOVEL,TELEFONICA BRASIL S/A,02.558.157/0001-62,"636,90",03/2019
 GEORGE HATO,COMBUSTIVEL,AUTO POSTO BARI LTDA.,13.654.577/0001-69,"843,79",04/2019
 GEORGE HATO,COMBUSTIVEL,RRJF AUTO POSTO LTDA,26.201.572/0001-22,"578,96",04/2019
 GEORGE HATO,CONTRATAÇAO DE PESSOA JURIDICA,ATTBRASIL TECNOLOGIA LOCAÇÃO E SOLUÇÕES EM INFORMATICA LTDA EPP,22.392.165/0001-99,"855,00",04/2019
 GEORGE HATO,CONTRATAÇAO DE PESSOA JURIDICA,WORK LINE SYSTEM INFORMÁTICA LTDA,67.002.329/0001-62,"980,00",04/2019
 GEORGE HATO,ELABORAÇÃO/MANUTENÇAO DE SITE/HOSPEDAGEM,LOCAWEB SERVIÇOS DE INTERNET S.A.,02.351.877/0001-52,"110,23",04/2019
 GEORGE HATO,ELABORAÇÃO/MANUTENÇAO DE SITE/HOSPEDAGEM,VALDIR DI MARIA MEDORI JUNIOR,22.139.023/0001-14,"2.500,00",04/2019
 GEORGE HATO,INTERMEDIADO - CORREIOS,CAMARA MUNICIPAL DE SÃO PAULO,50.176.288/0001-28,"154,80",04/2019
 GEORGE HATO,INTERMEDIADO - LOCAÇÃO DE VEÍCULOS,CAMARA MUNICIPAL DE SÃO PAULO,50.176.288/0001-28,"2.214,62",04/2019
 GEORGE HATO,LOCAÇÃO DE MOVEIS E EQUIPAMENTOS,ATTBRASIL TECNOLOGIA LOCAÇÃO E SOLUÇÕES EM INFORMATICA LTDA EPP,22.392.165/0001-99,"3.375,00",04/2019
 GEORGE HATO,MATERIAL DE ESCRITORIO E OUTROS MATERIAIS DE CONSUMO,CENTER PAPEIS COMERCIAL LTDA.,06.226.820/0001-82,"519,40",04/2019
 GEORGE HATO,MATERIAL DE ESCRITORIO E OUTROS MATERIAIS DE CONSUMO,ESPACIAL SUPRIMENTOS DE ESCRITORIO E INFORMATICA LTDA.,53.700.159/0001-85,"1.263,62",04/2019
 GEORGE HATO,TELEFONE FIXO,TELEFONICA BRASIL S/A,02.558.157/0001-62,"326,04",04/2019
 GEORGE HATO,TELEFONE MOVEL,TELEFONICA BRASIL S/A,02.558.157/0001-62,"582,72",04/2019
 GEORGE HATO,COMBUSTIVEL,AUTO POSTO BARI LTDA.,13.654.577/0001-69,"1.035,10",05/2019
 GEORGE HATO,COMBUSTIVEL,RRJF AUTO POSTO LTDA,26.201.572/0001-22,"146,07",05/2019
 GEORGE HATO,CONTRATAÇAO DE PESSOA JURIDICA,ATTBRASIL TECNOLOGIA LOCAÇÃO E SOLUÇÕES EM INFORMATICA LTDA EPP,22.392.165/0001-99,"855,00",05/2019
 GEORGE HATO,CONTRATAÇAO DE PESSOA JURIDICA,WORK LINE SYSTEM INFORMÁTICA LTDA,67.002.329/0001-62,"2.176,00",05/2019
 GEORGE HATO,ELABORAÇÃO/MANUTENÇAO DE SITE/HOSPEDAGEM,LOCAWEB SERVIÇOS DE INTERNET S.A.,02.351.877/0001-52,"232,80",05/2019
 GEORGE HATO,ELABORAÇÃO/MANUTENÇAO DE SITE/HOSPEDAGEM,T. FERNANDES DE MORAIS LIMA-ME,19.083.110/0001-92,"2.980,00",05/2019
 GEORGE HATO,ELABORAÇÃO/MANUTENÇAO DE SITE/HOSPEDAGEM,VALDIR DI MARIA MEDORI JUNIOR,22.139.023/0001-14,"2.500,00",05/2019
 GEORGE HATO,INTERMEDIADO - CORREIOS,CAMARA MUNICIPAL DE SÃO PAULO,50.176.288/0001-28,"224,18",05/2019
 GEORGE HATO,INTERMEDIADO - LOCAÇÃO DE VEÍCULOS,CAMARA MUNICIPAL DE SÃO PAULO,50.176.288/0001-28,"2.214,62",05/2019
 GEORGE HATO,LOCAÇÃO DE MOVEIS E EQUIPAMENTOS,ATTBRASIL TECNOLOGIA LOCAÇÃO E SOLUÇÕES EM INFORMATICA LTDA EPP,22.392.165/0001-99,"3.375,00",05/2019
 GEORGE HATO,MATERIAL DE ESCRITORIO E OUTROS MATERIAIS DE CONSUMO,CENTER PAPEIS COMERCIAL LTDA.,06.226.820/0001-82,"538,75",05/2019
 GEORGE HATO,MATERIAL DE ESCRITORIO E OUTROS MATERIAIS DE CONSUMO,CEPEL COM DE PAPEIS E EMB. EIRELI,47.023.981/0002-37,"547,38",05/2019
 GEORGE HATO,TELEFONE FIXO,TELEFONICA BRASIL S/A,02.558.157/0001-62,"228,88",05/2019
 GEORGE HATO,TELEFONE MOVEL,TELEFONICA BRASIL S/A,02.558.157/0001-62,"585,38",05/2019
 GEORGE HATO,ASSINATURA DE JORNAIS E REVISTAS,EDITORA JORNALISTICA UNIAO NIKKEI LTDA,02.403.960/0001-28,"170,00",06/2019
 GEORGE HATO,ASSINATURA DE JORNAIS E REVISTAS,EMPRESA FOLHA DA MANHÃ S.A.,60.579.703/0031-63,"1.239,90",06/2019
 GEORGE HATO,COMBUSTIVEL,AUTO POSTO BARI LTDA.,13.654.577/0001-69,"1.337,04",06/2019
 GEORGE HATO,COMBUSTIVEL,RRJF AUTO POSTO LTDA,26.201.572/0001-22,"334,46",06/2019
 GEORGE HATO,COMPOSIÇÃO/ARTE/DIAGRAMAÇÃO/PRODUÇÃO/IMPRESSAO GRAFICA,FAST PRINTING SHOP ARTES GRAFICAS EIRELI EPP,21.407.397/0001-00,"8.100,00",06/2019
 GEORGE HATO,CONTRATAÇAO DE PESSOA JURIDICA,ATTBRASIL TECNOLOGIA LOCAÇÃO E SOLUÇÕES EM INFORMATICA LTDA EPP,22.392.165/0001-99,"855,00",06/2019
 GEORGE HATO,CONTRATAÇAO DE PESSOA JURIDICA,WORK LINE SYSTEM INFORMÁTICA LTDA,67.002.329/0001-62,"980,00",06/2019
 GEORGE HATO,ELABORAÇÃO/MANUTENÇAO DE SITE/HOSPEDAGEM,LOCAWEB SERVIÇOS DE INTERNET S.A.,02.351.877/0001-52,"351,47",06/2019
 GEORGE HATO,ELABORAÇÃO/MANUTENÇAO DE SITE/HOSPEDAGEM,VALDIR DI MARIA MEDORI JUNIOR,22.139.023/0001-14,"2.500,00",06/2019
 GEORGE HATO,INTERMEDIADO - CORREIOS,CAMARA MUNICIPAL DE SÃO PAULO,50.176.288/0001-28,"111,55",06/2019
 GEORGE HATO,INTERMEDIADO - LOCAÇÃO DE VEÍCULOS,CAMARA MUNICIPAL DE SÃO PAULO,50.176.288/0001-28,"2.214,62",06/2019
 GEORGE HATO,LOCAÇÃO DE MOVEIS E EQUIPAMENTOS,ATTBRASIL TECNOLOGIA LOCAÇÃO E SOLUÇÕES EM INFORMATICA LTDA EPP,22.392.165/0001-99,"3.375,00",06/2019
 GEORGE HATO,MATERIAL DE ESCRITORIO E OUTROS MATERIAIS DE CONSUMO,CENTER PAPEIS COMERCIAL LTDA.,06.226.820/0001-82,"15,00",06/2019
 GEORGE HATO,MATERIAL DE ESCRITORIO E OUTROS MATERIAIS DE CONSUMO,DENYLSON AGRELLA GRANDE 10512260826,28.668.402/0001-88,"1.075,75",06/2019
 GEORGE HATO,TELEFONE FIXO,TELEFONICA BRASIL S/A,02.558.157/0001-62,"183,81",06/2019
 GEORGE HATO,TELEFONE MOVEL,TELEFONICA BRASIL S/A,02.558.157/0001-62,"581,52",06/2019
 GEORGE HATO,COMBUSTIVEL,AUTO POSTO BARI LTDA.,13.654.577/0001-69,"1.799,05",07/2019
 GEORGE HATO,COMBUSTIVEL,RRJF AUTO POSTO LTDA,26.201.572/0001-22,"128,32",07/2019
 GEORGE HATO,CONTRATAÇAO DE PESSOA JURIDICA,FACEBOOK SERVICOS ON LINE DO BRASIL LTDA,13.347.016/0001-17,"669,81",07/2019
 GEORGE HATO,CONTRATAÇAO DE PESSOA JURIDICA,SPT SERVIÇOS EMPRESARIAIS LTDA EPP,14.419.909/0001-93,"3.956,00",07/2019
 GEORGE HATO,CONTRATAÇAO DE PESSOA JURIDICA,T. FERNANDES DE MORAIS LIMA-ME,19.083.110/0001-92,"4.048,48",07/2019
 GEORGE HATO,CONTRATAÇAO DE PESSOA JURIDICA,ATTBRASIL TECNOLOGIA LOCAÇÃO E SOLUÇÕES EM INFORMATICA LTDA EPP,22.392.165/0001-99,"855,00",07/2019
 GEORGE HATO,CONTRATAÇAO DE PESSOA JURIDICA,WORK LINE SYSTEM INFORMÁTICA LTDA,67.002.329/0001-62,"980,00",07/2019
 GEORGE HATO,ELABORAÇÃO/MANUTENÇAO DE SITE/HOSPEDAGEM,LOCAWEB SERVIÇOS DE INTERNET S.A.,02.351.877/0001-52,"232,80",07/2019
 GEORGE HATO,ELABORAÇÃO/MANUTENÇAO DE SITE/HOSPEDAGEM,VALDIR DI MARIA MEDORI JUNIOR,22.139.023/0001-14,"2.500,00",07/2019
 GEORGE HATO,INTERMEDIADO - CORREIOS,CAMARA MUNICIPAL DE SÃO PAULO,50.176.288/0001-28,"91,85",07/2019
 GEORGE HATO,INTERMEDIADO - LOCAÇÃO DE VEÍCULOS,CAMARA MUNICIPAL DE SÃO PAULO,50.176.288/0001-28,"2.214,62",07/2019
 GEORGE HATO,LOCAÇÃO DE MOVEIS E EQUIPAMENTOS,ATTBRASIL TECNOLOGIA LOCAÇÃO E SOLUÇÕES EM INFORMATICA LTDA EPP,22.392.165/0001-99,"3.375,00",07/2019
 GEORGE HATO,TELEFONE FIXO,TELEFONICA BRASIL S/A,02.558.157/0001-62,"223,47",07/2019
 GEORGE HATO,TELEFONE MOVEL,TELEFONICA BRASIL S/A,02.558.157/0001-62,"579,98",07/2019
 GEORGE HATO,COMBUSTIVEL,AUTO POSTO BARI LTDA.,13.654.577/0001-69,"1.198,75",08/2019
 GEORGE HATO,COMBUSTIVEL,RRJF AUTO POSTO LTDA,26.201.572/0001-22,"468,33",08/2019
 GEORGE HATO,CONTRATAÇAO DE PESSOA JURIDICA,FACEBOOK SERVICOS ON LINE DO BRASIL LTDA,13.347.016/0001-17,"991,19",08/2019
 GEORGE HATO,CONTRATAÇAO DE PESSOA JURIDICA,T. FERNANDES DE MORAIS LIMA-ME,19.083.110/0001-92,"4.048,48",08/2019
 GEORGE HATO,CONTRATAÇAO DE PESSOA JURIDICA,ATTBRASIL TECNOLOGIA LOCAÇÃO E SOLUÇÕES EM INFORMATICA LTDA EPP,22.392.165/0001-99,"855,00",08/2019
 GEORGE HATO,CONTRATAÇAO DE PESSOA JURIDICA,WORK LINE SYSTEM INFORMÁTICA LTDA,67.002.329/0001-62,"980,00",08/2019
 GEORGE HATO,ELABORAÇÃO/MANUTENÇAO DE SITE/HOSPEDAGEM,LOCAWEB SERVIÇOS DE INTERNET S.A.,02.351.877/0001-52,"232,80",08/2019
 GEORGE HATO,ELABORAÇÃO/MANUTENÇAO DE SITE/HOSPEDAGEM,VALDIR DI MARIA MEDORI JUNIOR,22.139.023/0001-14,"3.600,00",08/2019
 GEORGE HATO,INTERMEDIADO - CORREIOS,CAMARA MUNICIPAL DE SÃO PAULO,50.176.288/0001-28,"37,05",08/2019
 GEORGE HATO,INTERMEDIADO - LOCAÇÃO DE VEÍCULOS,CAMARA MUNICIPAL DE SÃO PAULO,50.176.288/0001-28,"2.214,62",08/2019
 GEORGE HATO,LOCAÇÃO DE MOVEIS E EQUIPAMENTOS,ATTBRASIL TECNOLOGIA LOCAÇÃO E SOLUÇÕES EM INFORMATICA LTDA EPP,22.392.165/0001-99,"3.375,00",08/2019
 GEORGE HATO,MATERIAL DE ESCRITORIO E OUTROS MATERIAIS DE CONSUMO,CEPEL COM DE PAPEIS E EMB. EIRELI,47.023.981/0002-37,"638,18",08/2019
 GEORGE HATO,TELEFONE FIXO,TELEFONICA BRASIL S/A,02.558.157/0001-62,"236,77",08/2019
 GEORGE HATO,TELEFONE MOVEL,TELEFONICA BRASIL S/A,02.558.157/0001-62,"607,12",08/2019
 GEORGE HATO,COMBUSTIVEL,AUTO POSTO BARI LTDA.,13.654.577/0001-69,"563,77",09/2019
 GEORGE HATO,COMBUSTIVEL,RRJF AUTO POSTO LTDA,26.201.572/0001-22,"584,52",09/2019
 GEORGE HATO,COMPOSIÇÃO/ARTE/DIAGRAMAÇÃO/PRODUÇÃO/IMPRESSAO GRAFICA,FAST PRINTING SHOP ARTES GRAFICAS EIRELI EPP,21.407.397/0001-00,"7.500,00",09/2019
 GEORGE HATO,CONTRATAÇAO DE PESSOA JURIDICA,T. FERNANDES DE MORAIS LIMA-ME,19.083.110/0001-92,"4.048,48",09/2019
 GEORGE HATO,CONTRATAÇAO DE PESSOA JURIDICA,ATTBRASIL TECNOLOGIA LOCAÇÃO E SOLUÇÕES EM INFORMATICA LTDA EPP,22.392.165/0001-99,"855,00",09/2019
 GEORGE HATO,CONTRATAÇAO DE PESSOA JURIDICA,WORK LINE SYSTEM INFORMÁTICA LTDA,67.002.329/0001-62,"980,00",09/2019
 GEORGE HATO,ELABORAÇÃO/MANUTENÇAO DE SITE/HOSPEDAGEM,LOCAWEB SERVIÇOS DE INTERNET S.A.,02.351.877/0001-52,"351,47",09/2019
 GEORGE HATO,ELABORAÇÃO/MANUTENÇAO DE SITE/HOSPEDAGEM,VALDIR DI MARIA MEDORI JUNIOR,22.139.023/0001-14,"3.600,00",09/2019
 GEORGE HATO,INTERMEDIADO - CORREIOS,CAMARA MUNICIPAL DE SÃO PAULO,50.176.288/0001-28,"151,85",09/2019
 GEORGE HATO,INTERMEDIADO - LOCAÇÃO DE VEÍCULOS,CAMARA MUNICIPAL DE SÃO PAULO,50.176.288/0001-28,"2.214,62",09/2019
 GEORGE HATO,LOCAÇÃO DE MOVEIS E EQUIPAMENTOS,ATTBRASIL TECNOLOGIA LOCAÇÃO E SOLUÇÕES EM INFORMATICA LTDA EPP,22.392.165/0001-99,"3.375,00",09/2019
 GEORGE HATO,MATERIAL DE ESCRITORIO E OUTROS MATERIAIS DE CONSUMO,CENTER PAPEIS COMERCIAL LTDA.,06.226.820/0001-82,"999,90",09/2019
 GEORGE HATO,MATERIAL DE ESCRITORIO E OUTROS MATERIAIS DE CONSUMO,MILTON DE ARAUJO GRAFICA E COPIADORA ME,13.038.410/0001-73,"25,00",09/2019
 GEORGE HATO,MATERIAL DE ESCRITORIO E OUTROS MATERIAIS DE CONSUMO,CEPEL COM DE PAPEIS E EMB. EIRELI,47.023.981/0002-37,"915,20",09/2019
 GEORGE HATO,MATERIAL DE ESCRITORIO E OUTROS MATERIAIS DE CONSUMO,ESPACIAL SUPRIMENTOS DE ESCRITORIO E INFORMATICA LTDA.,53.700.159/0001-85,"2.722,29",09/2019
 GEORGE HATO,PROVEDOR DE INTERNET,TELEFONICA BRASIL S/A,02.558.157/0001-62,"92,55",09/2019
 GEORGE HATO,TELEFONE FIXO,TELEFONICA BRASIL S/A,02.558.157/0001-62,"306,25",09/2019
 GEORGE HATO,TELEFONE MOVEL,TELEFONICA BRASIL S/A,02.558.157/0001-62,"609,98",09/2019
 GEORGE HATO,COMBUSTIVEL,AUTO POSTO BARI LTDA.,13.654.577/0001-69,"179,77",10/2019
 GEORGE HATO,COMBUSTIVEL,POSTO DE SERVIÇOS POPULAR LTDA.,61.327.938/0001-05,"1.521,83",10/2019
 GEORGE HATO,CONTRATAÇAO DE PESSOA JURIDICA,T. FERNANDES DE MORAIS LIMA-ME,19.083.110/0001-92,"2.024,29",10/2019
 GEORGE HATO,CONTRATAÇAO DE PESSOA JURIDICA,ATTBRASIL TECNOLOGIA LOCAÇÃO E SOLUÇÕES EM INFORMATICA LTDA EPP,22.392.165/0001-99,"855,00",10/2019
 GEORGE HATO,CONTRATAÇAO DE PESSOA JURIDICA,WORK LINE SYSTEM INFORMÁTICA LTDA,67.002.329/0001-62,"980,00",10/2019
 GEORGE HATO,ELABORAÇÃO/MANUTENÇAO DE SITE/HOSPEDAGEM,LOCAWEB SERVIÇOS DE INTERNET S.A.,02.351.877/0001-52,"232,80",10/2019
 GEORGE HATO,ELABORAÇÃO/MANUTENÇAO DE SITE/HOSPEDAGEM,VALDIR DI MARIA MEDORI JUNIOR,22.139.023/0001-14,"5.000,00",10/2019
 GEORGE HATO,INTERMEDIADO - CORREIOS,CAMARA MUNICIPAL DE SÃO PAULO,50.176.288/0001-28,"95,70",10/2019
 GEORGE HATO,INTERMEDIADO - LOCAÇÃO DE VEÍCULOS,CAMARA MUNICIPAL DE SÃO PAULO,50.176.288/0001-28,"2.214,62",10/2019
 GEORGE HATO,LOCAÇÃO DE MOVEIS E EQUIPAMENTOS,ATTBRASIL TECNOLOGIA LOCAÇÃO E SOLUÇÕES EM INFORMATICA LTDA EPP,22.392.165/0001-99,"3.375,00",10/2019
 GEORGE HATO,MATERIAL DE ESCRITORIO E OUTROS MATERIAIS DE CONSUMO,CENTER PAPEIS COMERCIAL LTDA.,06.226.820/0001-82,"999,90",10/2019
 GEORGE HATO,PROVEDOR DE INTERNET,TELEFONICA BRASIL S/A,02.558.157/0001-62,"161,55",10/2019
 GEORGE HATO,TELEFONE FIXO,TELEFONICA BRASIL S/A,02.558.157/0001-62,"234,99",10/2019
 GEORGE HATO,TELEFONE MOVEL,TELEFONICA BRASIL S/A,02.558.157/0001-62,"614,39",10/2019
 GEORGE HATO,COMBUSTIVEL,POSTO DE SERVIÇOS POPULAR LTDA.,61.327.938/0001-05,"1.841,83",11/2019
 GEORGE HATO,COMPOSIÇÃO/ARTE/DIAGRAMAÇÃO/PRODUÇÃO/IMPRESSAO GRAFICA,FAST PRINTING SHOP ARTES GRAFICAS EIRELI EPP,21.407.397/0001-00,"7.000,00",11/2019
 GEORGE HATO,CONTRATAÇAO DE PESSOA JURIDICA,ATTBRASIL TECNOLOGIA LOCAÇÃO E SOLUÇÕES EM INFORMATICA LTDA EPP,22.392.165/0001-99,"855,00",11/2019
 GEORGE HATO,CONTRATAÇAO DE PESSOA JURIDICA,WORK LINE SYSTEM INFORMÁTICA LTDA,67.002.329/0001-62,"980,00",11/2019
 GEORGE HATO,ELABORAÇÃO/MANUTENÇAO DE SITE/HOSPEDAGEM,LOCAWEB SERVIÇOS DE INTERNET S.A.,02.351.877/0001-52,"232,80",11/2019
 GEORGE HATO,ELABORAÇÃO/MANUTENÇAO DE SITE/HOSPEDAGEM,VALDIR DI MARIA MEDORI JUNIOR,22.139.023/0001-14,"3.600,00",11/2019
 GEORGE HATO,INTERMEDIADO - CORREIOS,CAMARA MUNICIPAL DE SÃO PAULO,50.176.288/0001-28,"87,15",11/2019
 GEORGE HATO,INTERMEDIADO - LOCAÇÃO DE VEÍCULOS,CAMARA MUNICIPAL DE SÃO PAULO,50.176.288/0001-28,"2.214,62",11/2019
 GEORGE HATO,LOCAÇÃO DE MOVEIS E EQUIPAMENTOS,ATTBRASIL TECNOLOGIA LOCAÇÃO E SOLUÇÕES EM INFORMATICA LTDA EPP,22.392.165/0001-99,"3.375,00",11/2019
 GEORGE HATO,MATERIAL DE ESCRITORIO E OUTROS MATERIAIS DE CONSUMO,CENTER PAPEIS COMERCIAL LTDA.,06.226.820/0001-82,"1.499,85",11/2019
 GEORGE HATO,MATERIAL DE ESCRITORIO E OUTROS MATERIAIS DE CONSUMO,CEPEL COM DE PAPEIS E EMB. EIRELI,47.023.981/0002-37,"1.023,71",11/2019
 GEORGE HATO,MATERIAL DE ESCRITORIO E OUTROS MATERIAIS DE CONSUMO,ESPACIAL SUPRIMENTOS DE ESCRITORIO E INFORMATICA LTDA.,53.700.159/0001-85,"2.275,00",11/2019
 GEORGE HATO,PROVEDOR DE INTERNET,TELEFONICA BRASIL S/A,02.558.157/0001-62,"288,09",11/2019
 GEORGE HATO,TELEFONE FIXO,TELEFONICA BRASIL S/A,02.558.157/0001-62,"181,91",11/2019
 GEORGE HATO,TELEFONE MOVEL,TELEFONICA BRASIL S/A,02.558.157/0001-62,"618,94",11/2019
 GEORGE HATO,COMBUSTIVEL,POSTO DE SERVIÇOS POPULAR LTDA.,61.327.938/0001-05,"1.875,67",12/2019
 GEORGE HATO,CONTRATAÇAO DE PESSOA JURIDICA,ATTBRASIL TECNOLOGIA LOCAÇÃO E SOLUÇÕES EM INFORMATICA LTDA EPP,22.392.165/0001-99,"855,00",12/2019
 GEORGE HATO,CONTRATAÇAO DE PESSOA JURIDICA,JOSÉ FERNANDO S. MONTEIRO ME,27.289.351/0001-10,"8.000,00",12/2019
 GEORGE HATO,CONTRATAÇAO DE PESSOA JURIDICA,WORK LINE SYSTEM INFORMÁTICA LTDA,67.002.329/0001-62,"5.212,00",12/2019
 GEORGE HATO,ELABORAÇÃO/MANUTENÇAO DE SITE/HOSPEDAGEM,VALDIR DI MARIA MEDORI JUNIOR,22.139.023/0001-14,"3.600,00",12/2019
 GEORGE HATO,INTERMEDIADO - CORREIOS,CAMARA MUNICIPAL DE SÃO PAULO,50.176.288/0001-28,"39.816,02",12/2019
 GEORGE HATO,INTERMEDIADO - LOCAÇÃO DE VEÍCULOS,CAMARA MUNICIPAL DE SÃO PAULO,50.176.288/0001-28,"2.214,62",12/2019
 GEORGE HATO,LOCAÇÃO DE MOVEIS E EQUIPAMENTOS,ATTBRASIL TECNOLOGIA LOCAÇÃO E SOLUÇÕES EM INFORMATICA LTDA EPP,22.392.165/0001-99,"3.375,00",12/2019
 GEORGE HATO,MATERIAL DE ESCRITORIO E OUTROS MATERIAIS DE CONSUMO,CENTER PAPEIS COMERCIAL LTDA.,06.226.820/0001-82,"25,95",12/2019
 GEORGE HATO,MATERIAL DE ESCRITORIO E OUTROS MATERIAIS DE CONSUMO,MILTON DE ARAUJO GRAFICA E COPIADORA ME,13.038.410/0001-73,"30,00",12/2019
 GEORGE HATO,MATERIAL DE ESCRITORIO E OUTROS MATERIAIS DE CONSUMO,ESPACIAL SUPRIMENTOS DE ESCRITORIO E INFORMATICA LTDA.,53.700.159/0001-85,"3.598,45",12/2019
 GEORGE HATO,PROVEDOR DE INTERNET,TELEFONICA BRASIL S/A,02.558.157/0001-62,"288,09",12/2019
 GEORGE HATO,TELEFONE FIXO,TELEFONICA BRASIL S/A,02.558.157/0001-62,"231,12",12/2019
 GEORGE HATO,TELEFONE MOVEL,TELEFONICA BRASIL S/A,02.558.157/0001-62,"612,72",12/2019
 GEORGE HATO,COMBUSTIVEL,POSTO DE SERVIÇOS POPULAR LTDA.,61.327.938/0001-05,"1.495,17",01/2020
 GEORGE HATO,CONTRATAÇAO DE PESSOA JURIDICA,ATTBRASIL TECNOLOGIA LOCAÇÃO E SOLUÇÕES EM INFORMATICA LTDA EPP,22.392.165/0001-99,"855,00",01/2020
 GEORGE HATO,CONTRATAÇAO DE PESSOA JURIDICA,WORK LINE SYSTEM INFORMÁTICA LTDA,67.002.329/0001-62,"1.040,00",01/2020
 GEORGE HATO,ELABORAÇÃO/MANUTENÇAO DE SITE/HOSPEDAGEM,LOCAWEB SERVIÇOS DE INTERNET S.A.,02.351.877/0001-52,"584,27",01/2020
 GEORGE HATO,ELABORAÇÃO/MANUTENÇAO DE SITE/HOSPEDAGEM,VALDIR DI MARIA MEDORI JUNIOR,22.139.023/0001-14,"3.600,00",01/2020
 GEORGE HATO,INTERMEDIADO - CORREIOS,CAMARA MUNICIPAL DE SÃO PAULO,50.176.288/0001-28,"636,00",01/2020
 GEORGE HATO,INTERMEDIADO - LOCAÇÃO DE VEÍCULOS,CAMARA MUNICIPAL DE SÃO PAULO,50.176.288/0001-28,"2.249,41",01/2020
 GEORGE HATO,LOCAÇÃO DE MOVEIS E EQUIPAMENTOS,ATTBRASIL TECNOLOGIA LOCAÇÃO E SOLUÇÕES EM INFORMATICA LTDA EPP,22.392.165/0001-99,"3.375,00",01/2020
 GEORGE HATO,MATERIAL DE ESCRITORIO E OUTROS MATERIAIS DE CONSUMO,CEPEL COM DE PAPEIS E EMB. EIRELI,47.023.981/0002-37,"898,90",01/2020
 GEORGE HATO,PROVEDOR DE INTERNET,TELEFONICA BRASIL S/A,02.558.157/0001-62,"124,99",01/2020
 GEORGE HATO,TELEFONE FIXO,TELEFONICA BRASIL S/A,02.558.157/0001-62,"410,33",01/2020
 GEORGE HATO,TELEFONE MOVEL,TELEFONICA BRASIL S/A,02.558.157/0001-62,"610,54",01/2020
 GEORGE HATO,COMBUSTIVEL,POSTO DE SERVIÇOS POPULAR LTDA.,61.327.938/0001-05,"890,96",02/2020
 GEORGE HATO,COMPOSIÇÃO/ARTE/DIAGRAMAÇÃO/PRODUÇÃO/IMPRESSAO GRAFICA,FAST PRINTING SHOP ARTES GRAFICAS EIRELI EPP,21.407.397/0001-00,"7.000,00",02/2020
 GEORGE HATO,CONTRATAÇAO DE PESSOA JURIDICA,ATTBRASIL TECNOLOGIA LOCAÇÃO E SOLUÇÕES EM INFORMATICA LTDA EPP,22.392.165/0001-99,"855,00",02/2020
 GEORGE HATO,CONTRATAÇAO DE PESSOA JURIDICA,WORK LINE SYSTEM INFORMÁTICA LTDA,67.002.329/0001-62,"1.040,00",02/2020
 GEORGE HATO,ELABORAÇÃO/MANUTENÇAO DE SITE/HOSPEDAGEM,LOCAWEB SERVIÇOS DE INTERNET S.A.,02.351.877/0001-52,"232,80",02/2020
 GEORGE HATO,ELABORAÇÃO/MANUTENÇAO DE SITE/HOSPEDAGEM,VALDIR DI MARIA MEDORI JUNIOR,22.139.023/0001-14,"5.200,00",02/2020
 GEORGE HATO,INTERMEDIADO - CORREIOS,CAMARA MUNICIPAL DE SÃO PAULO,50.176.288/0001-28,"70,50",02/2020
 GEORGE HATO,INTERMEDIADO - LOCAÇÃO DE VEÍCULOS,CAMARA MUNICIPAL DE SÃO PAULO,50.176.288/0001-28,"2.260,00",02/2020
 GEORGE HATO,LOCAÇÃO DE MOVEIS E EQUIPAMENTOS,ATTBRASIL TECNOLOGIA LOCAÇÃO E SOLUÇÕES EM INFORMATICA LTDA EPP,22.392.165/0001-99,"3.375,00",02/2020
 GEORGE HATO,MATERIAL DE ESCRITORIO E OUTROS MATERIAIS DE CONSUMO,CEPEL COM DE PAPEIS E EMB. EIRELI,47.023.981/0002-37,"813,07",02/2020
 GEORGE HATO,PROVEDOR DE INTERNET,TELEFONICA BRASIL S/A,02.558.157/0001-62,"94,99",02/2020
 GEORGE HATO,TELEFONE FIXO,TELEFONICA BRASIL S/A,02.558.157/0001-62,"425,44",02/2020
 GEORGE HATO,TELEFONE MOVEL,TELEFONICA BRASIL S/A,02.558.157/0001-62,"633,83",02/2020
 GEORGE HATO,COMBUSTIVEL,CENTRO AUTOMOTIVO CARTAGENA LTDA,01.647.849/0001-14,"1.653,61",03/2020
 GEORGE HATO,CONTRATAÇAO DE PESSOA JURIDICA,ATTBRASIL TECNOLOGIA LOCAÇÃO E SOLUÇÕES EM INFORMATICA LTDA EPP,22.392.165/0001-99,"855,00",03/2020
 GEORGE HATO,CONTRATAÇAO DE PESSOA JURIDICA,HUGO SATOSHI IMAIZUMI 41599645831,35.456.520/0001-98,"1.500,00",03/2020
 GEORGE HATO,CONTRATAÇAO DE PESSOA JURIDICA,WORK LINE SYSTEM INFORMÁTICA LTDA,67.002.329/0001-62,"1.040,00",03/2020
 GEORGE HATO,ELABORAÇÃO/MANUTENÇAO DE SITE/HOSPEDAGEM,VALDIR DI MARIA MEDORI JUNIOR,22.139.023/0001-14,"6.000,00",03/2020
 GEORGE HATO,INTERMEDIADO - CORREIOS,CAMARA MUNICIPAL DE SÃO PAULO,50.176.288/0001-28,"37,25",03/2020
 GEORGE HATO,INTERMEDIADO - LOCAÇÃO DE VEÍCULOS,CAMARA MUNICIPAL DE SÃO PAULO,50.176.288/0001-28,"2.260,00",03/2020
 GEORGE HATO,LOCAÇÃO DE MOVEIS E EQUIPAMENTOS,ATTBRASIL TECNOLOGIA LOCAÇÃO E SOLUÇÕES EM INFORMATICA LTDA EPP,22.392.165/0001-99,"3.375,00",03/2020
 GEORGE HATO,PROVEDOR DE INTERNET,TELEFONICA BRASIL S/A,02.558.157/0001-62,"124,99",03/2020
 GEORGE HATO,TELEFONE FIXO,TELEFONICA BRASIL S/A,02.558.157/0001-62,"236,85",03/2020
 GEORGE HATO,CONTRATAÇAO DE PESSOA JURIDICA,ATTBRASIL TECNOLOGIA LOCAÇÃO E SOLUÇÕES EM INFORMATICA LTDA EPP,22.392.165/0001-99,"855,00",04/2020
 GEORGE HATO,CONTRATAÇAO DE PESSOA JURIDICA,WORK LINE SYSTEM INFORMÁTICA LTDA,67.002.329/0001-62,"1.040,00",04/2020
 GEORGE HATO,ELABORAÇÃO/MANUTENÇAO DE SITE/HOSPEDAGEM,VALDIR DI MARIA MEDORI JUNIOR,22.139.023/0001-14,"6.000,00",04/2020
 GEORGE HATO,INTERMEDIADO - LOCAÇÃO DE VEÍCULOS,CAMARA MUNICIPAL DE SÃO PAULO,50.176.288/0001-28,"2.260,00",04/2020
 GEORGE HATO,LOCAÇÃO DE MOVEIS E EQUIPAMENTOS,ATTBRASIL TECNOLOGIA LOCAÇÃO E SOLUÇÕES EM INFORMATICA LTDA EPP,22.392.165/0001-99,"3.375,00",04/2020
