 FABIO RIVA,ASSINATURA DE JORNAIS E REVISTAS,ABRIL COMUNICAÇÕES S/A,44.597.052/0079-22,"819,90",02/2017
 FABIO RIVA,COMPOSIÇÃO/ARTE/DIAGRAMAÇÃO/PRODUÇÃO/IMPRESSAO GRAFICA,ARTE LU E RO GRAFICA EIRELI,18.588.528/0001-99,"247,75",02/2017
 FABIO RIVA,COMPOSIÇÃO/ARTE/DIAGRAMAÇÃO/PRODUÇÃO/IMPRESSAO GRAFICA,JOEL CARVALHO BATISTA 25914107806,25.252.203/0001-04,"3.383,48",02/2017
 FABIO RIVA,INTERMEDIADO - CORREIOS,CAMARA MUNICIPAL DE SÃO PAULO,50.176.288/0001-28,"32,30",02/2017
 FABIO RIVA,ASSINATURA DE JORNAIS E REVISTAS,EMPRESA FOLHA DA MANHÃ S.A.,60.579.703/0031-63,"571,00",03/2017
 FABIO RIVA,ELABORAÇÃO/MANUTENÇAO DE SITE/HOSPEDAGEM,ALEXSANDRO FERREIRA AUGUSTO,15.287.788/0001-36,"6.000,00",03/2017
 FABIO RIVA,INTERMEDIADO - CORREIOS,CAMARA MUNICIPAL DE SÃO PAULO,50.176.288/0001-28,"596,70",03/2017
 FABIO RIVA,MATERIAL DE ESCRITORIO E OUTROS MATERIAIS DE CONSUMO,KALUNGA COMÉRCIO E INDÚSTRIA GRÁFICA LTDA.,43.283.811/0007-45,"172,00",03/2017
 FABIO RIVA,ELABORAÇÃO/MANUTENÇAO DE SITE/HOSPEDAGEM,ALEXSANDRO FERREIRA AUGUSTO,15.287.788/0001-36,"3.000,00",04/2017
 FABIO RIVA,INTERMEDIADO - CORREIOS,CAMARA MUNICIPAL DE SÃO PAULO,50.176.288/0001-28,"599,63",04/2017
 FABIO RIVA,INTERMEDIADO - REPROGRAFIA (XEROX/ENCADERNAÇÃO),CAMARA MUNICIPAL DE SÃO PAULO,50.176.288/0001-28,"27,72",04/2017
 FABIO RIVA,MATERIAL DE ESCRITORIO E OUTROS MATERIAIS DE CONSUMO,CENTER PAPEIS COMERCIAL LTDA.,06.226.820/0001-82,"49,95",04/2017
 FABIO RIVA,MATERIAL DE ESCRITORIO E OUTROS MATERIAIS DE CONSUMO,KALUNGA COMÉRCIO E INDÚSTRIA GRÁFICA LTDA.,43.283.811/0007-45,"477,20",04/2017
 FABIO RIVA,MATERIAL DE ESCRITORIO E OUTROS MATERIAIS DE CONSUMO,KALUNGA COMERCIO E INDUSTRIA GRÁFICA LTDA.,43.283.811/0130-57,"37,50",04/2017
 FABIO RIVA,COMPOSIÇÃO/ARTE/DIAGRAMAÇÃO/PRODUÇÃO/IMPRESSAO GRAFICA,CPK GRAFICA E EDITORA BRASIL LTDA ME,12.327.762/0001-86,"4.228,00",05/2017
 FABIO RIVA,INTERMEDIADO - CORREIOS,CAMARA MUNICIPAL DE SÃO PAULO,50.176.288/0001-28,"599,00",05/2017
 FABIO RIVA,MATERIAL DE ESCRITORIO E OUTROS MATERIAIS DE CONSUMO,CENTER PAPEIS COMERCIAL LTDA.,06.226.820/0001-82,"250,85",05/2017
 FABIO RIVA,MATERIAL DE ESCRITORIO E OUTROS MATERIAIS DE CONSUMO,JOSEFA ARENA THOMAZ ME,25.311.877/0001-24,"960,00",05/2017
 FABIO RIVA,MATERIAL DE ESCRITORIO E OUTROS MATERIAIS DE CONSUMO,KALUNGA COMÉRCIO E INDÚSTRIA GRÁFICA LTDA.,43.283.811/0007-45,"94,10",05/2017
 FABIO RIVA,COMPOSIÇÃO/ARTE/DIAGRAMAÇÃO/PRODUÇÃO/IMPRESSAO GRAFICA,CPK GRAFICA E EDITORA BRASIL LTDA ME,12.327.762/0001-86,"2.160,00",06/2017
 FABIO RIVA,INTERMEDIADO - CORREIOS,CAMARA MUNICIPAL DE SÃO PAULO,50.176.288/0001-28,"411,40",06/2017
 FABIO RIVA,INTERMEDIADO - CORREIOS,CAMARA MUNICIPAL DE SÃO PAULO,50.176.288/0001-28,"410,00",07/2017
 FABIO RIVA,LOCAÇÃO DE MOVEIS E EQUIPAMENTOS,ATTBRASIL TECNOLOGIA LOCAÇÃO E SOLUÇÕES EM INFORMATICA LTDA EPP,22.392.165/0001-99,"1.020,00",07/2017
 FABIO RIVA,TELEFONE MOVEL,CLARO S.A.,40.432.544/0001-47,"64,88",07/2017
 FABIO RIVA,ASSINATURA DE JORNAIS E REVISTAS,EMPRESA FOLHA DA MANHÃ S.A.,60.579.703/0031-63,"571,00",08/2017
 FABIO RIVA,COMPOSIÇÃO/ARTE/DIAGRAMAÇÃO/PRODUÇÃO/IMPRESSAO GRAFICA,CPK GRAFICA E EDITORA BRASIL LTDA ME,12.327.762/0001-86,"3.060,00",08/2017
 FABIO RIVA,INTERMEDIADO - CORREIOS,CAMARA MUNICIPAL DE SÃO PAULO,50.176.288/0001-28,"496,40",08/2017
 FABIO RIVA,LOCAÇÃO DE MOVEIS E EQUIPAMENTOS,ATTBRASIL TECNOLOGIA LOCAÇÃO E SOLUÇÕES EM INFORMATICA LTDA EPP,22.392.165/0001-99,"2.040,00",08/2017
 FABIO RIVA,MATERIAL DE ESCRITORIO E OUTROS MATERIAIS DE CONSUMO,CENTER PAPEIS COMERCIAL LTDA.,06.226.820/0001-82,"366,05",08/2017
 FABIO RIVA,MATERIAL DE ESCRITORIO E OUTROS MATERIAIS DE CONSUMO,JOSEFA ARENA THOMAZ ME,25.311.877/0001-24,"440,00",08/2017
 FABIO RIVA,MATERIAL DE ESCRITORIO E OUTROS MATERIAIS DE CONSUMO,KALUNGA COMÉRCIO E INDÚSTRIA GRÁFICA LTDA.,43.283.811/0007-45,"258,10",08/2017
 FABIO RIVA,TELEFONE FIXO,TELEFONICA BRASIL S/A,02.558.157/0001-62,"101,59",08/2017
 FABIO RIVA,TELEFONE MOVEL,CLARO S.A.,40.432.544/0001-47,"315,58",08/2017
 FABIO RIVA,COMPOSIÇÃO/ARTE/DIAGRAMAÇÃO/PRODUÇÃO/IMPRESSAO GRAFICA,CPK GRAFICA E EDITORA BRASIL LTDA ME,12.327.762/0001-86,"2.195,00",09/2017
 FABIO RIVA,INTERMEDIADO - CORREIOS,CAMARA MUNICIPAL DE SÃO PAULO,50.176.288/0001-28,"1.152,00",09/2017
 FABIO RIVA,LOCAÇÃO DE MOVEIS E EQUIPAMENTOS,ATTBRASIL TECNOLOGIA LOCAÇÃO E SOLUÇÕES EM INFORMATICA LTDA EPP,22.392.165/0001-99,"2.040,00",09/2017
 FABIO RIVA,MATERIAL DE ESCRITORIO E OUTROS MATERIAIS DE CONSUMO,CENTER PAPEIS COMERCIAL LTDA.,06.226.820/0001-82,"146,65",09/2017
 FABIO RIVA,TELEFONE FIXO,TELEFONICA BRASIL S/A,02.558.157/0001-62,"139,90",09/2017
 FABIO RIVA,TELEFONE MOVEL,CLARO S.A.,40.432.544/0001-47,"315,58",09/2017
 FABIO RIVA,COMPOSIÇÃO/ARTE/DIAGRAMAÇÃO/PRODUÇÃO/IMPRESSAO GRAFICA,CPK GRAFICA E EDITORA BRASIL LTDA ME,12.327.762/0001-86,"1.966,00",10/2017
 FABIO RIVA,INTERMEDIADO - CORREIOS,CAMARA MUNICIPAL DE SÃO PAULO,50.176.288/0001-28,"5.007,35",10/2017
 FABIO RIVA,INTERMEDIADO - REPROGRAFIA (XEROX/ENCADERNAÇÃO),CAMARA MUNICIPAL DE SÃO PAULO,50.176.288/0001-28,"3,08",10/2017
 FABIO RIVA,LOCAÇÃO DE MOVEIS E EQUIPAMENTOS,ATTBRASIL TECNOLOGIA LOCAÇÃO E SOLUÇÕES EM INFORMATICA LTDA EPP,22.392.165/0001-99,"2.040,00",10/2017
 FABIO RIVA,MATERIAL DE ESCRITORIO E OUTROS MATERIAIS DE CONSUMO,CENTER PAPEIS COMERCIAL LTDA.,06.226.820/0001-82,"145,60",10/2017
 FABIO RIVA,TELEFONE FIXO,TELEFONICA BRASIL S/A,02.558.157/0001-62,"135,66",10/2017
 FABIO RIVA,TELEFONE MOVEL,CLARO S.A.,40.432.544/0001-47,"315,59",10/2017
 FABIO RIVA,COMPOSIÇÃO/ARTE/DIAGRAMAÇÃO/PRODUÇÃO/IMPRESSAO GRAFICA,CPK GRAFICA E EDITORA BRASIL LTDA ME,12.327.762/0001-86,"3.195,00",11/2017
 FABIO RIVA,INTERMEDIADO - CORREIOS,CAMARA MUNICIPAL DE SÃO PAULO,50.176.288/0001-28,"437,20",11/2017
 FABIO RIVA,LOCAÇÃO DE MOVEIS E EQUIPAMENTOS,ATTBRASIL TECNOLOGIA LOCAÇÃO E SOLUÇÕES EM INFORMATICA LTDA EPP,22.392.165/0001-99,"2.040,00",11/2017
 FABIO RIVA,MATERIAL DE ESCRITORIO E OUTROS MATERIAIS DE CONSUMO,KALUNGA COMÉRCIO E INDÚSTRIA GRÁFICA LTDA.,43.283.811/0007-45,"129,20",11/2017
 FABIO RIVA,TELEFONE FIXO,TELEFONICA BRASIL S/A,02.558.157/0001-62,"134,54",11/2017
 FABIO RIVA,TELEFONE MOVEL,CLARO S.A.,40.432.544/0001-47,"382,49",11/2017
 FABIO RIVA,COMPOSIÇÃO/ARTE/DIAGRAMAÇÃO/PRODUÇÃO/IMPRESSAO GRAFICA,CPK GRAFICA E EDITORA BRASIL LTDA ME,12.327.762/0001-86,"5.590,00",12/2017
 FABIO RIVA,INTERMEDIADO - CORREIOS,CAMARA MUNICIPAL DE SÃO PAULO,50.176.288/0001-28,"1.948,21",12/2017
 FABIO RIVA,LOCAÇÃO DE MOVEIS E EQUIPAMENTOS,ATTBRASIL TECNOLOGIA LOCAÇÃO E SOLUÇÕES EM INFORMATICA LTDA EPP,22.392.165/0001-99,"2.040,00",12/2017
 FABIO RIVA,TELEFONE MOVEL,CLARO S.A.,40.432.544/0001-47,"391,72",12/2017
 FABIO RIVA,ASSINATURA DE JORNAIS E REVISTAS,EMPRESA FOLHA DA MANHÃ S.A.,60.579.703/0031-63,"571,00",01/2018
 FABIO RIVA,COMPOSIÇÃO/ARTE/DIAGRAMAÇÃO/PRODUÇÃO/IMPRESSAO GRAFICA,CPK GRAFICA E EDITORA BRASIL LTDA ME,12.327.762/0001-86,"2.380,00",01/2018
 FABIO RIVA,LOCAÇÃO DE MOVEIS E EQUIPAMENTOS,ATTBRASIL TECNOLOGIA LOCAÇÃO E SOLUÇÕES EM INFORMATICA LTDA EPP,22.392.165/0001-99,"2.040,00",01/2018
 FABIO RIVA,MATERIAL DE ESCRITORIO E OUTROS MATERIAIS DE CONSUMO,CENTER PAPEIS COMERCIAL LTDA.,06.226.820/0001-82,"192,45",01/2018
 FABIO RIVA,TELEFONE FIXO,TELEFONICA BRASIL S/A,02.558.157/0001-62,"131,21",01/2018
 FABIO RIVA,TELEFONE MOVEL,CLARO S.A.,40.432.544/0001-47,"339,96",01/2018
 FABIO RIVA,INTERMEDIADO - CORREIOS,CAMARA MUNICIPAL DE SÃO PAULO,50.176.288/0001-28,"11,85",02/2018
 FABIO RIVA,LOCAÇÃO DE MOVEIS E EQUIPAMENTOS,ATTBRASIL TECNOLOGIA LOCAÇÃO E SOLUÇÕES EM INFORMATICA LTDA EPP,22.392.165/0001-99,"2.040,00",02/2018
 FABIO RIVA,MATERIAL DE ESCRITORIO E OUTROS MATERIAIS DE CONSUMO,JOSEFA ARENA THOMAZ ME,25.311.877/0001-24,"900,00",02/2018
 FABIO RIVA,MATERIAL DE ESCRITORIO E OUTROS MATERIAIS DE CONSUMO,KALUNGA COM E IND GRAFICA LTDA,43.283.811/0064-33,"93,20",02/2018
 FABIO RIVA,TELEFONE FIXO,TELEFONICA BRASIL S/A,02.558.157/0001-62,"136,29",02/2018
 FABIO RIVA,TELEFONE MOVEL,CLARO S.A.,40.432.544/0001-47,"419,99",02/2018
 FABIO RIVA,COMPOSIÇÃO/ARTE/DIAGRAMAÇÃO/PRODUÇÃO/IMPRESSAO GRAFICA,CPK GRAFICA E EDITORA BRASIL LTDA ME,12.327.762/0001-86,"1.380,00",03/2018
 FABIO RIVA,INTERMEDIADO - CORREIOS,CAMARA MUNICIPAL DE SÃO PAULO,50.176.288/0001-28,"215,13",03/2018
 FABIO RIVA,LOCAÇÃO DE MOVEIS E EQUIPAMENTOS,ATTBRASIL TECNOLOGIA LOCAÇÃO E SOLUÇÕES EM INFORMATICA LTDA EPP,22.392.165/0001-99,"2.040,00",03/2018
 FABIO RIVA,MATERIAL DE ESCRITORIO E OUTROS MATERIAIS DE CONSUMO,CENTER PAPEIS COMERCIAL LTDA.,06.226.820/0001-82,"219,50",03/2018
 FABIO RIVA,TELEFONE FIXO,TELEFONICA BRASIL S/A,02.558.157/0001-62,"137,46",03/2018
 FABIO RIVA,TELEFONE MOVEL,CLARO S.A.,40.432.544/0001-47,"410,54",03/2018
 FABIO RIVA,INTERMEDIADO - CORREIOS,CAMARA MUNICIPAL DE SÃO PAULO,50.176.288/0001-28,"533,60",04/2018
 FABIO RIVA,LOCAÇÃO DE MOVEIS E EQUIPAMENTOS,ATTBRASIL TECNOLOGIA LOCAÇÃO E SOLUÇÕES EM INFORMATICA LTDA EPP,22.392.165/0001-99,"2.040,00",04/2018
 FABIO RIVA,MATERIAL DE ESCRITORIO E OUTROS MATERIAIS DE CONSUMO,CENTER PAPEIS COMERCIAL LTDA.,06.226.820/0001-82,"239,50",04/2018
 FABIO RIVA,TELEFONE FIXO,TELEFONICA BRASIL S/A,02.558.157/0001-62,"155,86",04/2018
 FABIO RIVA,TELEFONE MOVEL,CLARO S.A.,40.432.544/0001-47,"487,83",04/2018
 FABIO RIVA,COMPOSIÇÃO/ARTE/DIAGRAMAÇÃO/PRODUÇÃO/IMPRESSAO GRAFICA,CPK GRAFICA E EDITORA BRASIL LTDA ME,12.327.762/0001-86,"4.994,00",05/2018
 FABIO RIVA,INTERMEDIADO - CORREIOS,CAMARA MUNICIPAL DE SÃO PAULO,50.176.288/0001-28,"1.105,80",05/2018
 FABIO RIVA,LOCAÇÃO DE MOVEIS E EQUIPAMENTOS,ATTBRASIL TECNOLOGIA LOCAÇÃO E SOLUÇÕES EM INFORMATICA LTDA EPP,22.392.165/0001-99,"2.040,00",05/2018
 FABIO RIVA,TELEFONE FIXO,TELEFONICA BRASIL S/A,02.558.157/0001-62,"133,83",05/2018
 FABIO RIVA,TELEFONE MOVEL,CLARO S.A.,40.432.544/0001-47,"412,49",05/2018
 FABIO RIVA,COMPOSIÇÃO/ARTE/DIAGRAMAÇÃO/PRODUÇÃO/IMPRESSAO GRAFICA,CPK GRAFICA E EDITORA BRASIL LTDA ME,12.327.762/0001-86,"860,00",06/2018
 FABIO RIVA,INTERMEDIADO - CORREIOS,CAMARA MUNICIPAL DE SÃO PAULO,50.176.288/0001-28,"435,88",06/2018
 FABIO RIVA,LOCAÇÃO DE MOVEIS E EQUIPAMENTOS,ATTBRASIL TECNOLOGIA LOCAÇÃO E SOLUÇÕES EM INFORMATICA LTDA EPP,22.392.165/0001-99,"2.040,00",06/2018
 FABIO RIVA,MATERIAL DE ESCRITORIO E OUTROS MATERIAIS DE CONSUMO,CENTER PAPEIS COMERCIAL LTDA.,06.226.820/0001-82,"239,50",06/2018
 FABIO RIVA,MATERIAL DE ESCRITORIO E OUTROS MATERIAIS DE CONSUMO,KALUNGA COMERCIO E INDUSTRIA GRÁFICA LTDA.,43.283.811/0130-57,"222,00",06/2018
 FABIO RIVA,TELEFONE FIXO,TELEFONICA BRASIL S/A,02.558.157/0001-62,"120,18",06/2018
 FABIO RIVA,TELEFONE MOVEL,CLARO S.A.,40.432.544/0001-47,"413,13",06/2018
 FABIO RIVA,INTERMEDIADO - CORREIOS,CAMARA MUNICIPAL DE SÃO PAULO,50.176.288/0001-28,"487,70",07/2018
 FABIO RIVA,LOCAÇÃO DE MOVEIS E EQUIPAMENTOS,ATTBRASIL TECNOLOGIA LOCAÇÃO E SOLUÇÕES EM INFORMATICA LTDA EPP,22.392.165/0001-99,"2.085,00",07/2018
 FABIO RIVA,TELEFONE FIXO,TELEFONICA BRASIL S/A,02.558.157/0001-62,"119,98",07/2018
 FABIO RIVA,TELEFONE MOVEL,CLARO S.A.,40.432.544/0001-47,"412,49",07/2018
 FABIO RIVA,COMPOSIÇÃO/ARTE/DIAGRAMAÇÃO/PRODUÇÃO/IMPRESSAO GRAFICA,CPK GRAFICA E EDITORA BRASIL LTDA ME,12.327.762/0001-86,"2.000,00",08/2018
 FABIO RIVA,INTERMEDIADO - CORREIOS,CAMARA MUNICIPAL DE SÃO PAULO,50.176.288/0001-28,"61,35",08/2018
 FABIO RIVA,LOCAÇÃO DE MOVEIS E EQUIPAMENTOS,ATTBRASIL TECNOLOGIA LOCAÇÃO E SOLUÇÕES EM INFORMATICA LTDA EPP,22.392.165/0001-99,"2.130,00",08/2018
 FABIO RIVA,MATERIAL DE ESCRITORIO E OUTROS MATERIAIS DE CONSUMO,CENTER PAPEIS COMERCIAL LTDA.,06.226.820/0001-82,"239,50",08/2018
 FABIO RIVA,TELEFONE FIXO,TELEFONICA BRASIL S/A,02.558.157/0001-62,"125,05",08/2018
 FABIO RIVA,TELEFONE MOVEL,CLARO S.A.,40.432.544/0001-47,"413,35",08/2018
 FABIO RIVA,ASSINATURA DE JORNAIS E REVISTAS,EMPRESA FOLHA DA MANHÃ S.A.,60.579.703/0031-63,"358,80",09/2018
 FABIO RIVA,LOCAÇÃO DE MOVEIS E EQUIPAMENTOS,ATTBRASIL TECNOLOGIA LOCAÇÃO E SOLUÇÕES EM INFORMATICA LTDA EPP,22.392.165/0001-99,"2.130,00",09/2018
 FABIO RIVA,TELEFONE FIXO,TELEFONICA BRASIL S/A,02.558.157/0001-62,"127,01",09/2018
 FABIO RIVA,TELEFONE MOVEL,CLARO S.A.,40.432.544/0001-47,"412,49",09/2018
 FABIO RIVA,INTERMEDIADO - CORREIOS,CAMARA MUNICIPAL DE SÃO PAULO,50.176.288/0001-28,"256,61",10/2018
 FABIO RIVA,LOCAÇÃO DE MOVEIS E EQUIPAMENTOS,ATTBRASIL TECNOLOGIA LOCAÇÃO E SOLUÇÕES EM INFORMATICA LTDA EPP,22.392.165/0001-99,"2.130,00",10/2018
 FABIO RIVA,TELEFONE FIXO,TELEFONICA BRASIL S/A,02.558.157/0001-62,"107,16",10/2018
 FABIO RIVA,TELEFONE MOVEL,CLARO S.A.,40.432.544/0001-47,"412,49",10/2018
 FABIO RIVA,COMPOSIÇÃO/ARTE/DIAGRAMAÇÃO/PRODUÇÃO/IMPRESSAO GRAFICA,CPK GRAFICA E EDITORA BRASIL LTDA ME,12.327.762/0001-86,"2.873,00",11/2018
 FABIO RIVA,INTERMEDIADO - CORREIOS,CAMARA MUNICIPAL DE SÃO PAULO,50.176.288/0001-28,"431,06",11/2018
 FABIO RIVA,LOCAÇÃO DE MOVEIS E EQUIPAMENTOS,ATTBRASIL TECNOLOGIA LOCAÇÃO E SOLUÇÕES EM INFORMATICA LTDA EPP,22.392.165/0001-99,"2.130,00",11/2018
 FABIO RIVA,MATERIAL DE ESCRITORIO E OUTROS MATERIAIS DE CONSUMO,CENTER PAPEIS COMERCIAL LTDA.,06.226.820/0001-82,"334,95",11/2018
 FABIO RIVA,TELEFONE FIXO,TELEFONICA BRASIL S/A,02.558.157/0001-62,"105,33",11/2018
 FABIO RIVA,TELEFONE MOVEL,CLARO S.A.,40.432.544/0001-47,"398,85",11/2018
 FABIO RIVA,INTERMEDIADO - CORREIOS,CAMARA MUNICIPAL DE SÃO PAULO,50.176.288/0001-28,"48,15",12/2018
 FABIO RIVA,LOCAÇÃO DE MOVEIS E EQUIPAMENTOS,ATTBRASIL TECNOLOGIA LOCAÇÃO E SOLUÇÕES EM INFORMATICA LTDA EPP,22.392.165/0001-99,"2.130,00",12/2018
 FABIO RIVA,TELEFONE FIXO,TELEFONICA BRASIL S/A,02.558.157/0001-62,"107,16",12/2018
 FABIO RIVA,TELEFONE MOVEL,CLARO S.A.,40.432.544/0001-47,"448,29",12/2018
 FABIO RIVA,COMPOSIÇÃO/ARTE/DIAGRAMAÇÃO/PRODUÇÃO/IMPRESSAO GRAFICA,CPK GRAFICA E EDITORA BRASIL LTDA ME,12.327.762/0001-86,"2.950,00",01/2019
 FABIO RIVA,INTERMEDIADO - CORREIOS,CAMARA MUNICIPAL DE SÃO PAULO,50.176.288/0001-28,"29,60",01/2019
 FABIO RIVA,LOCAÇÃO DE MOVEIS E EQUIPAMENTOS,ATTBRASIL TECNOLOGIA LOCAÇÃO E SOLUÇÕES EM INFORMATICA LTDA EPP,22.392.165/0001-99,"2.130,00",01/2019
 FABIO RIVA,MATERIAL DE ESCRITORIO E OUTROS MATERIAIS DE CONSUMO,MVS CARTUCHOS LTDA - ME,09.358.717/0001-84,"900,00",01/2019
 FABIO RIVA,TELEFONE FIXO,TELEFONICA BRASIL S/A,02.558.157/0001-62,"107,01",01/2019
 FABIO RIVA,TELEFONE MOVEL,CLARO S.A.,40.432.544/0001-47,"518,09",01/2019
 FABIO RIVA,LOCAÇÃO DE MOVEIS E EQUIPAMENTOS,ATTBRASIL TECNOLOGIA LOCAÇÃO E SOLUÇÕES EM INFORMATICA LTDA EPP,22.392.165/0001-99,"2.130,00",02/2019
 FABIO RIVA,MATERIAL DE ESCRITORIO E OUTROS MATERIAIS DE CONSUMO,KALUNGA COMÉRCIO E INDÚSTRIA GRÁFICA LTDA.,43.283.811/0007-45,"149,40",02/2019
 FABIO RIVA,TELEFONE FIXO,TELEFONICA BRASIL S/A,02.558.157/0001-62,"107,16",02/2019
 FABIO RIVA,TELEFONE MOVEL,CLARO S.A.,40.432.544/0001-47,"398,49",02/2019
 FABIO RIVA,CONTRATAÇAO DE PESSOA JURIDICA,DANILO CESAR PEPE CAMPILONGO,21.629.812/0001-70,"766,66",03/2019
 FABIO RIVA,INTERMEDIADO - CORREIOS,CAMARA MUNICIPAL DE SÃO PAULO,50.176.288/0001-28,"43,65",03/2019
 FABIO RIVA,LOCAÇÃO DE MOVEIS E EQUIPAMENTOS,ATTBRASIL TECNOLOGIA LOCAÇÃO E SOLUÇÕES EM INFORMATICA LTDA EPP,22.392.165/0001-99,"2.130,00",03/2019
 FABIO RIVA,MATERIAL DE ESCRITORIO E OUTROS MATERIAIS DE CONSUMO,CENTER PAPEIS COMERCIAL LTDA.,06.226.820/0001-82,"153,65",03/2019
 FABIO RIVA,TELEFONE FIXO,TELEFONICA BRASIL S/A,02.558.157/0001-62,"107,16",03/2019
 FABIO RIVA,TELEFONE MOVEL,CLARO S.A.,40.432.544/0001-47,"394,82",03/2019
 FABIO RIVA,COMPOSIÇÃO/ARTE/DIAGRAMAÇÃO/PRODUÇÃO/IMPRESSAO GRAFICA,CPK GRAFICA E EDITORA BRASIL LTDA ME,12.327.762/0001-86,"6.750,00",04/2019
 FABIO RIVA,CONTRATAÇAO DE PESSOA JURIDICA,DANILO CESAR PEPE CAMPILONGO,21.629.812/0001-70,"2.300,00",04/2019
 FABIO RIVA,INTERMEDIADO - CORREIOS,CAMARA MUNICIPAL DE SÃO PAULO,50.176.288/0001-28,"330,60",04/2019
 FABIO RIVA,LOCAÇÃO DE MOVEIS E EQUIPAMENTOS,ATTBRASIL TECNOLOGIA LOCAÇÃO E SOLUÇÕES EM INFORMATICA LTDA EPP,22.392.165/0001-99,"2.130,00",04/2019
 FABIO RIVA,TELEFONE FIXO,TELEFONICA BRASIL S/A,02.558.157/0001-62,"120,66",04/2019
 FABIO RIVA,TELEFONE MOVEL,CLARO S.A.,40.432.544/0001-47,"401,45",04/2019
 FABIO RIVA,CONTRATAÇAO DE PESSOA JURIDICA,DANILO CESAR PEPE CAMPILONGO,21.629.812/0001-70,"2.300,00",05/2019
 FABIO RIVA,LOCAÇÃO DE MOVEIS E EQUIPAMENTOS,ATTBRASIL TECNOLOGIA LOCAÇÃO E SOLUÇÕES EM INFORMATICA LTDA EPP,22.392.165/0001-99,"2.130,00",05/2019
 FABIO RIVA,MATERIAL DE ESCRITORIO E OUTROS MATERIAIS DE CONSUMO,CENTER PAPEIS COMERCIAL LTDA.,06.226.820/0001-82,"239,50",05/2019
 FABIO RIVA,TELEFONE FIXO,TELEFONICA BRASIL S/A,02.558.157/0001-62,"107,16",05/2019
 FABIO RIVA,TELEFONE MOVEL,CLARO S.A.,40.432.544/0001-47,"241,49",05/2019
 FABIO RIVA,CONTRATAÇAO DE PESSOA JURIDICA,DANILO CESAR PEPE CAMPILONGO,21.629.812/0001-70,"2.300,00",06/2019
 FABIO RIVA,INTERMEDIADO - CORREIOS,CAMARA MUNICIPAL DE SÃO PAULO,50.176.288/0001-28,"222,90",06/2019
 FABIO RIVA,LOCAÇÃO DE MOVEIS E EQUIPAMENTOS,ATTBRASIL TECNOLOGIA LOCAÇÃO E SOLUÇÕES EM INFORMATICA LTDA EPP,22.392.165/0001-99,"2.130,00",06/2019
 FABIO RIVA,MATERIAL DE ESCRITORIO E OUTROS MATERIAIS DE CONSUMO,CENTER PAPEIS COMERCIAL LTDA.,06.226.820/0001-82,"219,50",06/2019
 FABIO RIVA,MATERIAL DE ESCRITORIO E OUTROS MATERIAIS DE CONSUMO,NADEJE P G SILVA,32.990.466/0001-78,"900,00",06/2019
 FABIO RIVA,TELEFONE FIXO,TELEFONICA BRASIL S/A,02.558.157/0001-62,"112,84",06/2019
 FABIO RIVA,TELEFONE MOVEL,CLARO S.A.,40.432.544/0001-47,"241,49",06/2019
 FABIO RIVA,COMPOSIÇÃO/ARTE/DIAGRAMAÇÃO/PRODUÇÃO/IMPRESSAO GRAFICA,CPK GRAFICA E EDITORA BRASIL LTDA ME,12.327.762/0001-86,"940,00",07/2019
 FABIO RIVA,CONTRATAÇAO DE PESSOA JURIDICA,DANILO CESAR PEPE CAMPILONGO,21.629.812/0001-70,"1.533,00",07/2019
 FABIO RIVA,LOCAÇÃO DE MOVEIS E EQUIPAMENTOS,ATTBRASIL TECNOLOGIA LOCAÇÃO E SOLUÇÕES EM INFORMATICA LTDA EPP,22.392.165/0001-99,"2.130,00",07/2019
 FABIO RIVA,TELEFONE MOVEL,CLARO S.A.,40.432.544/0001-47,"241,49",07/2019
 FABIO RIVA,INTERMEDIADO - CORREIOS,CAMARA MUNICIPAL DE SÃO PAULO,50.176.288/0001-28,"14,20",08/2019
 FABIO RIVA,LOCAÇÃO DE MOVEIS E EQUIPAMENTOS,ATTBRASIL TECNOLOGIA LOCAÇÃO E SOLUÇÕES EM INFORMATICA LTDA EPP,22.392.165/0001-99,"2.130,00",08/2019
 FABIO RIVA,MATERIAL DE ESCRITORIO E OUTROS MATERIAIS DE CONSUMO,CENTER PAPEIS COMERCIAL LTDA.,06.226.820/0001-82,"219,50",08/2019
 FABIO RIVA,MATERIAL DE ESCRITORIO E OUTROS MATERIAIS DE CONSUMO,NADEJE P G SILVA,32.990.466/0001-78,"900,00",08/2019
 FABIO RIVA,TELEFONE FIXO,TELEFONICA BRASIL S/A,02.558.157/0001-62,"115,20",08/2019
 FABIO RIVA,TELEFONE MOVEL,CLARO S.A.,40.432.544/0001-47,"241,49",08/2019
 FABIO RIVA,INTERMEDIADO - CORREIOS,CAMARA MUNICIPAL DE SÃO PAULO,50.176.288/0001-28,"45,90",09/2019
 FABIO RIVA,LOCAÇÃO DE MOVEIS E EQUIPAMENTOS,ATTBRASIL TECNOLOGIA LOCAÇÃO E SOLUÇÕES EM INFORMATICA LTDA EPP,22.392.165/0001-99,"2.130,00",09/2019
 FABIO RIVA,TELEFONE FIXO,TELEFONICA BRASIL S/A,02.558.157/0001-62,"116,26",09/2019
 FABIO RIVA,TELEFONE MOVEL,CLARO S.A.,40.432.544/0001-47,"243,07",09/2019
 FABIO RIVA,COMPOSIÇÃO/ARTE/DIAGRAMAÇÃO/PRODUÇÃO/IMPRESSAO GRAFICA,CPK GRAFICA E EDITORA BRASIL LTDA ME,12.327.762/0001-86,"1.760,00",10/2019
 FABIO RIVA,CONTRATAÇAO DE PESSOA JURIDICA,DANIEL SAMPAIO DE ALMEIDA -ME,22.113.367/0001-54,"3.644,20",10/2019
 FABIO RIVA,LOCAÇÃO DE MOVEIS E EQUIPAMENTOS,ATTBRASIL TECNOLOGIA LOCAÇÃO E SOLUÇÕES EM INFORMATICA LTDA EPP,22.392.165/0001-99,"2.130,00",10/2019
 FABIO RIVA,MATERIAL DE ESCRITORIO E OUTROS MATERIAIS DE CONSUMO,CENTER PAPEIS COMERCIAL LTDA.,06.226.820/0001-82,"219,50",10/2019
 FABIO RIVA,COMPOSIÇÃO/ARTE/DIAGRAMAÇÃO/PRODUÇÃO/IMPRESSAO GRAFICA,CPK GRAFICA E EDITORA BRASIL LTDA ME,12.327.762/0001-86,"2.600,00",11/2019
 FABIO RIVA,CONTRATAÇAO DE PESSOA JURIDICA,DANIEL SAMPAIO DE ALMEIDA -ME,22.113.367/0001-54,"3.644,20",11/2019
 FABIO RIVA,INTERMEDIADO - CORREIOS,CAMARA MUNICIPAL DE SÃO PAULO,50.176.288/0001-28,"21,65",11/2019
 FABIO RIVA,LOCAÇÃO DE MOVEIS E EQUIPAMENTOS,ATTBRASIL TECNOLOGIA LOCAÇÃO E SOLUÇÕES EM INFORMATICA LTDA EPP,22.392.165/0001-99,"2.455,00",11/2019
 FABIO RIVA,TELEFONE FIXO,TELEFONICA BRASIL S/A,02.558.157/0001-62,"130,38",11/2019
 FABIO RIVA,TELEFONE MOVEL,CLARO S.A.,40.432.544/0001-47,"401,81",11/2019
 FABIO RIVA,CONTRATAÇAO DE PESSOA JURIDICA,DANIEL SAMPAIO DE ALMEIDA -ME,22.113.367/0001-54,"3.644,20",12/2019
 FABIO RIVA,INTERMEDIADO - CORREIOS,CAMARA MUNICIPAL DE SÃO PAULO,50.176.288/0001-28,"28,10",12/2019
 FABIO RIVA,LOCAÇÃO DE MOVEIS E EQUIPAMENTOS,ATTBRASIL TECNOLOGIA LOCAÇÃO E SOLUÇÕES EM INFORMATICA LTDA EPP,22.392.165/0001-99,"2.455,00",12/2019
 FABIO RIVA,MATERIAL DE ESCRITORIO E OUTROS MATERIAIS DE CONSUMO,CENTER PAPEIS COMERCIAL LTDA.,06.226.820/0001-82,"219,50",12/2019
 FABIO RIVA,TELEFONE FIXO,TELEFONICA BRASIL S/A,02.558.157/0001-62,"115,20",12/2019
