 ATILIO FRANCISCO,COMBUSTIVEL,PANAMBY 10 POSTO DE SERVIÇOS E CONVENIENCIA EIRELI,21.781.198/0001-68,"365,74",01/2017
 ATILIO FRANCISCO,COMBUSTIVEL,RIP POSTOS DE SERVIÇO E COM LTDA,43.720.218/0001-23,"154,62",01/2017
 ATILIO FRANCISCO,CONTRATAÇAO DE PESSOA JURIDICA,SOFT CLEVER INFORMÁTICA LTDA. - ME,00.280.911/0001-10,"464,29",01/2017
 ATILIO FRANCISCO,INTERMEDIADO - LOCAÇÃO DE VEÍCULOS,CAMARA MUNICIPAL DE SÃO PAULO,50.176.288/0001-28,"2.058,08",01/2017
 ATILIO FRANCISCO,LOCAÇÃO DE MOVEIS E EQUIPAMENTOS,SOFT CLEVER INFORMÁTICA LTDA. - ME,00.280.911/0001-10,"150,00",01/2017
 ATILIO FRANCISCO,MATERIAL DE ESCRITORIO E OUTROS MATERIAIS DE CONSUMO,CENTER PAPEIS COMERCIAL LTDA.,06.226.820/0001-82,"1.998,85",01/2017
 ATILIO FRANCISCO,REPROGRAFIA (XEROX/ENCADERNAÇÃO),IRISARA COMÉRCIO E SERVIÇOS LTDA.,10.376.277/0001-77,"472,81",01/2017
 ATILIO FRANCISCO,TELEFONE FIXO,TELEFONICA BRASIL S/A,02.558.157/0001-62,"145,03",01/2017
 ATILIO FRANCISCO,TELEFONE MOVEL,NEXTEL TELECOMUNICAÇÕES LTDA,66.970.229/0001-67,"125,70",01/2017
 ATILIO FRANCISCO,ASSINATURA DE JORNAIS E REVISTAS,EMPRESA FOLHA DA MANHÃ S.A.,60.579.703/0031-63,"446,90",02/2017
 ATILIO FRANCISCO,COMBUSTIVEL,PANAMBY 10 POSTO DE SERVIÇOS E CONVENIENCIA EIRELI,21.781.198/0001-68,"1.516,30",02/2017
 ATILIO FRANCISCO,COMBUSTIVEL,RIP POSTOS DE SERVIÇO E COM LTDA,43.720.218/0001-23,"263,82",02/2017
 ATILIO FRANCISCO,COMPOSIÇÃO/ARTE/DIAGRAMAÇÃO/PRODUÇÃO/IMPRESSAO GRAFICA,IRISARA COMÉRCIO E SERVIÇOS LTDA.,10.376.277/0001-77,"2.228,16",02/2017
 ATILIO FRANCISCO,CONTRATAÇAO DE PESSOA JURIDICA,SOFT CLEVER INFORMÁTICA LTDA. - ME,00.280.911/0001-10,"464,29",02/2017
 ATILIO FRANCISCO,INTERMEDIADO - CORREIOS,CAMARA MUNICIPAL DE SÃO PAULO,50.176.288/0001-28,"1.910,97",02/2017
 ATILIO FRANCISCO,INTERMEDIADO - LOCAÇÃO DE VEÍCULOS,CAMARA MUNICIPAL DE SÃO PAULO,50.176.288/0001-28,"2.101,17",02/2017
 ATILIO FRANCISCO,INTERMEDIADO - REPROGRAFIA (XEROX/ENCADERNAÇÃO),CAMARA MUNICIPAL DE SÃO PAULO,50.176.288/0001-28,"1,26",02/2017
 ATILIO FRANCISCO,LOCAÇÃO DE MOVEIS E EQUIPAMENTOS,SOFT CLEVER INFORMÁTICA LTDA. - ME,00.280.911/0001-10,"150,00",02/2017
 ATILIO FRANCISCO,MATERIAL DE ESCRITORIO E OUTROS MATERIAIS DE CONSUMO,ADJ COMÉRCIO DE CARIMBOS E IMPRESSOS LTDA. ME,02.320.179/0001-90,"64,03",02/2017
 ATILIO FRANCISCO,MATERIAL DE ESCRITORIO E OUTROS MATERIAIS DE CONSUMO,CENTER PAPEIS COMERCIAL LTDA.,06.226.820/0001-82,"3.699,20",02/2017
 ATILIO FRANCISCO,REPROGRAFIA (XEROX/ENCADERNAÇÃO),IRISARA COMÉRCIO E SERVIÇOS LTDA.,10.376.277/0001-77,"504,32",02/2017
 ATILIO FRANCISCO,TELEFONE FIXO,TELEFONICA BRASIL S/A,02.558.157/0001-62,"145,03",02/2017
 ATILIO FRANCISCO,TELEFONE MOVEL,NEXTEL TELECOMUNICAÇÕES LTDA,66.970.229/0001-67,"125,70",02/2017
 ATILIO FRANCISCO,COMBUSTIVEL,PANAMBY 10 POSTO DE SERVIÇOS E CONVENIENCIA EIRELI,21.781.198/0001-68,"1.241,23",03/2017
 ATILIO FRANCISCO,COMBUSTIVEL,RIP POSTOS DE SERVIÇO E COM LTDA,43.720.218/0001-23,"460,38",03/2017
 ATILIO FRANCISCO,COMPOSIÇÃO/ARTE/DIAGRAMAÇÃO/PRODUÇÃO/IMPRESSAO GRAFICA,IRISARA COMÉRCIO E SERVIÇOS LTDA.,10.376.277/0001-77,"5.030,00",03/2017
 ATILIO FRANCISCO,CONTRATAÇAO DE PESSOA JURIDICA,SOFT CLEVER INFORMÁTICA LTDA. - ME,00.280.911/0001-10,"468,50",03/2017
 ATILIO FRANCISCO,CONTRATAÇAO DE PESSOA JURIDICA,STYLU FENIX PRODUÇÕES AUDIOVISUAIS LTDA,11.263.684/0001-30,"2.500,00",03/2017
 ATILIO FRANCISCO,INTERMEDIADO - CORREIOS,CAMARA MUNICIPAL DE SÃO PAULO,50.176.288/0001-28,"1.929,78",03/2017
 ATILIO FRANCISCO,INTERMEDIADO - LOCAÇÃO DE VEÍCULOS,CAMARA MUNICIPAL DE SÃO PAULO,50.176.288/0001-28,"2.101,17",03/2017
 ATILIO FRANCISCO,INTERMEDIADO - REPROGRAFIA (XEROX/ENCADERNAÇÃO),CAMARA MUNICIPAL DE SÃO PAULO,50.176.288/0001-28,"12,06",03/2017
 ATILIO FRANCISCO,LOCAÇÃO DE MOVEIS E EQUIPAMENTOS,SOFT CLEVER INFORMÁTICA LTDA. - ME,00.280.911/0001-10,"150,00",03/2017
 ATILIO FRANCISCO,MATERIAL DE ESCRITORIO E OUTROS MATERIAIS DE CONSUMO,CENTER PAPEIS COMERCIAL LTDA.,06.226.820/0001-82,"2.798,75",03/2017
 ATILIO FRANCISCO,TELEFONE FIXO,TELEFONICA BRASIL S/A,02.558.157/0001-62,"145,03",03/2017
 ATILIO FRANCISCO,TELEFONE MOVEL,NEXTEL TELECOMUNICAÇÕES LTDA,66.970.229/0001-67,"120,71",03/2017
 ATILIO FRANCISCO,COMBUSTIVEL,PANAMBY 10 POSTO DE SERVIÇOS E CONVENIENCIA EIRELI,21.781.198/0001-68,"499,03",04/2017
 ATILIO FRANCISCO,COMBUSTIVEL,RIP POSTOS DE SERVIÇO E COM LTDA,43.720.218/0001-23,"832,88",04/2017
 ATILIO FRANCISCO,CONTRATAÇAO DE PESSOA JURIDICA,SOFT CLEVER INFORMÁTICA LTDA. - ME,00.280.911/0001-10,"468,50",04/2017
 ATILIO FRANCISCO,CONTRATAÇAO DE PESSOA JURIDICA,STYLU FENIX PRODUÇÕES AUDIOVISUAIS LTDA,11.263.684/0001-30,"2.500,00",04/2017
 ATILIO FRANCISCO,INTERMEDIADO - CORREIOS,CAMARA MUNICIPAL DE SÃO PAULO,50.176.288/0001-28,"891,39",04/2017
 ATILIO FRANCISCO,INTERMEDIADO - LOCAÇÃO DE VEÍCULOS,CAMARA MUNICIPAL DE SÃO PAULO,50.176.288/0001-28,"2.101,17",04/2017
 ATILIO FRANCISCO,LOCAÇÃO DE MOVEIS E EQUIPAMENTOS,SOFT CLEVER INFORMÁTICA LTDA. - ME,00.280.911/0001-10,"150,00",04/2017
 ATILIO FRANCISCO,MATERIAL DE ESCRITORIO E OUTROS MATERIAIS DE CONSUMO,CENTER PAPEIS COMERCIAL LTDA.,06.226.820/0001-82,"3.985,90",04/2017
 ATILIO FRANCISCO,TELEFONE FIXO,TELEFONICA BRASIL S/A,02.558.157/0001-62,"145,03",04/2017
 ATILIO FRANCISCO,TELEFONE MOVEL,NEXTEL TELECOMUNICAÇÕES LTDA,66.970.229/0001-67,"130,69",04/2017
 ATILIO FRANCISCO,COMBUSTIVEL,PANAMBY 10 POSTO DE SERVIÇOS E CONVENIENCIA EIRELI,21.781.198/0001-68,"941,49",05/2017
 ATILIO FRANCISCO,COMPOSIÇÃO/ARTE/DIAGRAMAÇÃO/PRODUÇÃO/IMPRESSAO GRAFICA,IRISARA COMÉRCIO E SERVIÇOS LTDA.,10.376.277/0001-77,"3.763,00",05/2017
 ATILIO FRANCISCO,COMPOSIÇÃO/ARTE/DIAGRAMAÇÃO/PRODUÇÃO/IMPRESSAO GRAFICA,K2G SUPRIMENTOS DE IMPRESSÃO E INFORMATICA EIRELLI - ME,19.367.661/0001-88,"3.766,00",05/2017
 ATILIO FRANCISCO,CONTRATAÇAO DE PESSOA JURIDICA,SOFT CLEVER INFORMÁTICA LTDA. - ME,00.280.911/0001-10,"468,50",05/2017
 ATILIO FRANCISCO,CONTRATAÇAO DE PESSOA JURIDICA,STYLU FENIX PRODUÇÕES AUDIOVISUAIS LTDA,11.263.684/0001-30,"5.000,00",05/2017
 ATILIO FRANCISCO,INTERMEDIADO - CORREIOS,CAMARA MUNICIPAL DE SÃO PAULO,50.176.288/0001-28,"1.012,99",05/2017
 ATILIO FRANCISCO,INTERMEDIADO - LOCAÇÃO DE VEÍCULOS,CAMARA MUNICIPAL DE SÃO PAULO,50.176.288/0001-28,"2.101,17",05/2017
 ATILIO FRANCISCO,INTERMEDIADO - REPROGRAFIA (XEROX/ENCADERNAÇÃO),CAMARA MUNICIPAL DE SÃO PAULO,50.176.288/0001-28,"1,80",05/2017
 ATILIO FRANCISCO,LOCAÇÃO DE MOVEIS E EQUIPAMENTOS,SOFT CLEVER INFORMÁTICA LTDA. - ME,00.280.911/0001-10,"150,00",05/2017
 ATILIO FRANCISCO,MATERIAL DE ESCRITORIO E OUTROS MATERIAIS DE CONSUMO,CENTER PAPEIS COMERCIAL LTDA.,06.226.820/0001-82,"1.527,10",05/2017
 ATILIO FRANCISCO,TELEFONE FIXO,TELEFONICA BRASIL S/A,02.558.157/0001-62,"145,03",05/2017
 ATILIO FRANCISCO,TELEFONE MOVEL,NEXTEL TELECOMUNICAÇÕES LTDA,66.970.229/0001-67,"120,71",05/2017
 ATILIO FRANCISCO,COMBUSTIVEL,PANAMBY 10 POSTO DE SERVIÇOS E CONVENIENCIA EIRELI,21.781.198/0001-68,"1.265,82",06/2017
 ATILIO FRANCISCO,COMBUSTIVEL,RIP POSTOS DE SERVIÇO E COM LTDA,43.720.218/0001-23,"172,99",06/2017
 ATILIO FRANCISCO,COMPOSIÇÃO/ARTE/DIAGRAMAÇÃO/PRODUÇÃO/IMPRESSAO GRAFICA,IRISARA COMÉRCIO E SERVIÇOS LTDA.,10.376.277/0001-77,"150,00",06/2017
 ATILIO FRANCISCO,COMPOSIÇÃO/ARTE/DIAGRAMAÇÃO/PRODUÇÃO/IMPRESSAO GRAFICA,K2G SUPRIMENTOS DE IMPRESSÃO E INFORMATICA EIRELLI - ME,19.367.661/0001-88,"1.076,00",06/2017
 ATILIO FRANCISCO,CONTRATAÇAO DE PESSOA JURIDICA,SOFT CLEVER INFORMÁTICA LTDA. - ME,00.280.911/0001-10,"468,50",06/2017
 ATILIO FRANCISCO,CONTRATAÇAO DE PESSOA JURIDICA,STYLU FENIX PRODUÇÕES AUDIOVISUAIS LTDA,11.263.684/0001-30,"2.500,00",06/2017
 ATILIO FRANCISCO,INTERMEDIADO - CORREIOS,CAMARA MUNICIPAL DE SÃO PAULO,50.176.288/0001-28,"1.103,65",06/2017
 ATILIO FRANCISCO,INTERMEDIADO - LOCAÇÃO DE VEÍCULOS,CAMARA MUNICIPAL DE SÃO PAULO,50.176.288/0001-28,"2.101,17",06/2017
 ATILIO FRANCISCO,INTERMEDIADO - REPROGRAFIA (XEROX/ENCADERNAÇÃO),CAMARA MUNICIPAL DE SÃO PAULO,50.176.288/0001-28,"45,00",06/2017
 ATILIO FRANCISCO,LOCAÇÃO DE MOVEIS E EQUIPAMENTOS,SOFT CLEVER INFORMÁTICA LTDA. - ME,00.280.911/0001-10,"150,00",06/2017
 ATILIO FRANCISCO,MATERIAL DE ESCRITORIO E OUTROS MATERIAIS DE CONSUMO,CENTER PAPEIS COMERCIAL LTDA.,06.226.820/0001-82,"2.381,25",06/2017
 ATILIO FRANCISCO,TELEFONE MOVEL,NEXTEL TELECOMUNICAÇÕES LTDA,66.970.229/0001-67,"133,30",06/2017
 ATILIO FRANCISCO,COMBUSTIVEL,PANAMBY 10 POSTO DE SERVIÇOS E CONVENIENCIA EIRELI,21.781.198/0001-68,"1.171,38",07/2017
 ATILIO FRANCISCO,COMBUSTIVEL,RIP POSTOS DE SERVIÇO E COM LTDA,43.720.218/0001-23,"115,33",07/2017
 ATILIO FRANCISCO,COMPOSIÇÃO/ARTE/DIAGRAMAÇÃO/PRODUÇÃO/IMPRESSAO GRAFICA,IRISARA COMÉRCIO E SERVIÇOS LTDA.,10.376.277/0001-77,"4.035,00",07/2017
 ATILIO FRANCISCO,CONTRATAÇAO DE PESSOA JURIDICA,SOFT CLEVER INFORMÁTICA LTDA. - ME,00.280.911/0001-10,"468,50",07/2017
 ATILIO FRANCISCO,CONTRATAÇAO DE PESSOA JURIDICA,STYLU FENIX PRODUÇÕES AUDIOVISUAIS LTDA,11.263.684/0001-30,"2.500,00",07/2017
 ATILIO FRANCISCO,INTERMEDIADO - CORREIOS,CAMARA MUNICIPAL DE SÃO PAULO,50.176.288/0001-28,"1.176,60",07/2017
 ATILIO FRANCISCO,INTERMEDIADO - LOCAÇÃO DE VEÍCULOS,CAMARA MUNICIPAL DE SÃO PAULO,50.176.288/0001-28,"2.101,17",07/2017
 ATILIO FRANCISCO,INTERMEDIADO - REPROGRAFIA (XEROX/ENCADERNAÇÃO),CAMARA MUNICIPAL DE SÃO PAULO,50.176.288/0001-28,"1,44",07/2017
 ATILIO FRANCISCO,LOCAÇÃO DE MOVEIS E EQUIPAMENTOS,SOFT CLEVER INFORMÁTICA LTDA. - ME,00.280.911/0001-10,"150,00",07/2017
 ATILIO FRANCISCO,MATERIAL DE ESCRITORIO E OUTROS MATERIAIS DE CONSUMO,CENTER PAPEIS COMERCIAL LTDA.,06.226.820/0001-82,"2.911,90",07/2017
 ATILIO FRANCISCO,REPROGRAFIA (XEROX/ENCADERNAÇÃO),IRISARA COMÉRCIO E SERVIÇOS LTDA.,10.376.277/0001-77,"801,00",07/2017
 ATILIO FRANCISCO,TELEFONE FIXO,TELEFONICA BRASIL S/A,02.558.157/0001-62,"145,03",07/2017
 ATILIO FRANCISCO,TELEFONE MOVEL,NEXTEL TELECOMUNICAÇÕES LTDA,66.970.229/0001-67,"113,34",07/2017
 ATILIO FRANCISCO,COMBUSTIVEL,RIP POSTOS DE SERVIÇO E COM LTDA,43.720.218/0001-23,"1.263,67",08/2017
 ATILIO FRANCISCO,COMPOSIÇÃO/ARTE/DIAGRAMAÇÃO/PRODUÇÃO/IMPRESSAO GRAFICA,IRISARA COMÉRCIO E SERVIÇOS LTDA.,10.376.277/0001-77,"3.819,80",08/2017
 ATILIO FRANCISCO,CONTRATAÇAO DE PESSOA JURIDICA,SOFT CLEVER INFORMÁTICA LTDA. - ME,00.280.911/0001-10,"468,50",08/2017
 ATILIO FRANCISCO,CONTRATAÇAO DE PESSOA JURIDICA,STYLU FENIX PRODUÇÕES AUDIOVISUAIS LTDA,11.263.684/0001-30,"2.500,00",08/2017
 ATILIO FRANCISCO,INTERMEDIADO - CORREIOS,CAMARA MUNICIPAL DE SÃO PAULO,50.176.288/0001-28,"1.092,80",08/2017
 ATILIO FRANCISCO,INTERMEDIADO - LOCAÇÃO DE VEÍCULOS,CAMARA MUNICIPAL DE SÃO PAULO,50.176.288/0001-28,"2.101,17",08/2017
 ATILIO FRANCISCO,LIMPEZA DE VEICULOS,RIP POSTOS DE SERVIÇO E COM LTDA,43.720.218/0001-23,"20,00",08/2017
 ATILIO FRANCISCO,LOCAÇÃO DE MOVEIS E EQUIPAMENTOS,SOFT CLEVER INFORMÁTICA LTDA. - ME,00.280.911/0001-10,"150,00",08/2017
 ATILIO FRANCISCO,MATERIAL DE ESCRITORIO E OUTROS MATERIAIS DE CONSUMO,CENTER PAPEIS COMERCIAL LTDA.,06.226.820/0001-82,"1.165,95",08/2017
 ATILIO FRANCISCO,TELEFONE FIXO,TELEFONICA BRASIL S/A,02.558.157/0001-62,"144,83",08/2017
 ATILIO FRANCISCO,TELEFONE MOVEL,NEXTEL TELECOMUNICAÇÕES LTDA,66.970.229/0001-67,"113,34",08/2017
 ATILIO FRANCISCO,COMBUSTIVEL,PANAMBY 10 POSTO DE SERVIÇOS E CONVENIENCIA EIRELI,21.781.198/0001-68,"281,02",09/2017
 ATILIO FRANCISCO,COMBUSTIVEL,RIP POSTOS DE SERVIÇO E COM LTDA,43.720.218/0001-23,"1.353,76",09/2017
 ATILIO FRANCISCO,COMPOSIÇÃO/ARTE/DIAGRAMAÇÃO/PRODUÇÃO/IMPRESSAO GRAFICA,IRISARA COMÉRCIO E SERVIÇOS LTDA.,10.376.277/0001-77,"3.459,20",09/2017
 ATILIO FRANCISCO,CONTRATAÇAO DE PESSOA JURIDICA,SOFT CLEVER INFORMÁTICA LTDA. - ME,00.280.911/0001-10,"468,50",09/2017
 ATILIO FRANCISCO,CONTRATAÇAO DE PESSOA JURIDICA,STYLU FENIX PRODUÇÕES AUDIOVISUAIS LTDA,11.263.684/0001-30,"2.500,00",09/2017
 ATILIO FRANCISCO,INTERMEDIADO - CORREIOS,CAMARA MUNICIPAL DE SÃO PAULO,50.176.288/0001-28,"1.247,14",09/2017
 ATILIO FRANCISCO,INTERMEDIADO - LOCAÇÃO DE VEÍCULOS,CAMARA MUNICIPAL DE SÃO PAULO,50.176.288/0001-28,"2.101,17",09/2017
 ATILIO FRANCISCO,INTERMEDIADO - REPROGRAFIA (XEROX/ENCADERNAÇÃO),CAMARA MUNICIPAL DE SÃO PAULO,50.176.288/0001-28,"4,86",09/2017
 ATILIO FRANCISCO,LIMPEZA DE VEICULOS,RIP POSTOS DE SERVIÇO E COM LTDA,43.720.218/0001-23,"50,00",09/2017
 ATILIO FRANCISCO,LOCAÇÃO DE MOVEIS E EQUIPAMENTOS,SOFT CLEVER INFORMÁTICA LTDA. - ME,00.280.911/0001-10,"150,00",09/2017
 ATILIO FRANCISCO,MATERIAL DE ESCRITORIO E OUTROS MATERIAIS DE CONSUMO,CENTER PAPEIS COMERCIAL LTDA.,06.226.820/0001-82,"1.642,95",09/2017
 ATILIO FRANCISCO,MATERIAL DE ESCRITORIO E OUTROS MATERIAIS DE CONSUMO,K2G SUPRIMENTOS DE IMPRESSÃO E INFORMATICA EIRELLI - ME,19.367.661/0001-88,"185,00",09/2017
 ATILIO FRANCISCO,REPROGRAFIA (XEROX/ENCADERNAÇÃO),IRISARA COMÉRCIO E SERVIÇOS LTDA.,10.376.277/0001-77,"200,00",09/2017
 ATILIO FRANCISCO,TELEFONE FIXO,TELEFONICA BRASIL S/A,02.558.157/0001-62,"143,73",09/2017
 ATILIO FRANCISCO,COMBUSTIVEL,RIP POSTOS DE SERVIÇO E COM LTDA,43.720.218/0001-23,"1.550,14",10/2017
 ATILIO FRANCISCO,COMPOSIÇÃO/ARTE/DIAGRAMAÇÃO/PRODUÇÃO/IMPRESSAO GRAFICA,IRISARA COMÉRCIO E SERVIÇOS LTDA.,10.376.277/0001-77,"2.992,00",10/2017
 ATILIO FRANCISCO,CONTRATAÇAO DE PESSOA JURIDICA,ALEXANDER SANTANNA ANTONIO SERVIÇOS E TECNOLOGIA - ME,07.983.427/0001-04,"4.000,00",10/2017
 ATILIO FRANCISCO,CONTRATAÇAO DE PESSOA JURIDICA,STYLU FENIX PRODUÇÕES AUDIOVISUAIS LTDA,11.263.684/0001-30,"2.500,00",10/2017
 ATILIO FRANCISCO,INTERMEDIADO - CORREIOS,CAMARA MUNICIPAL DE SÃO PAULO,50.176.288/0001-28,"998,39",10/2017
 ATILIO FRANCISCO,INTERMEDIADO - LOCAÇÃO DE VEÍCULOS,CAMARA MUNICIPAL DE SÃO PAULO,50.176.288/0001-28,"2.101,17",10/2017
 ATILIO FRANCISCO,INTERMEDIADO - REPROGRAFIA (XEROX/ENCADERNAÇÃO),CAMARA MUNICIPAL DE SÃO PAULO,50.176.288/0001-28,"8,98",10/2017
 ATILIO FRANCISCO,LIMPEZA DE VEICULOS,RIP POSTOS DE SERVIÇO E COM LTDA,43.720.218/0001-23,"50,00",10/2017
 ATILIO FRANCISCO,MATERIAL DE ESCRITORIO E OUTROS MATERIAIS DE CONSUMO,CENTER PAPEIS COMERCIAL LTDA.,06.226.820/0001-82,"1.524,20",10/2017
 ATILIO FRANCISCO,REPROGRAFIA (XEROX/ENCADERNAÇÃO),IRISARA COMÉRCIO E SERVIÇOS LTDA.,10.376.277/0001-77,"810,00",10/2017
 ATILIO FRANCISCO,TELEFONE FIXO,TELEFONICA BRASIL S/A,02.558.157/0001-62,"162,34",10/2017
 ATILIO FRANCISCO,TELEFONE MOVEL,NEXTEL TELECOMUNICAÇÕES LTDA,66.970.229/0001-67,"113,34",10/2017
 ATILIO FRANCISCO,ASSINATURA DE JORNAIS E REVISTAS,S.A O ESTADO DE S. PAULO,61.533.949/0001-41,"597,93",11/2017
 ATILIO FRANCISCO,COMBUSTIVEL,RIP POSTOS DE SERVIÇO E COM LTDA,43.720.218/0001-23,"1.452,61",11/2017
 ATILIO FRANCISCO,COMPOSIÇÃO/ARTE/DIAGRAMAÇÃO/PRODUÇÃO/IMPRESSAO GRAFICA,GROW UP GRÁFICA E SOLUÇÕES MERCADOLÓGICAS EIRELI-EPP,04.477.252/0001-67,"3.990,56",11/2017
 ATILIO FRANCISCO,COMPOSIÇÃO/ARTE/DIAGRAMAÇÃO/PRODUÇÃO/IMPRESSAO GRAFICA,IRISARA COMÉRCIO E SERVIÇOS LTDA.,10.376.277/0001-77,"1.232,00",11/2017
 ATILIO FRANCISCO,CONTRATAÇAO DE PESSOA JURIDICA,ALEXANDER SANTANNA ANTONIO SERVIÇOS E TECNOLOGIA - ME,07.983.427/0001-04,"4.000,00",11/2017
 ATILIO FRANCISCO,CONTRATAÇAO DE PESSOA JURIDICA,STYLU FENIX PRODUÇÕES AUDIOVISUAIS LTDA,11.263.684/0001-30,"4.000,00",11/2017
 ATILIO FRANCISCO,INTERMEDIADO - CORREIOS,CAMARA MUNICIPAL DE SÃO PAULO,50.176.288/0001-28,"947,75",11/2017
 ATILIO FRANCISCO,INTERMEDIADO - LOCAÇÃO DE VEÍCULOS,CAMARA MUNICIPAL DE SÃO PAULO,50.176.288/0001-28,"2.101,17",11/2017
 ATILIO FRANCISCO,MATERIAL DE ESCRITORIO E OUTROS MATERIAIS DE CONSUMO,CENTER PAPEIS COMERCIAL LTDA.,06.226.820/0001-82,"3.474,45",11/2017
 ATILIO FRANCISCO,REPROGRAFIA (XEROX/ENCADERNAÇÃO),IRISARA COMÉRCIO E SERVIÇOS LTDA.,10.376.277/0001-77,"639,00",11/2017
 ATILIO FRANCISCO,TELEFONE FIXO,TELEFONICA BRASIL S/A,02.558.157/0001-62,"158,12",11/2017
 ATILIO FRANCISCO,TELEFONE MOVEL,NEXTEL TELECOMUNICAÇÕES LTDA,66.970.229/0001-67,"113,34",11/2017
 ATILIO FRANCISCO,COMBUSTIVEL,RIP POSTOS DE SERVIÇO E COM LTDA,43.720.218/0001-23,"1.098,28",12/2017
 ATILIO FRANCISCO,COMPOSIÇÃO/ARTE/DIAGRAMAÇÃO/PRODUÇÃO/IMPRESSAO GRAFICA,IRISARA COMÉRCIO E SERVIÇOS LTDA.,10.376.277/0001-77,"4.543,00",12/2017
 ATILIO FRANCISCO,COMPOSIÇÃO/ARTE/DIAGRAMAÇÃO/PRODUÇÃO/IMPRESSAO GRAFICA,K2G SUPRIMENTOS DE IMPRESSÃO E INFORMATICA EIRELLI - ME,19.367.661/0001-88,"3.225,00",12/2017
 ATILIO FRANCISCO,CONTRATAÇAO DE PESSOA JURIDICA,ALEXANDER SANTANNA ANTONIO SERVIÇOS E TECNOLOGIA - ME,07.983.427/0001-04,"4.000,00",12/2017
 ATILIO FRANCISCO,CONTRATAÇAO DE PESSOA JURIDICA,STYLU FENIX PRODUÇÕES AUDIOVISUAIS LTDA,11.263.684/0001-30,"4.000,00",12/2017
 ATILIO FRANCISCO,INTERMEDIADO - CORREIOS,CAMARA MUNICIPAL DE SÃO PAULO,50.176.288/0001-28,"34.883,18",12/2017
 ATILIO FRANCISCO,INTERMEDIADO - LOCAÇÃO DE VEÍCULOS,CAMARA MUNICIPAL DE SÃO PAULO,50.176.288/0001-28,"2.101,17",12/2017
 ATILIO FRANCISCO,LIMPEZA DE VEICULOS,RIP POSTOS DE SERVIÇO E COM LTDA,43.720.218/0001-23,"50,00",12/2017
 ATILIO FRANCISCO,LOCAÇÃO DE MOVEIS E EQUIPAMENTOS,K2G SUPRIMENTOS DE IMPRESSÃO E INFORMATICA EIRELLI - ME,19.367.661/0001-88,"200,00",12/2017
 ATILIO FRANCISCO,MATERIAL DE ESCRITORIO E OUTROS MATERIAIS DE CONSUMO,CENTER PAPEIS COMERCIAL LTDA.,06.226.820/0001-82,"7.987,25",12/2017
 ATILIO FRANCISCO,REPROGRAFIA (XEROX/ENCADERNAÇÃO),IRISARA COMÉRCIO E SERVIÇOS LTDA.,10.376.277/0001-77,"2.220,00",12/2017
 ATILIO FRANCISCO,TELEFONE FIXO,TELEFONICA BRASIL S/A,02.558.157/0001-62,"145,61",12/2017
 ATILIO FRANCISCO,TELEFONE MOVEL,NEXTEL TELECOMUNICAÇÕES LTDA,66.970.229/0001-67,"113,34",12/2017
 ATILIO FRANCISCO,COMBUSTIVEL,RIP POSTOS DE SERVIÇO E COM LTDA,43.720.218/0001-23,"790,68",01/2018
 ATILIO FRANCISCO,CONTRATAÇAO DE PESSOA JURIDICA,ALEXANDER SANTANNA ANTONIO SERVIÇOS E TECNOLOGIA - ME,07.983.427/0001-04,"4.000,00",01/2018
 ATILIO FRANCISCO,CONTRATAÇAO DE PESSOA JURIDICA,STYLU FENIX PRODUÇÕES AUDIOVISUAIS LTDA,11.263.684/0001-30,"4.000,00",01/2018
 ATILIO FRANCISCO,INTERMEDIADO - CORREIOS,CAMARA MUNICIPAL DE SÃO PAULO,50.176.288/0001-28,"87,68",01/2018
 ATILIO FRANCISCO,INTERMEDIADO - LOCAÇÃO DE VEÍCULOS,CAMARA MUNICIPAL DE SÃO PAULO,50.176.288/0001-28,"2.137,42",01/2018
 ATILIO FRANCISCO,MATERIAL DE ESCRITORIO E OUTROS MATERIAIS DE CONSUMO,CENTER PAPEIS COMERCIAL LTDA.,06.226.820/0001-82,"3.983,15",01/2018
 ATILIO FRANCISCO,TELEFONE FIXO,TELEFONICA BRASIL S/A,02.558.157/0001-62,"161,32",01/2018
 ATILIO FRANCISCO,TELEFONE MOVEL,NEXTEL TELECOMUNICAÇÕES LTDA,66.970.229/0001-67,"124,99",01/2018
 ATILIO FRANCISCO,COMBUSTIVEL,RIP POSTOS DE SERVIÇO E COM LTDA,43.720.218/0001-23,"993,30",02/2018
 ATILIO FRANCISCO,CONTRATAÇAO DE PESSOA JURIDICA,ALEXANDER SANTANNA ANTONIO SERVIÇOS E TECNOLOGIA - ME,07.983.427/0001-04,"4.000,00",02/2018
 ATILIO FRANCISCO,CONTRATAÇAO DE PESSOA JURIDICA,STYLU FENIX PRODUÇÕES AUDIOVISUAIS LTDA,11.263.684/0001-30,"4.000,00",02/2018
 ATILIO FRANCISCO,INTERMEDIADO - CORREIOS,CAMARA MUNICIPAL DE SÃO PAULO,50.176.288/0001-28,"1.454,26",02/2018
 ATILIO FRANCISCO,INTERMEDIADO - LOCAÇÃO DE VEÍCULOS,CAMARA MUNICIPAL DE SÃO PAULO,50.176.288/0001-28,"2.148,45",02/2018
 ATILIO FRANCISCO,MATERIAL DE ESCRITORIO E OUTROS MATERIAIS DE CONSUMO,CENTER PAPEIS COMERCIAL LTDA.,06.226.820/0001-82,"2.147,10",02/2018
 ATILIO FRANCISCO,MATERIAL DE ESCRITORIO E OUTROS MATERIAIS DE CONSUMO,K2G SUPRIMENTOS DE IMPRESSÃO E INFORMATICA EIRELLI - ME,19.367.661/0001-88,"230,00",02/2018
 ATILIO FRANCISCO,TELEFONE FIXO,TELEFONICA BRASIL S/A,02.558.157/0001-62,"161,32",02/2018
 ATILIO FRANCISCO,TELEFONE MOVEL,NEXTEL TELECOMUNICAÇÕES LTDA,66.970.229/0001-67,"104,99",02/2018
 ATILIO FRANCISCO,COMBUSTIVEL,RIP POSTOS DE SERVIÇO E COM LTDA,43.720.218/0001-23,"1.450,81",03/2018
 ATILIO FRANCISCO,COMPOSIÇÃO/ARTE/DIAGRAMAÇÃO/PRODUÇÃO/IMPRESSAO GRAFICA,IRISARA COMÉRCIO E SERVIÇOS LTDA.,10.376.277/0001-77,"5.723,00",03/2018
 ATILIO FRANCISCO,CONTRATAÇAO DE PESSOA JURIDICA,ALEXANDER SANTANNA ANTONIO SERVIÇOS E TECNOLOGIA - ME,07.983.427/0001-04,"4.000,00",03/2018
 ATILIO FRANCISCO,CONTRATAÇAO DE PESSOA JURIDICA,STYLU FENIX PRODUÇÕES AUDIOVISUAIS LTDA,11.263.684/0001-30,"4.000,00",03/2018
 ATILIO FRANCISCO,INTERMEDIADO - CORREIOS,CAMARA MUNICIPAL DE SÃO PAULO,50.176.288/0001-28,"1.284,99",03/2018
 ATILIO FRANCISCO,INTERMEDIADO - LOCAÇÃO DE VEÍCULOS,CAMARA MUNICIPAL DE SÃO PAULO,50.176.288/0001-28,"2.148,45",03/2018
 ATILIO FRANCISCO,LIMPEZA DE VEICULOS,RIP POSTOS DE SERVIÇO E COM LTDA,43.720.218/0001-23,"50,00",03/2018
 ATILIO FRANCISCO,MATERIAL DE ESCRITORIO E OUTROS MATERIAIS DE CONSUMO,CENTER PAPEIS COMERCIAL LTDA.,06.226.820/0001-82,"1.996,65",03/2018
 ATILIO FRANCISCO,MATERIAL DE ESCRITORIO E OUTROS MATERIAIS DE CONSUMO,K2G SUPRIMENTOS DE IMPRESSÃO E INFORMATICA EIRELLI - ME,19.367.661/0001-88,"760,00",03/2018
 ATILIO FRANCISCO,TELEFONE FIXO,TELEFONICA BRASIL S/A,02.558.157/0001-62,"161,03",03/2018
 ATILIO FRANCISCO,TELEFONE MOVEL,NEXTEL TELECOMUNICAÇÕES LTDA,66.970.229/0001-67,"124,99",03/2018
 ATILIO FRANCISCO,COMBUSTIVEL,RIP POSTOS DE SERVIÇO E COM LTDA,43.720.218/0001-23,"1.271,14",04/2018
 ATILIO FRANCISCO,CONTRATAÇAO DE PESSOA JURIDICA,ALEXANDER SANTANNA ANTONIO SERVIÇOS E TECNOLOGIA - ME,07.983.427/0001-04,"4.000,00",04/2018
 ATILIO FRANCISCO,CONTRATAÇAO DE PESSOA JURIDICA,STYLU FENIX PRODUÇÕES AUDIOVISUAIS LTDA,11.263.684/0001-30,"4.000,00",04/2018
 ATILIO FRANCISCO,INTERMEDIADO - CORREIOS,CAMARA MUNICIPAL DE SÃO PAULO,50.176.288/0001-28,"1.037,62",04/2018
 ATILIO FRANCISCO,INTERMEDIADO - LOCAÇÃO DE VEÍCULOS,CAMARA MUNICIPAL DE SÃO PAULO,50.176.288/0001-28,"2.148,45",04/2018
 ATILIO FRANCISCO,LIMPEZA DE VEICULOS,RIP POSTOS DE SERVIÇO E COM LTDA,43.720.218/0001-23,"100,00",04/2018
 ATILIO FRANCISCO,MATERIAL DE ESCRITORIO E OUTROS MATERIAIS DE CONSUMO,CENTER PAPEIS COMERCIAL LTDA.,06.226.820/0001-82,"1.889,25",04/2018
 ATILIO FRANCISCO,MATERIAL DE ESCRITORIO E OUTROS MATERIAIS DE CONSUMO,K2G SUPRIMENTOS DE IMPRESSÃO E INFORMATICA EIRELLI - ME,19.367.661/0001-88,"380,00",04/2018
 ATILIO FRANCISCO,TELEFONE FIXO,TELEFONICA BRASIL S/A,02.558.157/0001-62,"168,54",04/2018
 ATILIO FRANCISCO,TELEFONE MOVEL,NEXTEL TELECOMUNICAÇÕES LTDA,66.970.229/0001-67,"113,66",04/2018
 ATILIO FRANCISCO,COMBUSTIVEL,RIP POSTOS DE SERVIÇO E COM LTDA,43.720.218/0001-23,"1.116,31",05/2018
 ATILIO FRANCISCO,COMPOSIÇÃO/ARTE/DIAGRAMAÇÃO/PRODUÇÃO/IMPRESSAO GRAFICA,GROW UP GRÁFICA E SOLUÇÕES MERCADOLÓGICAS EIRELI-EPP,04.477.252/0001-67,"4.253,68",05/2018
 ATILIO FRANCISCO,CONTRATAÇAO DE PESSOA JURIDICA,ALEXANDER SANTANNA ANTONIO SERVIÇOS E TECNOLOGIA - ME,07.983.427/0001-04,"4.000,00",05/2018
 ATILIO FRANCISCO,CONTRATAÇAO DE PESSOA JURIDICA,STYLU FENIX PRODUÇÕES AUDIOVISUAIS LTDA,11.263.684/0001-30,"2.807,00",05/2018
 ATILIO FRANCISCO,CONTRATAÇAO DE PESSOA JURIDICA,MIRIAM ZIBORDI,30.244.087/0001-03,"1.192,50",05/2018
 ATILIO FRANCISCO,INTERMEDIADO - CORREIOS,CAMARA MUNICIPAL DE SÃO PAULO,50.176.288/0001-28,"1.565,54",05/2018
 ATILIO FRANCISCO,INTERMEDIADO - LOCAÇÃO DE VEÍCULOS,CAMARA MUNICIPAL DE SÃO PAULO,50.176.288/0001-28,"2.148,45",05/2018
 ATILIO FRANCISCO,LOCAÇÃO DE MOVEIS E EQUIPAMENTOS,K2G SUPRIMENTOS DE IMPRESSÃO E INFORMATICA EIRELLI - ME,19.367.661/0001-88,"200,00",05/2018
 ATILIO FRANCISCO,MATERIAL DE ESCRITORIO E OUTROS MATERIAIS DE CONSUMO,CENTER PAPEIS COMERCIAL LTDA.,06.226.820/0001-82,"2.333,50",05/2018
 ATILIO FRANCISCO,MATERIAL DE ESCRITORIO E OUTROS MATERIAIS DE CONSUMO,K2G SUPRIMENTOS DE IMPRESSÃO E INFORMATICA EIRELLI - ME,19.367.661/0001-88,"330,00",05/2018
 ATILIO FRANCISCO,REPROGRAFIA (XEROX/ENCADERNAÇÃO),IRISARA COMÉRCIO E SERVIÇOS LTDA.,10.376.277/0001-77,"289,00",05/2018
 ATILIO FRANCISCO,TELEFONE MOVEL,NEXTEL TELECOMUNICAÇÕES LTDA,66.970.229/0001-67,"124,99",05/2018
 ATILIO FRANCISCO,COMBUSTIVEL,RIP POSTOS DE SERVIÇO E COM LTDA,43.720.218/0001-23,"1.402,13",06/2018
 ATILIO FRANCISCO,COMPOSIÇÃO/ARTE/DIAGRAMAÇÃO/PRODUÇÃO/IMPRESSAO GRAFICA,IRISARA COMÉRCIO E SERVIÇOS LTDA.,10.376.277/0001-77,"3.094,00",06/2018
 ATILIO FRANCISCO,CONTRATAÇAO DE PESSOA JURIDICA,ALEXANDER SANTANNA ANTONIO SERVIÇOS E TECNOLOGIA - ME,07.983.427/0001-04,"4.000,00",06/2018
 ATILIO FRANCISCO,CONTRATAÇAO DE PESSOA JURIDICA,STYLU FENIX PRODUÇÕES AUDIOVISUAIS LTDA,11.263.684/0001-30,"2.807,00",06/2018
 ATILIO FRANCISCO,INTERMEDIADO - CORREIOS,CAMARA MUNICIPAL DE SÃO PAULO,50.176.288/0001-28,"1.300,31",06/2018
 ATILIO FRANCISCO,INTERMEDIADO - LOCAÇÃO DE VEÍCULOS,CAMARA MUNICIPAL DE SÃO PAULO,50.176.288/0001-28,"2.148,45",06/2018
 ATILIO FRANCISCO,LIMPEZA DE VEICULOS,RIP POSTOS DE SERVIÇO E COM LTDA,43.720.218/0001-23,"100,00",06/2018
 ATILIO FRANCISCO,LOCAÇÃO DE MOVEIS E EQUIPAMENTOS,K2G SUPRIMENTOS DE IMPRESSÃO E INFORMATICA EIRELLI - ME,19.367.661/0001-88,"200,00",06/2018
 ATILIO FRANCISCO,MATERIAL DE ESCRITORIO E OUTROS MATERIAIS DE CONSUMO,CENTER PAPEIS COMERCIAL LTDA.,06.226.820/0001-82,"1.760,95",06/2018
 ATILIO FRANCISCO,MATERIAL DE ESCRITORIO E OUTROS MATERIAIS DE CONSUMO,K2G SUPRIMENTOS DE IMPRESSÃO E INFORMATICA EIRELLI - ME,19.367.661/0001-88,"675,00",06/2018
 ATILIO FRANCISCO,TELEFONE MOVEL,NEXTEL TELECOMUNICAÇÕES LTDA,66.970.229/0001-67,"124,99",06/2018
 ATILIO FRANCISCO,COMBUSTIVEL,RIP POSTOS DE SERVIÇO E COM LTDA,43.720.218/0001-23,"1.224,04",07/2018
 ATILIO FRANCISCO,COMPOSIÇÃO/ARTE/DIAGRAMAÇÃO/PRODUÇÃO/IMPRESSAO GRAFICA,IRISARA COMÉRCIO E SERVIÇOS LTDA.,10.376.277/0001-77,"2.988,00",07/2018
 ATILIO FRANCISCO,CONTRATAÇAO DE PESSOA JURIDICA,ALEXANDER SANTANNA ANTONIO SERVIÇOS E TECNOLOGIA - ME,07.983.427/0001-04,"4.000,00",07/2018
 ATILIO FRANCISCO,CONTRATAÇAO DE PESSOA JURIDICA,STYLU FENIX PRODUÇÕES AUDIOVISUAIS LTDA,11.263.684/0001-30,"2.330,50",07/2018
 ATILIO FRANCISCO,CONTRATAÇAO DE PESSOA JURIDICA,MIRIAM ZIBORDI,30.244.087/0001-03,"1.669,50",07/2018
 ATILIO FRANCISCO,INTERMEDIADO - CORREIOS,CAMARA MUNICIPAL DE SÃO PAULO,50.176.288/0001-28,"1.038,73",07/2018
 ATILIO FRANCISCO,INTERMEDIADO - LOCAÇÃO DE VEÍCULOS,CAMARA MUNICIPAL DE SÃO PAULO,50.176.288/0001-28,"2.148,45",07/2018
 ATILIO FRANCISCO,INTERMEDIADO - REPROGRAFIA (XEROX/ENCADERNAÇÃO),CAMARA MUNICIPAL DE SÃO PAULO,50.176.288/0001-28,"27,72",07/2018
 ATILIO FRANCISCO,LIMPEZA DE VEICULOS,RIP POSTOS DE SERVIÇO E COM LTDA,43.720.218/0001-23,"50,00",07/2018
 ATILIO FRANCISCO,LOCAÇÃO DE MOVEIS E EQUIPAMENTOS,K2G SUPRIMENTOS DE IMPRESSÃO E INFORMATICA EIRELLI - ME,19.367.661/0001-88,"200,00",07/2018
 ATILIO FRANCISCO,MATERIAL DE ESCRITORIO E OUTROS MATERIAIS DE CONSUMO,CENTER PAPEIS COMERCIAL LTDA.,06.226.820/0001-82,"1.448,80",07/2018
 ATILIO FRANCISCO,TELEFONE FIXO,TELEFONICA BRASIL S/A,02.558.157/0001-62,"165,53",07/2018
 ATILIO FRANCISCO,TELEFONE MOVEL,NEXTEL TELECOMUNICAÇÕES LTDA,66.970.229/0001-67,"50,00",07/2018
 ATILIO FRANCISCO,COMBUSTIVEL,RIP POSTOS DE SERVIÇO E COM LTDA,43.720.218/0001-23,"1.859,04",08/2018
 ATILIO FRANCISCO,COMPOSIÇÃO/ARTE/DIAGRAMAÇÃO/PRODUÇÃO/IMPRESSAO GRAFICA,IRISARA COMÉRCIO E SERVIÇOS LTDA.,10.376.277/0001-77,"2.552,00",08/2018
 ATILIO FRANCISCO,CONTRATAÇAO DE PESSOA JURIDICA,ALEXANDER SANTANNA ANTONIO SERVIÇOS E TECNOLOGIA - ME,07.983.427/0001-04,"4.000,00",08/2018
 ATILIO FRANCISCO,CONTRATAÇAO DE PESSOA JURIDICA,STYLU FENIX PRODUÇÕES AUDIOVISUAIS LTDA,11.263.684/0001-30,"3.522,00",08/2018
 ATILIO FRANCISCO,CONTRATAÇAO DE PESSOA JURIDICA,MIRIAM ZIBORDI,30.244.087/0001-03,"477,00",08/2018
 ATILIO FRANCISCO,INTERMEDIADO - CORREIOS,CAMARA MUNICIPAL DE SÃO PAULO,50.176.288/0001-28,"973,34",08/2018
 ATILIO FRANCISCO,INTERMEDIADO - LOCAÇÃO DE VEÍCULOS,CAMARA MUNICIPAL DE SÃO PAULO,50.176.288/0001-28,"2.148,45",08/2018
 ATILIO FRANCISCO,LOCAÇÃO DE MOVEIS E EQUIPAMENTOS,K2G SUPRIMENTOS DE IMPRESSÃO E INFORMATICA EIRELLI - ME,19.367.661/0001-88,"200,00",08/2018
 ATILIO FRANCISCO,MATERIAL DE ESCRITORIO E OUTROS MATERIAIS DE CONSUMO,CENTER PAPEIS COMERCIAL LTDA.,06.226.820/0001-82,"3.956,35",08/2018
 ATILIO FRANCISCO,REPROGRAFIA (XEROX/ENCADERNAÇÃO),IRISARA COMÉRCIO E SERVIÇOS LTDA.,10.376.277/0001-77,"180,00",08/2018
 ATILIO FRANCISCO,TELEFONE FIXO,TELEFONICA BRASIL S/A,02.558.157/0001-62,"161,87",08/2018
 ATILIO FRANCISCO,COMBUSTIVEL,RIP POSTOS DE SERVIÇO E COM LTDA,43.720.218/0001-23,"1.174,69",09/2018
 ATILIO FRANCISCO,COMPOSIÇÃO/ARTE/DIAGRAMAÇÃO/PRODUÇÃO/IMPRESSAO GRAFICA,IRISARA COMÉRCIO E SERVIÇOS LTDA.,10.376.277/0001-77,"660,00",09/2018
 ATILIO FRANCISCO,CONTRATAÇAO DE PESSOA JURIDICA,ALEXANDER SANTANNA ANTONIO SERVIÇOS E TECNOLOGIA - ME,07.983.427/0001-04,"4.000,00",09/2018
 ATILIO FRANCISCO,CONTRATAÇAO DE PESSOA JURIDICA,STYLU FENIX PRODUÇÕES AUDIOVISUAIS LTDA,11.263.684/0001-30,"3.522,00",09/2018
 ATILIO FRANCISCO,CONTRATAÇAO DE PESSOA JURIDICA,MIRIAM ZIBORDI,30.244.087/0001-03,"365,70",09/2018
 ATILIO FRANCISCO,INTERMEDIADO - CORREIOS,CAMARA MUNICIPAL DE SÃO PAULO,50.176.288/0001-28,"1.027,26",09/2018
 ATILIO FRANCISCO,INTERMEDIADO - LOCAÇÃO DE VEÍCULOS,CAMARA MUNICIPAL DE SÃO PAULO,50.176.288/0001-28,"2.148,45",09/2018
 ATILIO FRANCISCO,LIMPEZA DE VEICULOS,RIP POSTOS DE SERVIÇO E COM LTDA,43.720.218/0001-23,"150,00",09/2018
 ATILIO FRANCISCO,LOCAÇÃO DE MOVEIS E EQUIPAMENTOS,K2G SUPRIMENTOS DE IMPRESSÃO E INFORMATICA EIRELLI - ME,19.367.661/0001-88,"200,00",09/2018
 ATILIO FRANCISCO,MATERIAL DE ESCRITORIO E OUTROS MATERIAIS DE CONSUMO,CENTER PAPEIS COMERCIAL LTDA.,06.226.820/0001-82,"2.833,55",09/2018
 ATILIO FRANCISCO,TELEFONE FIXO,TELEFONICA BRASIL S/A,02.558.157/0001-62,"165,53",09/2018
 ATILIO FRANCISCO,TELEFONE MOVEL,NEXTEL TELECOMUNICAÇÕES LTDA,66.970.229/0001-67,"112,49",09/2018
 ATILIO FRANCISCO,COMBUSTIVEL,RIP POSTOS DE SERVIÇO E COM LTDA,43.720.218/0001-23,"1.398,82",10/2018
 ATILIO FRANCISCO,COMPOSIÇÃO/ARTE/DIAGRAMAÇÃO/PRODUÇÃO/IMPRESSAO GRAFICA,IRISARA COMÉRCIO E SERVIÇOS LTDA.,10.376.277/0001-77,"3.735,00",10/2018
 ATILIO FRANCISCO,CONTRATAÇAO DE PESSOA JURIDICA,ALEXANDER SANTANNA ANTONIO SERVIÇOS E TECNOLOGIA - ME,07.983.427/0001-04,"4.000,00",10/2018
 ATILIO FRANCISCO,CONTRATAÇAO DE PESSOA JURIDICA,STYLU FENIX PRODUÇÕES AUDIOVISUAIS LTDA,11.263.684/0001-30,"3.522,00",10/2018
 ATILIO FRANCISCO,INTERMEDIADO - CORREIOS,CAMARA MUNICIPAL DE SÃO PAULO,50.176.288/0001-28,"1.326,02",10/2018
 ATILIO FRANCISCO,INTERMEDIADO - LOCAÇÃO DE VEÍCULOS,CAMARA MUNICIPAL DE SÃO PAULO,50.176.288/0001-28,"2.148,45",10/2018
 ATILIO FRANCISCO,LOCAÇÃO DE MOVEIS E EQUIPAMENTOS,K2G SUPRIMENTOS DE IMPRESSÃO E INFORMATICA EIRELLI - ME,19.367.661/0001-88,"200,00",10/2018
 ATILIO FRANCISCO,MATERIAL DE ESCRITORIO E OUTROS MATERIAIS DE CONSUMO,CENTER PAPEIS COMERCIAL LTDA.,06.226.820/0001-82,"3.267,15",10/2018
 ATILIO FRANCISCO,REPROGRAFIA (XEROX/ENCADERNAÇÃO),IRISARA COMÉRCIO E SERVIÇOS LTDA.,10.376.277/0001-77,"1.088,88",10/2018
 ATILIO FRANCISCO,TELEFONE FIXO,TELEFONICA BRASIL S/A,02.558.157/0001-62,"173,80",10/2018
 ATILIO FRANCISCO,TELEFONE MOVEL,NEXTEL TELECOMUNICAÇÕES LTDA,66.970.229/0001-67,"134,48",10/2018
 ATILIO FRANCISCO,ASSINATURA DE JORNAIS E REVISTAS,S.A O ESTADO DE S. PAULO,61.533.949/0001-41,"597,93",11/2018
 ATILIO FRANCISCO,COMBUSTIVEL,AUTO POSTO GRANERO LTDA.,05.468.615/0001-60,"185,89",11/2018
 ATILIO FRANCISCO,COMBUSTIVEL,RIP POSTOS DE SERVIÇO E COM LTDA,43.720.218/0001-23,"1.213,97",11/2018
 ATILIO FRANCISCO,COMPOSIÇÃO/ARTE/DIAGRAMAÇÃO/PRODUÇÃO/IMPRESSAO GRAFICA,IRISARA COMÉRCIO E SERVIÇOS LTDA.,10.376.277/0001-77,"6.470,00",11/2018
 ATILIO FRANCISCO,CONTRATAÇAO DE PESSOA JURIDICA,ALEXANDER SANTANNA ANTONIO SERVIÇOS E TECNOLOGIA - ME,07.983.427/0001-04,"3.761,00",11/2018
 ATILIO FRANCISCO,CONTRATAÇAO DE PESSOA JURIDICA,STYLU FENIX PRODUÇÕES AUDIOVISUAIS LTDA,11.263.684/0001-30,"3.522,00",11/2018
 ATILIO FRANCISCO,CONTRATAÇAO DE PESSOA JURIDICA,RENATO ZIBORDI JUNIOR,31.667.307/0001-74,"717,00",11/2018
 ATILIO FRANCISCO,INTERMEDIADO - CORREIOS,CAMARA MUNICIPAL DE SÃO PAULO,50.176.288/0001-28,"787,39",11/2018
 ATILIO FRANCISCO,INTERMEDIADO - LOCAÇÃO DE VEÍCULOS,CAMARA MUNICIPAL DE SÃO PAULO,50.176.288/0001-28,"2.148,45",11/2018
 ATILIO FRANCISCO,LOCAÇÃO DE MOVEIS E EQUIPAMENTOS,K2G SUPRIMENTOS DE IMPRESSÃO E INFORMATICA EIRELLI - ME,19.367.661/0001-88,"200,00",11/2018
 ATILIO FRANCISCO,MATERIAL DE ESCRITORIO E OUTROS MATERIAIS DE CONSUMO,CENTER PAPEIS COMERCIAL LTDA.,06.226.820/0001-82,"2.323,05",11/2018
 ATILIO FRANCISCO,MATERIAL DE ESCRITORIO E OUTROS MATERIAIS DE CONSUMO,K2G SUPRIMENTOS DE IMPRESSÃO E INFORMATICA EIRELLI - ME,19.367.661/0001-88,"830,00",11/2018
 ATILIO FRANCISCO,REPROGRAFIA (XEROX/ENCADERNAÇÃO),IRISARA COMÉRCIO E SERVIÇOS LTDA.,10.376.277/0001-77,"437,16",11/2018
 ATILIO FRANCISCO,TELEFONE FIXO,TELEFONICA BRASIL S/A,02.558.157/0001-62,"173,80",11/2018
 ATILIO FRANCISCO,TELEFONE MOVEL,NEXTEL TELECOMUNICAÇÕES LTDA,66.970.229/0001-67,"134,48",11/2018
 ATILIO FRANCISCO,COMBUSTIVEL,AUTO POSTO GRANERO LTDA.,05.468.615/0001-60,"1.012,62",12/2018
 ATILIO FRANCISCO,COMPOSIÇÃO/ARTE/DIAGRAMAÇÃO/PRODUÇÃO/IMPRESSAO GRAFICA,PLM GRAFICA E EDITORA EIRELI,00.005.135/0001-40,"2.490,00",12/2018
 ATILIO FRANCISCO,COMPOSIÇÃO/ARTE/DIAGRAMAÇÃO/PRODUÇÃO/IMPRESSAO GRAFICA,IRISARA COMÉRCIO E SERVIÇOS LTDA.,10.376.277/0001-77,"2.791,06",12/2018
 ATILIO FRANCISCO,CONTRATAÇAO DE PESSOA JURIDICA,ALEXANDER SANTANNA ANTONIO SERVIÇOS E TECNOLOGIA - ME,07.983.427/0001-04,"3.300,00",12/2018
 ATILIO FRANCISCO,CONTRATAÇAO DE PESSOA JURIDICA,STYLU FENIX PRODUÇÕES AUDIOVISUAIS LTDA,11.263.684/0001-30,"3.522,00",12/2018
 ATILIO FRANCISCO,CONTRATAÇAO DE PESSOA JURIDICA,RENATO ZIBORDI JUNIOR,31.667.307/0001-74,"717,00",12/2018
 ATILIO FRANCISCO,INTERMEDIADO - CORREIOS,CAMARA MUNICIPAL DE SÃO PAULO,50.176.288/0001-28,"8.635,02",12/2018
 ATILIO FRANCISCO,INTERMEDIADO - LOCAÇÃO DE VEÍCULOS,CAMARA MUNICIPAL DE SÃO PAULO,50.176.288/0001-28,"2.148,45",12/2018
 ATILIO FRANCISCO,LOCAÇÃO DE MOVEIS E EQUIPAMENTOS,K2G SUPRIMENTOS DE IMPRESSÃO E INFORMATICA EIRELLI - ME,19.367.661/0001-88,"200,00",12/2018
 ATILIO FRANCISCO,MATERIAL DE ESCRITORIO E OUTROS MATERIAIS DE CONSUMO,CENTER PAPEIS COMERCIAL LTDA.,06.226.820/0001-82,"7.936,80",12/2018
 ATILIO FRANCISCO,TELEFONE FIXO,TELEFONICA BRASIL S/A,02.558.157/0001-62,"173,80",12/2018
 ATILIO FRANCISCO,TELEFONE MOVEL,NEXTEL TELECOMUNICAÇÕES LTDA,66.970.229/0001-67,"67,24",12/2018
 ATILIO FRANCISCO,COMBUSTIVEL,AUTO POSTO GRANERO LTDA.,05.468.615/0001-60,"619,48",01/2019
 ATILIO FRANCISCO,COMPOSIÇÃO/ARTE/DIAGRAMAÇÃO/PRODUÇÃO/IMPRESSAO GRAFICA,IRISARA COMÉRCIO E SERVIÇOS LTDA.,10.376.277/0001-77,"4.040,00",01/2019
 ATILIO FRANCISCO,CONTRATAÇAO DE PESSOA JURIDICA,STYLU FENIX PRODUÇÕES AUDIOVISUAIS LTDA,11.263.684/0001-30,"7.500,00",01/2019
 ATILIO FRANCISCO,CONTRATAÇAO DE PESSOA JURIDICA,RENATO ZIBORDI JUNIOR,31.667.307/0001-74,"478,00",01/2019
 ATILIO FRANCISCO,INTERMEDIADO - CORREIOS,CAMARA MUNICIPAL DE SÃO PAULO,50.176.288/0001-28,"3.808,40",01/2019
 ATILIO FRANCISCO,INTERMEDIADO - LOCAÇÃO DE VEÍCULOS,CAMARA MUNICIPAL DE SÃO PAULO,50.176.288/0001-28,"2.199,17",01/2019
 ATILIO FRANCISCO,LOCAÇÃO DE MOVEIS E EQUIPAMENTOS,K2G SUPRIMENTOS DE IMPRESSÃO E INFORMATICA EIRELLI - ME,19.367.661/0001-88,"200,00",01/2019
 ATILIO FRANCISCO,MATERIAL DE ESCRITORIO E OUTROS MATERIAIS DE CONSUMO,CENTER PAPEIS COMERCIAL LTDA.,06.226.820/0001-82,"2.858,70",01/2019
 ATILIO FRANCISCO,TELEFONE FIXO,TELEFONICA BRASIL S/A,02.558.157/0001-62,"173,80",01/2019
 ATILIO FRANCISCO,COMBUSTIVEL,AUTO POSTO GRANERO LTDA.,05.468.615/0001-60,"898,27",02/2019
 ATILIO FRANCISCO,COMPOSIÇÃO/ARTE/DIAGRAMAÇÃO/PRODUÇÃO/IMPRESSAO GRAFICA,IRISARA COMÉRCIO E SERVIÇOS LTDA.,10.376.277/0001-77,"2.490,00",02/2019
 ATILIO FRANCISCO,CONTRATAÇAO DE PESSOA JURIDICA,STYLU FENIX PRODUÇÕES AUDIOVISUAIS LTDA,11.263.684/0001-30,"7.500,00",02/2019
 ATILIO FRANCISCO,CONTRATAÇAO DE PESSOA JURIDICA,RENATO ZIBORDI JUNIOR,31.667.307/0001-74,"478,00",02/2019
 ATILIO FRANCISCO,INTERMEDIADO - CORREIOS,CAMARA MUNICIPAL DE SÃO PAULO,50.176.288/0001-28,"200,15",02/2019
 ATILIO FRANCISCO,INTERMEDIADO - LOCAÇÃO DE VEÍCULOS,CAMARA MUNICIPAL DE SÃO PAULO,50.176.288/0001-28,"2.214,62",02/2019
 ATILIO FRANCISCO,LOCAÇÃO DE MOVEIS E EQUIPAMENTOS,K2G SUPRIMENTOS DE IMPRESSÃO E INFORMATICA EIRELLI - ME,19.367.661/0001-88,"200,00",02/2019
 ATILIO FRANCISCO,MATERIAL DE ESCRITORIO E OUTROS MATERIAIS DE CONSUMO,CENTER PAPEIS COMERCIAL LTDA.,06.226.820/0001-82,"1.635,75",02/2019
 ATILIO FRANCISCO,TELEFONE FIXO,TELEFONICA BRASIL S/A,02.558.157/0001-62,"173,80",02/2019
 ATILIO FRANCISCO,TELEFONE MOVEL,NEXTEL TELECOMUNICAÇÕES LTDA,66.970.229/0001-67,"134,48",02/2019
 ATILIO FRANCISCO,COMBUSTIVEL,AUTO POSTO GRANERO LTDA.,05.468.615/0001-60,"885,97",03/2019
 ATILIO FRANCISCO,COMPOSIÇÃO/ARTE/DIAGRAMAÇÃO/PRODUÇÃO/IMPRESSAO GRAFICA,IRISARA COMÉRCIO E SERVIÇOS LTDA.,10.376.277/0001-77,"5.612,40",03/2019
 ATILIO FRANCISCO,CONTRATAÇAO DE PESSOA JURIDICA,STYLU FENIX PRODUÇÕES AUDIOVISUAIS LTDA,11.263.684/0001-30,"7.500,00",03/2019
 ATILIO FRANCISCO,CONTRATAÇAO DE PESSOA JURIDICA,RENATO ZIBORDI JUNIOR,31.667.307/0001-74,"478,00",03/2019
 ATILIO FRANCISCO,INTERMEDIADO - CORREIOS,CAMARA MUNICIPAL DE SÃO PAULO,50.176.288/0001-28,"1.214,10",03/2019
 ATILIO FRANCISCO,INTERMEDIADO - LOCAÇÃO DE VEÍCULOS,CAMARA MUNICIPAL DE SÃO PAULO,50.176.288/0001-28,"2.214,62",03/2019
 ATILIO FRANCISCO,LOCAÇÃO DE MOVEIS E EQUIPAMENTOS,K2G SUPRIMENTOS DE IMPRESSÃO E INFORMATICA EIRELLI - ME,19.367.661/0001-88,"200,00",03/2019
 ATILIO FRANCISCO,MATERIAL DE ESCRITORIO E OUTROS MATERIAIS DE CONSUMO,CENTER PAPEIS COMERCIAL LTDA.,06.226.820/0001-82,"2.916,30",03/2019
 ATILIO FRANCISCO,TELEFONE FIXO,TELEFONICA BRASIL S/A,02.558.157/0001-62,"173,80",03/2019
 ATILIO FRANCISCO,TELEFONE MOVEL,NEXTEL TELECOMUNICAÇÕES LTDA,66.970.229/0001-67,"134,48",03/2019
 ATILIO FRANCISCO,COMBUSTIVEL,AUTO POSTO GRANERO LTDA.,05.468.615/0001-60,"1.182,47",04/2019
 ATILIO FRANCISCO,COMPOSIÇÃO/ARTE/DIAGRAMAÇÃO/PRODUÇÃO/IMPRESSAO GRAFICA,IRISARA COMÉRCIO E SERVIÇOS LTDA.,10.376.277/0001-77,"2.988,00",04/2019
 ATILIO FRANCISCO,CONTRATAÇAO DE PESSOA JURIDICA,STYLU FENIX PRODUÇÕES AUDIOVISUAIS LTDA,11.263.684/0001-30,"7.500,00",04/2019
 ATILIO FRANCISCO,CONTRATAÇAO DE PESSOA JURIDICA,RENATO ZIBORDI JUNIOR,31.667.307/0001-74,"478,00",04/2019
 ATILIO FRANCISCO,INTERMEDIADO - CORREIOS,CAMARA MUNICIPAL DE SÃO PAULO,50.176.288/0001-28,"1.249,83",04/2019
 ATILIO FRANCISCO,INTERMEDIADO - LOCAÇÃO DE VEÍCULOS,CAMARA MUNICIPAL DE SÃO PAULO,50.176.288/0001-28,"2.214,62",04/2019
 ATILIO FRANCISCO,LOCAÇÃO DE MOVEIS E EQUIPAMENTOS,K2G SUPRIMENTOS DE IMPRESSÃO E INFORMATICA EIRELLI - ME,19.367.661/0001-88,"200,00",04/2019
 ATILIO FRANCISCO,MATERIAL DE ESCRITORIO E OUTROS MATERIAIS DE CONSUMO,CENTER PAPEIS COMERCIAL LTDA.,06.226.820/0001-82,"3.403,85",04/2019
 ATILIO FRANCISCO,REPROGRAFIA (XEROX/ENCADERNAÇÃO),IRISARA COMÉRCIO E SERVIÇOS LTDA.,10.376.277/0001-77,"729,00",04/2019
 ATILIO FRANCISCO,TELEFONE FIXO,TELEFONICA BRASIL S/A,02.558.157/0001-62,"175,64",04/2019
 ATILIO FRANCISCO,TELEFONE MOVEL,NEXTEL TELECOMUNICAÇÕES LTDA,66.970.229/0001-67,"73,75",04/2019
 ATILIO FRANCISCO,ASSINATURA DE JORNAIS E REVISTAS,EMPRESA FOLHA DA MANHÃ S.A.,60.579.703/0031-63,"790,68",05/2019
 ATILIO FRANCISCO,COMBUSTIVEL,AUTO POSTO GRANERO LTDA.,05.468.615/0001-60,"698,66",05/2019
 ATILIO FRANCISCO,COMPOSIÇÃO/ARTE/DIAGRAMAÇÃO/PRODUÇÃO/IMPRESSAO GRAFICA,K2G SUPRIMENTOS DE IMPRESSÃO E INFORMATICA EIRELLI - ME,19.367.661/0001-88,"5.322,00",05/2019
 ATILIO FRANCISCO,CONTRATAÇAO DE PESSOA JURIDICA,STYLU FENIX PRODUÇÕES AUDIOVISUAIS LTDA,11.263.684/0001-30,"7.500,00",05/2019
 ATILIO FRANCISCO,CONTRATAÇAO DE PESSOA JURIDICA,RENATO ZIBORDI JUNIOR,31.667.307/0001-74,"478,00",05/2019
 ATILIO FRANCISCO,INTERMEDIADO - CORREIOS,CAMARA MUNICIPAL DE SÃO PAULO,50.176.288/0001-28,"1.387,21",05/2019
 ATILIO FRANCISCO,INTERMEDIADO - LOCAÇÃO DE VEÍCULOS,CAMARA MUNICIPAL DE SÃO PAULO,50.176.288/0001-28,"2.214,62",05/2019
 ATILIO FRANCISCO,LOCAÇÃO DE MOVEIS E EQUIPAMENTOS,K2G SUPRIMENTOS DE IMPRESSÃO E INFORMATICA EIRELLI - ME,19.367.661/0001-88,"200,00",05/2019
 ATILIO FRANCISCO,MATERIAL DE ESCRITORIO E OUTROS MATERIAIS DE CONSUMO,CENTER PAPEIS COMERCIAL LTDA.,06.226.820/0001-82,"4.077,75",05/2019
 ATILIO FRANCISCO,REPROGRAFIA (XEROX/ENCADERNAÇÃO),K2G SUPRIMENTOS DE IMPRESSÃO E INFORMATICA EIRELLI - ME,19.367.661/0001-88,"1.525,00",05/2019
 ATILIO FRANCISCO,ASSINATURA DE JORNAIS E REVISTAS,S.A O ESTADO DE S. PAULO,61.533.949/0001-41,"597,93",06/2019
 ATILIO FRANCISCO,COMBUSTIVEL,RRJF AUTO POSTO LTDA,26.201.572/0001-22,"981,82",06/2019
 ATILIO FRANCISCO,COMPOSIÇÃO/ARTE/DIAGRAMAÇÃO/PRODUÇÃO/IMPRESSAO GRAFICA,K2G SUPRIMENTOS DE IMPRESSÃO E INFORMATICA EIRELLI - ME,19.367.661/0001-88,"3.795,00",06/2019
 ATILIO FRANCISCO,CONTRATAÇAO DE PESSOA JURIDICA,STYLU FENIX PRODUÇÕES AUDIOVISUAIS LTDA,11.263.684/0001-30,"7.500,00",06/2019
 ATILIO FRANCISCO,CONTRATAÇAO DE PESSOA JURIDICA,RENATO ZIBORDI JUNIOR,31.667.307/0001-74,"478,00",06/2019
 ATILIO FRANCISCO,INTERMEDIADO - CORREIOS,CAMARA MUNICIPAL DE SÃO PAULO,50.176.288/0001-28,"984,65",06/2019
 ATILIO FRANCISCO,INTERMEDIADO - LOCAÇÃO DE VEÍCULOS,CAMARA MUNICIPAL DE SÃO PAULO,50.176.288/0001-28,"2.214,62",06/2019
 ATILIO FRANCISCO,LOCAÇÃO DE MOVEIS E EQUIPAMENTOS,K2G SUPRIMENTOS DE IMPRESSÃO E INFORMATICA EIRELLI - ME,19.367.661/0001-88,"200,00",06/2019
 ATILIO FRANCISCO,MATERIAL DE ESCRITORIO E OUTROS MATERIAIS DE CONSUMO,CENTER PAPEIS COMERCIAL LTDA.,06.226.820/0001-82,"4.095,30",06/2019
 ATILIO FRANCISCO,MATERIAL DE ESCRITORIO E OUTROS MATERIAIS DE CONSUMO,K2G SUPRIMENTOS DE IMPRESSÃO E INFORMATICA EIRELLI - ME,19.367.661/0001-88,"960,00",06/2019
 ATILIO FRANCISCO,COMBUSTIVEL,RRJF AUTO POSTO LTDA,26.201.572/0001-22,"920,83",07/2019
 ATILIO FRANCISCO,COMPOSIÇÃO/ARTE/DIAGRAMAÇÃO/PRODUÇÃO/IMPRESSAO GRAFICA,K2G SUPRIMENTOS DE IMPRESSÃO E INFORMATICA EIRELLI - ME,19.367.661/0001-88,"2.470,40",07/2019
 ATILIO FRANCISCO,CONTRATAÇAO DE PESSOA JURIDICA,STYLU FENIX PRODUÇÕES AUDIOVISUAIS LTDA,11.263.684/0001-30,"7.500,00",07/2019
 ATILIO FRANCISCO,INTERMEDIADO - CORREIOS,CAMARA MUNICIPAL DE SÃO PAULO,50.176.288/0001-28,"1.154,41",07/2019
 ATILIO FRANCISCO,INTERMEDIADO - LOCAÇÃO DE VEÍCULOS,CAMARA MUNICIPAL DE SÃO PAULO,50.176.288/0001-28,"2.214,62",07/2019
 ATILIO FRANCISCO,INTERMEDIADO - REPROGRAFIA (XEROX/ENCADERNAÇÃO),CAMARA MUNICIPAL DE SÃO PAULO,50.176.288/0001-28,"2,20",07/2019
 ATILIO FRANCISCO,LOCAÇÃO DE MOVEIS E EQUIPAMENTOS,K2G SUPRIMENTOS DE IMPRESSÃO E INFORMATICA EIRELLI - ME,19.367.661/0001-88,"200,00",07/2019
 ATILIO FRANCISCO,MATERIAL DE ESCRITORIO E OUTROS MATERIAIS DE CONSUMO,CENTER PAPEIS COMERCIAL LTDA.,06.226.820/0001-82,"2.489,90",07/2019
 ATILIO FRANCISCO,MATERIAL DE ESCRITORIO E OUTROS MATERIAIS DE CONSUMO,K2G SUPRIMENTOS DE IMPRESSÃO E INFORMATICA EIRELLI - ME,19.367.661/0001-88,"760,00",07/2019
 ATILIO FRANCISCO,COMBUSTIVEL,RRJF AUTO POSTO LTDA,26.201.572/0001-22,"931,05",08/2019
 ATILIO FRANCISCO,COMPOSIÇÃO/ARTE/DIAGRAMAÇÃO/PRODUÇÃO/IMPRESSAO GRAFICA,K2G SUPRIMENTOS DE IMPRESSÃO E INFORMATICA EIRELLI - ME,19.367.661/0001-88,"5.135,95",08/2019
 ATILIO FRANCISCO,CONTRATAÇAO DE PESSOA JURIDICA,STYLU FENIX PRODUÇÕES AUDIOVISUAIS LTDA,11.263.684/0001-30,"7.500,00",08/2019
 ATILIO FRANCISCO,CONTRATAÇAO DE PESSOA JURIDICA,RENATO ZIBORDI JUNIOR,31.667.307/0001-74,"499,00",08/2019
 ATILIO FRANCISCO,INTERMEDIADO - CORREIOS,CAMARA MUNICIPAL DE SÃO PAULO,50.176.288/0001-28,"1.027,97",08/2019
 ATILIO FRANCISCO,INTERMEDIADO - LOCAÇÃO DE VEÍCULOS,CAMARA MUNICIPAL DE SÃO PAULO,50.176.288/0001-28,"2.214,62",08/2019
 ATILIO FRANCISCO,LOCAÇÃO DE MOVEIS E EQUIPAMENTOS,K2G SUPRIMENTOS DE IMPRESSÃO E INFORMATICA EIRELLI - ME,19.367.661/0001-88,"200,00",08/2019
 ATILIO FRANCISCO,MATERIAL DE ESCRITORIO E OUTROS MATERIAIS DE CONSUMO,CENTER PAPEIS COMERCIAL LTDA.,06.226.820/0001-82,"2.898,25",08/2019
 ATILIO FRANCISCO,COMBUSTIVEL,RRJF AUTO POSTO LTDA,26.201.572/0001-22,"698,80",09/2019
 ATILIO FRANCISCO,COMBUSTIVEL,AUTO POSTO ITALIA LTDA,61.696.027/0001-55,"302,08",09/2019
 ATILIO FRANCISCO,CONTRATAÇAO DE PESSOA JURIDICA,STYLU FENIX PRODUÇÕES AUDIOVISUAIS LTDA,11.263.684/0001-30,"7.500,00",09/2019
 ATILIO FRANCISCO,CONTRATAÇAO DE PESSOA JURIDICA,RENATO ZIBORDI JUNIOR,31.667.307/0001-74,"499,00",09/2019
 ATILIO FRANCISCO,INTERMEDIADO - CORREIOS,CAMARA MUNICIPAL DE SÃO PAULO,50.176.288/0001-28,"1.222,90",09/2019
 ATILIO FRANCISCO,INTERMEDIADO - LOCAÇÃO DE VEÍCULOS,CAMARA MUNICIPAL DE SÃO PAULO,50.176.288/0001-28,"2.214,62",09/2019
 ATILIO FRANCISCO,LOCAÇÃO DE MOVEIS E EQUIPAMENTOS,K2G SUPRIMENTOS DE IMPRESSÃO E INFORMATICA EIRELLI - ME,19.367.661/0001-88,"200,00",09/2019
 ATILIO FRANCISCO,MATERIAL DE ESCRITORIO E OUTROS MATERIAIS DE CONSUMO,CENTER PAPEIS COMERCIAL LTDA.,06.226.820/0001-82,"4.373,45",09/2019
 ATILIO FRANCISCO,TELEFONE FIXO,TELEFONICA BRASIL S/A,02.558.157/0001-62,"138,33",09/2019
 ATILIO FRANCISCO,COMBUSTIVEL,AUTO POSTO ITALIA LTDA,61.696.027/0001-55,"983,70",10/2019
 ATILIO FRANCISCO,CONTRATAÇAO DE PESSOA JURIDICA,STYLU FENIX PRODUÇÕES AUDIOVISUAIS LTDA,11.263.684/0001-30,"7.500,00",10/2019
 ATILIO FRANCISCO,CONTRATAÇAO DE PESSOA JURIDICA,RENATO ZIBORDI JUNIOR,31.667.307/0001-74,"499,00",10/2019
 ATILIO FRANCISCO,INTERMEDIADO - CORREIOS,CAMARA MUNICIPAL DE SÃO PAULO,50.176.288/0001-28,"1.240,23",10/2019
 ATILIO FRANCISCO,INTERMEDIADO - LOCAÇÃO DE VEÍCULOS,CAMARA MUNICIPAL DE SÃO PAULO,50.176.288/0001-28,"2.214,62",10/2019
 ATILIO FRANCISCO,LOCAÇÃO DE MOVEIS E EQUIPAMENTOS,K2G SUPRIMENTOS DE IMPRESSÃO E INFORMATICA EIRELLI - ME,19.367.661/0001-88,"400,00",10/2019
 ATILIO FRANCISCO,MATERIAL DE ESCRITORIO E OUTROS MATERIAIS DE CONSUMO,CENTER PAPEIS COMERCIAL LTDA.,06.226.820/0001-82,"5.805,65",10/2019
 ATILIO FRANCISCO,MATERIAL DE ESCRITORIO E OUTROS MATERIAIS DE CONSUMO,K2G SUPRIMENTOS DE IMPRESSÃO E INFORMATICA EIRELLI - ME,19.367.661/0001-88,"1.100,00",10/2019
 ATILIO FRANCISCO,REPROGRAFIA (XEROX/ENCADERNAÇÃO),K2G SUPRIMENTOS DE IMPRESSÃO E INFORMATICA EIRELLI - ME,19.367.661/0001-88,"619,90",10/2019
 ATILIO FRANCISCO,TELEFONE FIXO,TELEFONICA BRASIL S/A,02.558.157/0001-62,"192,63",10/2019
 ATILIO FRANCISCO,COMBUSTIVEL,AUTO POSTO ITALIA LTDA,61.696.027/0001-55,"1.145,65",11/2019
 ATILIO FRANCISCO,COMPOSIÇÃO/ARTE/DIAGRAMAÇÃO/PRODUÇÃO/IMPRESSAO GRAFICA,K2G SUPRIMENTOS DE IMPRESSÃO E INFORMATICA EIRELLI - ME,19.367.661/0001-88,"5.400,00",11/2019
 ATILIO FRANCISCO,CONTRATAÇAO DE PESSOA JURIDICA,STYLU FENIX PRODUÇÕES AUDIOVISUAIS LTDA,11.263.684/0001-30,"7.500,00",11/2019
 ATILIO FRANCISCO,CONTRATAÇAO DE PESSOA JURIDICA,RENATO ZIBORDI JUNIOR,31.667.307/0001-74,"499,00",11/2019
 ATILIO FRANCISCO,INTERMEDIADO - CORREIOS,CAMARA MUNICIPAL DE SÃO PAULO,50.176.288/0001-28,"886,40",11/2019
 ATILIO FRANCISCO,INTERMEDIADO - LOCAÇÃO DE VEÍCULOS,CAMARA MUNICIPAL DE SÃO PAULO,50.176.288/0001-28,"2.214,62",11/2019
 ATILIO FRANCISCO,LOCAÇÃO DE MOVEIS E EQUIPAMENTOS,K2G SUPRIMENTOS DE IMPRESSÃO E INFORMATICA EIRELLI - ME,19.367.661/0001-88,"400,00",11/2019
 ATILIO FRANCISCO,MATERIAL DE ESCRITORIO E OUTROS MATERIAIS DE CONSUMO,CENTER PAPEIS COMERCIAL LTDA.,06.226.820/0001-82,"5.793,50",11/2019
 ATILIO FRANCISCO,MATERIAL DE ESCRITORIO E OUTROS MATERIAIS DE CONSUMO,K2G SUPRIMENTOS DE IMPRESSÃO E INFORMATICA EIRELLI - ME,19.367.661/0001-88,"3.938,40",11/2019
 ATILIO FRANCISCO,REPROGRAFIA (XEROX/ENCADERNAÇÃO),K2G SUPRIMENTOS DE IMPRESSÃO E INFORMATICA EIRELLI - ME,19.367.661/0001-88,"516,48",11/2019
 ATILIO FRANCISCO,TELEFONE FIXO,TELEFONICA BRASIL S/A,02.558.157/0001-62,"192,63",11/2019
 ATILIO FRANCISCO,COMBUSTIVEL,AUTO POSTO ITALIA LTDA,61.696.027/0001-55,"955,31",12/2019
 ATILIO FRANCISCO,COMPOSIÇÃO/ARTE/DIAGRAMAÇÃO/PRODUÇÃO/IMPRESSAO GRAFICA,K2G SUPRIMENTOS DE IMPRESSÃO E INFORMATICA EIRELLI - ME,19.367.661/0001-88,"10.025,25",12/2019
 ATILIO FRANCISCO,CONTRATAÇAO DE PESSOA JURIDICA,STYLU FENIX PRODUÇÕES AUDIOVISUAIS LTDA,11.263.684/0001-30,"7.500,00",12/2019
 ATILIO FRANCISCO,CONTRATAÇAO DE PESSOA JURIDICA,RENATO ZIBORDI JUNIOR,31.667.307/0001-74,"499,00",12/2019
 ATILIO FRANCISCO,INTERMEDIADO - CORREIOS,CAMARA MUNICIPAL DE SÃO PAULO,50.176.288/0001-28,"35.448,17",12/2019
 ATILIO FRANCISCO,INTERMEDIADO - LOCAÇÃO DE VEÍCULOS,CAMARA MUNICIPAL DE SÃO PAULO,50.176.288/0001-28,"2.214,62",12/2019
 ATILIO FRANCISCO,MATERIAL DE ESCRITORIO E OUTROS MATERIAIS DE CONSUMO,CENTER PAPEIS COMERCIAL LTDA.,06.226.820/0001-82,"4.217,65",12/2019
 ATILIO FRANCISCO,MATERIAL DE ESCRITORIO E OUTROS MATERIAIS DE CONSUMO,K2G SUPRIMENTOS DE IMPRESSÃO E INFORMATICA EIRELLI - ME,19.367.661/0001-88,"1.199,20",12/2019
 ATILIO FRANCISCO,TELEFONE FIXO,TELEFONICA BRASIL S/A,02.558.157/0001-62,"192,63",12/2019
 ATILIO FRANCISCO,COMBUSTIVEL,AUTO POSTO ITALIA LTDA,61.696.027/0001-55,"1.187,68",01/2020
 ATILIO FRANCISCO,COMPOSIÇÃO/ARTE/DIAGRAMAÇÃO/PRODUÇÃO/IMPRESSAO GRAFICA,K2G SUPRIMENTOS DE IMPRESSÃO E INFORMATICA EIRELLI - ME,19.367.661/0001-88,"6.806,75",01/2020
 ATILIO FRANCISCO,CONTRATAÇAO DE PESSOA JURIDICA,STYLU FENIX PRODUÇÕES AUDIOVISUAIS LTDA,11.263.684/0001-30,"4.000,00",01/2020
 ATILIO FRANCISCO,CONTRATAÇAO DE PESSOA JURIDICA,RENATO ZIBORDI JUNIOR,31.667.307/0001-74,"519,50",01/2020
 ATILIO FRANCISCO,INTERMEDIADO - CORREIOS,CAMARA MUNICIPAL DE SÃO PAULO,50.176.288/0001-28,"2.301,68",01/2020
 ATILIO FRANCISCO,INTERMEDIADO - LOCAÇÃO DE VEÍCULOS,CAMARA MUNICIPAL DE SÃO PAULO,50.176.288/0001-28,"2.249,41",01/2020
 ATILIO FRANCISCO,LOCAÇÃO DE MOVEIS E EQUIPAMENTOS,K2G SUPRIMENTOS DE IMPRESSÃO E INFORMATICA EIRELLI - ME,19.367.661/0001-88,"400,00",01/2020
 ATILIO FRANCISCO,MATERIAL DE ESCRITORIO E OUTROS MATERIAIS DE CONSUMO,CENTER PAPEIS COMERCIAL LTDA.,06.226.820/0001-82,"1.657,90",01/2020
 ATILIO FRANCISCO,MATERIAL DE ESCRITORIO E OUTROS MATERIAIS DE CONSUMO,K2G SUPRIMENTOS DE IMPRESSÃO E INFORMATICA EIRELLI - ME,19.367.661/0001-88,"3.681,00",01/2020
 ATILIO FRANCISCO,REPROGRAFIA (XEROX/ENCADERNAÇÃO),K2G SUPRIMENTOS DE IMPRESSÃO E INFORMATICA EIRELLI - ME,19.367.661/0001-88,"672,42",01/2020
 ATILIO FRANCISCO,COMBUSTIVEL,RRJF AUTO POSTO LTDA,26.201.572/0001-22,"689,77",02/2020
 ATILIO FRANCISCO,COMBUSTIVEL,AUTO POSTO ITALIA LTDA,61.696.027/0001-55,"1.195,16",02/2020
 ATILIO FRANCISCO,COMPOSIÇÃO/ARTE/DIAGRAMAÇÃO/PRODUÇÃO/IMPRESSAO GRAFICA,K2G SUPRIMENTOS DE IMPRESSÃO E INFORMATICA EIRELLI - ME,19.367.661/0001-88,"8.000,00",02/2020
 ATILIO FRANCISCO,CONTRATAÇAO DE PESSOA JURIDICA,STYLU FENIX PRODUÇÕES AUDIOVISUAIS LTDA,11.263.684/0001-30,"7.500,00",02/2020
 ATILIO FRANCISCO,CONTRATAÇAO DE PESSOA JURIDICA,RENATO ZIBORDI JUNIOR,31.667.307/0001-74,"519,50",02/2020
 ATILIO FRANCISCO,INTERMEDIADO - CORREIOS,CAMARA MUNICIPAL DE SÃO PAULO,50.176.288/0001-28,"360,73",02/2020
 ATILIO FRANCISCO,INTERMEDIADO - LOCAÇÃO DE VEÍCULOS,CAMARA MUNICIPAL DE SÃO PAULO,50.176.288/0001-28,"2.260,00",02/2020
 ATILIO FRANCISCO,LOCAÇÃO DE MOVEIS E EQUIPAMENTOS,K2G SUPRIMENTOS DE IMPRESSÃO E INFORMATICA EIRELLI - ME,19.367.661/0001-88,"400,00",02/2020
 ATILIO FRANCISCO,MATERIAL DE ESCRITORIO E OUTROS MATERIAIS DE CONSUMO,CENTER PAPEIS COMERCIAL LTDA.,06.226.820/0001-82,"4.043,05",02/2020
 ATILIO FRANCISCO,REPROGRAFIA (XEROX/ENCADERNAÇÃO),K2G SUPRIMENTOS DE IMPRESSÃO E INFORMATICA EIRELLI - ME,19.367.661/0001-88,"343,00",02/2020
 ATILIO FRANCISCO,TELEFONE FIXO,TELEFONICA BRASIL S/A,02.558.157/0001-62,"162,63",02/2020
 ATILIO FRANCISCO,COMBUSTIVEL,RRJF AUTO POSTO LTDA,26.201.572/0001-22,"1.001,04",03/2020
 ATILIO FRANCISCO,COMPOSIÇÃO/ARTE/DIAGRAMAÇÃO/PRODUÇÃO/IMPRESSAO GRAFICA,K2G SUPRIMENTOS DE IMPRESSÃO E INFORMATICA EIRELLI - ME,19.367.661/0001-88,"5.515,20",03/2020
 ATILIO FRANCISCO,CONTRATAÇAO DE PESSOA JURIDICA,STYLU FENIX PRODUÇÕES AUDIOVISUAIS LTDA,11.263.684/0001-30,"7.500,00",03/2020
 ATILIO FRANCISCO,CONTRATAÇAO DE PESSOA JURIDICA,RENATO ZIBORDI JUNIOR,31.667.307/0001-74,"519,50",03/2020
 ATILIO FRANCISCO,INTERMEDIADO - CORREIOS,CAMARA MUNICIPAL DE SÃO PAULO,50.176.288/0001-28,"931,00",03/2020
 ATILIO FRANCISCO,INTERMEDIADO - LOCAÇÃO DE VEÍCULOS,CAMARA MUNICIPAL DE SÃO PAULO,50.176.288/0001-28,"2.260,00",03/2020
 ATILIO FRANCISCO,LOCAÇÃO DE MOVEIS E EQUIPAMENTOS,K2G SUPRIMENTOS DE IMPRESSÃO E INFORMATICA EIRELLI - ME,19.367.661/0001-88,"400,00",03/2020
 ATILIO FRANCISCO,MATERIAL DE ESCRITORIO E OUTROS MATERIAIS DE CONSUMO,CENTER PAPEIS COMERCIAL LTDA.,06.226.820/0001-82,"3.982,35",03/2020
 ATILIO FRANCISCO,REPROGRAFIA (XEROX/ENCADERNAÇÃO),K2G SUPRIMENTOS DE IMPRESSÃO E INFORMATICA EIRELLI - ME,19.367.661/0001-88,"404,00",03/2020
 ATILIO FRANCISCO,COMBUSTIVEL,RRJF AUTO POSTO LTDA,26.201.572/0001-22,"361,50",04/2020
 ATILIO FRANCISCO,CONTRATAÇAO DE PESSOA JURIDICA,STYLU FENIX PRODUÇÕES AUDIOVISUAIS LTDA,11.263.684/0001-30,"7.500,00",04/2020
 ATILIO FRANCISCO,CONTRATAÇAO DE PESSOA JURIDICA,RENATO ZIBORDI JUNIOR,31.667.307/0001-74,"519,50",04/2020
 ATILIO FRANCISCO,INTERMEDIADO - CORREIOS,CAMARA MUNICIPAL DE SÃO PAULO,50.176.288/0001-28,"1.855,16",04/2020
 ATILIO FRANCISCO,INTERMEDIADO - LOCAÇÃO DE VEÍCULOS,CAMARA MUNICIPAL DE SÃO PAULO,50.176.288/0001-28,"2.260,00",04/2020
