 GILBERTO NASCIMENTO,CONTRATAÇAO DE PESSOA JURIDICA,A.A. DOS SANTOS GOMES MARKETING - ME,24.145.901/0001-30,"7.828,90",01/2017
 GILBERTO NASCIMENTO,ELABORAÇÃO/MANUTENÇAO DE SITE/HOSPEDAGEM,JVF BARAH PUBLICIDADE E PROPAGANDAS LTDA - EPP,11.312.866/0001-54,"7.683,00",01/2017
 GILBERTO NASCIMENTO,INTERMEDIADO - LOCAÇÃO DE VEÍCULOS,CAMARA MUNICIPAL DE SÃO PAULO,50.176.288/0001-28,"910,51",01/2017
 GILBERTO NASCIMENTO,COMBUSTIVEL,VOLUNTÁRIOS POSTO DE SERVIÇOS LTDA,46.525.598/0001-33,"150,00",02/2017
 GILBERTO NASCIMENTO,CONTRATAÇAO DE PESSOA JURIDICA,A.A. DOS SANTOS GOMES MARKETING - ME,24.145.901/0001-30,"7.828,90",02/2017
 GILBERTO NASCIMENTO,ELABORAÇÃO/MANUTENÇAO DE SITE/HOSPEDAGEM,JVF BARAH PUBLICIDADE E PROPAGANDAS LTDA - EPP,11.312.866/0001-54,"7.683,00",02/2017
 GILBERTO NASCIMENTO,INTERMEDIADO - LOCAÇÃO DE VEÍCULOS,CAMARA MUNICIPAL DE SÃO PAULO,50.176.288/0001-28,"2.101,17",02/2017
 GILBERTO NASCIMENTO,MATERIAL DE ESCRITORIO E OUTROS MATERIAIS DE CONSUMO,CENTER PAPEIS COMERCIAL LTDA.,06.226.820/0001-82,"1.952,45",02/2017
 GILBERTO NASCIMENTO,MATERIAL DE ESCRITORIO E OUTROS MATERIAIS DE CONSUMO,ESCOVAS BELEM LTDA EPP,61.091.245/0001-66,"111,90",02/2017
 GILBERTO NASCIMENTO,COMBUSTIVEL,VOLUNTÁRIOS POSTO DE SERVIÇOS LTDA,46.525.598/0001-33,"550,00",03/2017
 GILBERTO NASCIMENTO,CONTRATAÇAO DE PESSOA JURIDICA,A.A. DOS SANTOS GOMES MARKETING - ME,24.145.901/0001-30,"7.900,00",03/2017
 GILBERTO NASCIMENTO,ELABORAÇÃO/MANUTENÇAO DE SITE/HOSPEDAGEM,JVF BARAH PUBLICIDADE E PROPAGANDAS LTDA - EPP,11.312.866/0001-54,"7.800,00",03/2017
 GILBERTO NASCIMENTO,EVENTOS/SEMINARIOS,VICTOR LEAL PERETTI TROFEUS ME,07.207.109/0001-43,"1.999,80",03/2017
 GILBERTO NASCIMENTO,INTERMEDIADO - LOCAÇÃO DE VEÍCULOS,CAMARA MUNICIPAL DE SÃO PAULO,50.176.288/0001-28,"2.101,17",03/2017
 GILBERTO NASCIMENTO,INTERMEDIADO - REPROGRAFIA (XEROX/ENCADERNAÇÃO),CAMARA MUNICIPAL DE SÃO PAULO,50.176.288/0001-28,"156,60",03/2017
 GILBERTO NASCIMENTO,MATERIAL DE ESCRITORIO E OUTROS MATERIAIS DE CONSUMO,HASSAN HUSSEIN ALI BATERIAS EPP,04.350.446/0001-05,"350,01",03/2017
 GILBERTO NASCIMENTO,MATERIAL DE ESCRITORIO E OUTROS MATERIAIS DE CONSUMO,CENTER PAPEIS COMERCIAL LTDA.,06.226.820/0001-82,"413,05",03/2017
 GILBERTO NASCIMENTO,MATERIAL DE ESCRITORIO E OUTROS MATERIAIS DE CONSUMO,KALUNGA COM E IND GRAFICA LTDA,43.283.811/0064-33,"666,00",03/2017
 GILBERTO NASCIMENTO,COMBUSTIVEL,VOLUNTÁRIOS POSTO DE SERVIÇOS LTDA,46.525.598/0001-33,"300,00",04/2017
 GILBERTO NASCIMENTO,CONTRATAÇAO DE PESSOA JURIDICA,A.A. DOS SANTOS GOMES MARKETING - ME,24.145.901/0001-30,"7.900,00",04/2017
 GILBERTO NASCIMENTO,ELABORAÇÃO/MANUTENÇAO DE SITE/HOSPEDAGEM,JVF BARAH PUBLICIDADE E PROPAGANDAS LTDA - EPP,11.312.866/0001-54,"7.800,00",04/2017
 GILBERTO NASCIMENTO,INTERMEDIADO - LOCAÇÃO DE VEÍCULOS,CAMARA MUNICIPAL DE SÃO PAULO,50.176.288/0001-28,"2.101,17",04/2017
 GILBERTO NASCIMENTO,INTERMEDIADO - REPROGRAFIA (XEROX/ENCADERNAÇÃO),CAMARA MUNICIPAL DE SÃO PAULO,50.176.288/0001-28,"108,00",04/2017
 GILBERTO NASCIMENTO,MATERIAL DE ESCRITORIO E OUTROS MATERIAIS DE CONSUMO,K2G SUPRIMENTOS DE IMPRESSÃO E INFORMATICA EIRELLI - ME,19.367.661/0001-88,"300,00",04/2017
 GILBERTO NASCIMENTO,REPROGRAFIA (XEROX/ENCADERNAÇÃO),K2G SUPRIMENTOS DE IMPRESSÃO E INFORMATICA EIRELLI - ME,19.367.661/0001-88,"294,60",04/2017
 GILBERTO NASCIMENTO,ASSINATURA DE JORNAIS E REVISTAS,EMPRESA FOLHA DA MANHÃ S.A.,60.579.703/0031-63,"571,00",05/2017
 GILBERTO NASCIMENTO,COMBUSTIVEL,VOLUNTÁRIOS POSTO DE SERVIÇOS LTDA,46.525.598/0001-33,"400,00",05/2017
 GILBERTO NASCIMENTO,COMPOSIÇÃO/ARTE/DIAGRAMAÇÃO/PRODUÇÃO/IMPRESSAO GRAFICA,ONIX SERVIÇOS & FOTOCOPIAS EIRELI-EPP,18.178.875/0001-43,"7.800,00",05/2017
 GILBERTO NASCIMENTO,CONTRATAÇAO DE PESSOA JURIDICA,A.A. DOS SANTOS GOMES MARKETING - ME,24.145.901/0001-30,"7.900,00",05/2017
 GILBERTO NASCIMENTO,ELABORAÇÃO/MANUTENÇAO DE SITE/HOSPEDAGEM,JVF BARAH PUBLICIDADE E PROPAGANDAS LTDA - EPP,11.312.866/0001-54,"7.800,00",05/2017
 GILBERTO NASCIMENTO,INTERMEDIADO - LOCAÇÃO DE VEÍCULOS,CAMARA MUNICIPAL DE SÃO PAULO,50.176.288/0001-28,"2.101,17",05/2017
 GILBERTO NASCIMENTO,MATERIAL DE ESCRITORIO E OUTROS MATERIAIS DE CONSUMO,CENTER PAPEIS COMERCIAL LTDA.,06.226.820/0001-82,"616,90",05/2017
 GILBERTO NASCIMENTO,MATERIAL DE ESCRITORIO E OUTROS MATERIAIS DE CONSUMO,KALUNGA COM E IND GRAFICA LTDA,43.283.811/0064-33,"91,50",05/2017
 GILBERTO NASCIMENTO,COMBUSTIVEL,VOLUNTÁRIOS POSTO DE SERVIÇOS LTDA,46.525.598/0001-33,"550,00",06/2017
 GILBERTO NASCIMENTO,COMPOSIÇÃO/ARTE/DIAGRAMAÇÃO/PRODUÇÃO/IMPRESSAO GRAFICA,ONIX SERVIÇOS & FOTOCOPIAS EIRELI-EPP,18.178.875/0001-43,"7.700,00",06/2017
 GILBERTO NASCIMENTO,CONTRATAÇAO DE PESSOA JURIDICA,A.A. DOS SANTOS GOMES MARKETING - ME,24.145.901/0001-30,"7.900,00",06/2017
 GILBERTO NASCIMENTO,ELABORAÇÃO/MANUTENÇAO DE SITE/HOSPEDAGEM,JVF BARAH PUBLICIDADE E PROPAGANDAS LTDA - EPP,11.312.866/0001-54,"7.800,00",06/2017
 GILBERTO NASCIMENTO,INTERMEDIADO - LOCAÇÃO DE VEÍCULOS,CAMARA MUNICIPAL DE SÃO PAULO,50.176.288/0001-28,"2.101,17",06/2017
 GILBERTO NASCIMENTO,MATERIAL DE ESCRITORIO E OUTROS MATERIAIS DE CONSUMO,K2G SUPRIMENTOS DE IMPRESSÃO E INFORMATICA EIRELLI - ME,19.367.661/0001-88,"1.150,00",06/2017
 GILBERTO NASCIMENTO,COMBUSTIVEL,VOLUNTÁRIOS POSTO DE SERVIÇOS LTDA,46.525.598/0001-33,"200,00",07/2017
 GILBERTO NASCIMENTO,ELABORAÇÃO/MANUTENÇAO DE SITE/HOSPEDAGEM,JVF BARAH PUBLICIDADE E PROPAGANDAS LTDA - EPP,11.312.866/0001-54,"7.800,00",07/2017
 GILBERTO NASCIMENTO,INTERMEDIADO - LOCAÇÃO DE VEÍCULOS,CAMARA MUNICIPAL DE SÃO PAULO,50.176.288/0001-28,"2.101,17",07/2017
 GILBERTO NASCIMENTO,TELEFONE FIXO,TELEFONICA BRASIL S/A,02.558.157/0001-62,"93,21",07/2017
 GILBERTO NASCIMENTO,COMBUSTIVEL,VOLUNTÁRIOS POSTO DE SERVIÇOS LTDA,46.525.598/0001-33,"450,00",08/2017
 GILBERTO NASCIMENTO,CONTRATAÇAO DE PESSOA JURIDICA,A.A. DOS SANTOS GOMES MARKETING - ME,24.145.901/0001-30,"7.900,00",08/2017
 GILBERTO NASCIMENTO,ELABORAÇÃO/MANUTENÇAO DE SITE/HOSPEDAGEM,JVF BARAH PUBLICIDADE E PROPAGANDAS LTDA - EPP,11.312.866/0001-54,"7.800,00",08/2017
 GILBERTO NASCIMENTO,INTERMEDIADO - LOCAÇÃO DE VEÍCULOS,CAMARA MUNICIPAL DE SÃO PAULO,50.176.288/0001-28,"2.101,17",08/2017
 GILBERTO NASCIMENTO,MATERIAL DE ESCRITORIO E OUTROS MATERIAIS DE CONSUMO,CENTER PAPEIS COMERCIAL LTDA.,06.226.820/0001-82,"582,60",08/2017
 GILBERTO NASCIMENTO,MATERIAL DE ESCRITORIO E OUTROS MATERIAIS DE CONSUMO,CARTUCHOS DO BRASIL & INFORMATICA LTDA,10.924.541/0001-60,"110,00",08/2017
 GILBERTO NASCIMENTO,TELEFONE FIXO,TELEFONICA BRASIL S/A,02.558.157/0001-62,"131,92",08/2017
 GILBERTO NASCIMENTO,COMBUSTIVEL,VOLUNTÁRIOS POSTO DE SERVIÇOS LTDA,46.525.598/0001-33,"600,00",09/2017
 GILBERTO NASCIMENTO,CONTRATAÇAO DE PESSOA JURIDICA,A.A. DOS SANTOS GOMES MARKETING - ME,24.145.901/0001-30,"7.900,00",09/2017
 GILBERTO NASCIMENTO,ELABORAÇÃO/MANUTENÇAO DE SITE/HOSPEDAGEM,JVF BARAH PUBLICIDADE E PROPAGANDAS LTDA - EPP,11.312.866/0001-54,"7.800,00",09/2017
 GILBERTO NASCIMENTO,INTERMEDIADO - LOCAÇÃO DE VEÍCULOS,CAMARA MUNICIPAL DE SÃO PAULO,50.176.288/0001-28,"2.101,17",09/2017
 GILBERTO NASCIMENTO,MATERIAL DE ESCRITORIO E OUTROS MATERIAIS DE CONSUMO,CENTER PAPEIS COMERCIAL LTDA.,06.226.820/0001-82,"239,30",09/2017
 GILBERTO NASCIMENTO,TELEFONE FIXO,TELEFONICA BRASIL S/A,02.558.157/0001-62,"69,87",09/2017
 GILBERTO NASCIMENTO,COMBUSTIVEL,POSTO DE SERVIÇOS CHICA JULIA LTDA,43.911.106/0001-50,"670,02",10/2017
 GILBERTO NASCIMENTO,CONTRATAÇAO DE PESSOA JURIDICA,A.A. DOS SANTOS GOMES MARKETING - ME,24.145.901/0001-30,"7.900,00",10/2017
 GILBERTO NASCIMENTO,ELABORAÇÃO/MANUTENÇAO DE SITE/HOSPEDAGEM,JVF BARAH PUBLICIDADE E PROPAGANDAS LTDA - EPP,11.312.866/0001-54,"7.800,00",10/2017
 GILBERTO NASCIMENTO,INTERMEDIADO - LOCAÇÃO DE VEÍCULOS,CAMARA MUNICIPAL DE SÃO PAULO,50.176.288/0001-28,"2.101,17",10/2017
 GILBERTO NASCIMENTO,INTERMEDIADO - REPROGRAFIA (XEROX/ENCADERNAÇÃO),CAMARA MUNICIPAL DE SÃO PAULO,50.176.288/0001-28,"29,40",10/2017
 GILBERTO NASCIMENTO,MATERIAL DE ESCRITORIO E OUTROS MATERIAIS DE CONSUMO,CENTER PAPEIS COMERCIAL LTDA.,06.226.820/0001-82,"671,70",10/2017
 GILBERTO NASCIMENTO,TELEFONE FIXO,TELEFONICA BRASIL S/A,02.558.157/0001-62,"131,92",10/2017
 GILBERTO NASCIMENTO,COMBUSTIVEL,POSTO DE SERVIÇOS CHICA JULIA LTDA,43.911.106/0001-50,"499,60",11/2017
 GILBERTO NASCIMENTO,CONTRATAÇAO DE PESSOA JURIDICA,A.A. DOS SANTOS GOMES MARKETING - ME,24.145.901/0001-30,"7.900,00",11/2017
 GILBERTO NASCIMENTO,ELABORAÇÃO/MANUTENÇAO DE SITE/HOSPEDAGEM,JVF BARAH PUBLICIDADE E PROPAGANDAS LTDA - EPP,11.312.866/0001-54,"7.800,00",11/2017
 GILBERTO NASCIMENTO,INTERMEDIADO - LOCAÇÃO DE VEÍCULOS,CAMARA MUNICIPAL DE SÃO PAULO,50.176.288/0001-28,"2.101,17",11/2017
 GILBERTO NASCIMENTO,TELEFONE FIXO,TELEFONICA BRASIL S/A,02.558.157/0001-62,"131,92",11/2017
 GILBERTO NASCIMENTO,COMBUSTIVEL,POSTO DE SERVIÇOS CHICA JULIA LTDA,43.911.106/0001-50,"249,97",12/2017
 GILBERTO NASCIMENTO,ELABORAÇÃO/MANUTENÇAO DE SITE/HOSPEDAGEM,JVF BARAH PUBLICIDADE E PROPAGANDAS LTDA - EPP,11.312.866/0001-54,"7.800,00",12/2017
 GILBERTO NASCIMENTO,INTERMEDIADO - LOCAÇÃO DE VEÍCULOS,CAMARA MUNICIPAL DE SÃO PAULO,50.176.288/0001-28,"2.101,17",12/2017
 GILBERTO NASCIMENTO,TELEFONE FIXO,TELEFONICA BRASIL S/A,02.558.157/0001-62,"131,92",12/2017
 GILBERTO NASCIMENTO,CONTRATAÇAO DE PESSOA JURIDICA,A.A. DOS SANTOS GOMES MARKETING - ME,24.145.901/0001-30,"7.900,00",01/2018
 GILBERTO NASCIMENTO,INTERMEDIADO - LOCAÇÃO DE VEÍCULOS,CAMARA MUNICIPAL DE SÃO PAULO,50.176.288/0001-28,"2.137,42",01/2018
 GILBERTO NASCIMENTO,TELEFONE FIXO,TELEFONICA BRASIL S/A,02.558.157/0001-62,"131,92",01/2018
 GILBERTO NASCIMENTO,COMBUSTIVEL,POSTO DE SERVIÇOS CHICA JULIA LTDA,43.911.106/0001-50,"756,04",03/2018
 GILBERTO NASCIMENTO,CONTRATAÇAO DE PESSOA JURIDICA,A.A. DOS SANTOS GOMES MARKETING - ME,24.145.901/0001-30,"7.900,00",03/2018
 GILBERTO NASCIMENTO,ELABORAÇÃO/MANUTENÇAO DE SITE/HOSPEDAGEM,JVF BARAH PUBLICIDADE E PROPAGANDAS LTDA - EPP,11.312.866/0001-54,"7.300,00",03/2018
 GILBERTO NASCIMENTO,INTERMEDIADO - LOCAÇÃO DE VEÍCULOS,CAMARA MUNICIPAL DE SÃO PAULO,50.176.288/0001-28,"2.005,22",03/2018
 GILBERTO NASCIMENTO,MATERIAL DE ESCRITORIO E OUTROS MATERIAIS DE CONSUMO,CENTER PAPEIS COMERCIAL LTDA.,06.226.820/0001-82,"928,65",03/2018
 GILBERTO NASCIMENTO,MATERIAL DE ESCRITORIO E OUTROS MATERIAIS DE CONSUMO,CARTUCHOS DO BRASIL & INFORMATICA LTDA,10.924.541/0001-60,"814,00",03/2018
 GILBERTO NASCIMENTO,COMBUSTIVEL,POSTO DE SERVIÇOS CHICA JULIA LTDA,43.911.106/0001-50,"836,32",04/2018
 GILBERTO NASCIMENTO,CONTRATAÇAO DE PESSOA JURIDICA,SOLARYS SOLUÇÕES DIGITAIS LTDA-ME,08.648.207/0001-89,"560,00",04/2018
 GILBERTO NASCIMENTO,ELABORAÇÃO/MANUTENÇAO DE SITE/HOSPEDAGEM,JVF BARAH PUBLICIDADE E PROPAGANDAS LTDA - EPP,11.312.866/0001-54,"7.300,00",04/2018
 GILBERTO NASCIMENTO,INTERMEDIADO - LOCAÇÃO DE VEÍCULOS,CAMARA MUNICIPAL DE SÃO PAULO,50.176.288/0001-28,"2.148,45",04/2018
 GILBERTO NASCIMENTO,MATERIAL DE ESCRITORIO E OUTROS MATERIAIS DE CONSUMO,CENTER PAPEIS COMERCIAL LTDA.,06.226.820/0001-82,"559,00",04/2018
 GILBERTO NASCIMENTO,MATERIAL DE ESCRITORIO E OUTROS MATERIAIS DE CONSUMO,A&Z DISTRIBUIDORA DE FECHADURAS LTDA-ME,14.283.102/0001-76,"80,00",04/2018
 GILBERTO NASCIMENTO,TELEFONE FIXO,TELEFONICA BRASIL S/A,02.558.157/0001-62,"131,92",04/2018
 GILBERTO NASCIMENTO,INTERMEDIADO - LOCAÇÃO DE VEÍCULOS,CAMARA MUNICIPAL DE SÃO PAULO,50.176.288/0001-28,"501,30",05/2018
 GILBERTO NASCIMENTO,CONTRATAÇAO DE PESSOA JURIDICA,SOLARYS SOLUÇÕES DIGITAIS LTDA-ME,08.648.207/0001-89,"700,00",01/2019
 GILBERTO NASCIMENTO,INTERMEDIADO - LOCAÇÃO DE VEÍCULOS,CAMARA MUNICIPAL DE SÃO PAULO,50.176.288/0001-28,"221,46",01/2019
 GILBERTO NASCIMENTO,COMBUSTIVEL,POSTO DE SERVIÇOS CHICA JULIA LTDA,43.911.106/0001-50,"424,45",02/2019
 GILBERTO NASCIMENTO,CONTRATAÇAO DE PESSOA JURIDICA,MONICA TERESA VENDRAME,29.209.294/0001-48,"3.840,00",02/2019
 GILBERTO NASCIMENTO,INTERMEDIADO - LOCAÇÃO DE VEÍCULOS,CAMARA MUNICIPAL DE SÃO PAULO,50.176.288/0001-28,"2.214,62",02/2019
 GILBERTO NASCIMENTO,MATERIAL DE ESCRITORIO E OUTROS MATERIAIS DE CONSUMO,CENTER PAPEIS COMERCIAL LTDA.,06.226.820/0001-82,"183,65",02/2019
 GILBERTO NASCIMENTO,ASSINATURA DE JORNAIS E REVISTAS,EMPRESA FOLHA DA MANHÃ S.A.,60.579.703/0031-63,"101,40",03/2019
 GILBERTO NASCIMENTO,COMBUSTIVEL,POSTO DE SERVIÇOS CHICA JULIA LTDA,43.911.106/0001-50,"554,48",03/2019
 GILBERTO NASCIMENTO,CONTRATAÇAO DE PESSOA JURIDICA,MONICA TERESA VENDRAME,29.209.294/0001-48,"7.200,00",03/2019
 GILBERTO NASCIMENTO,INTERMEDIADO - LOCAÇÃO DE VEÍCULOS,CAMARA MUNICIPAL DE SÃO PAULO,50.176.288/0001-28,"2.214,62",03/2019
 GILBERTO NASCIMENTO,MATERIAL DE ESCRITORIO E OUTROS MATERIAIS DE CONSUMO,CENTER PAPEIS COMERCIAL LTDA.,06.226.820/0001-82,"1.606,25",03/2019
 GILBERTO NASCIMENTO,ASSINATURA DE JORNAIS E REVISTAS,EMPRESA FOLHA DA MANHÃ S.A.,60.579.703/0031-63,"656,00",04/2019
 GILBERTO NASCIMENTO,COMBUSTIVEL,POSTO DE SERVIÇOS CHICA JULIA LTDA,43.911.106/0001-50,"862,38",04/2019
 GILBERTO NASCIMENTO,CONTRATAÇAO DE PESSOA JURIDICA,MONICA TERESA VENDRAME,29.209.294/0001-48,"7.200,00",04/2019
 GILBERTO NASCIMENTO,INTERMEDIADO - LOCAÇÃO DE VEÍCULOS,CAMARA MUNICIPAL DE SÃO PAULO,50.176.288/0001-28,"2.214,62",04/2019
 GILBERTO NASCIMENTO,MATERIAL DE ESCRITORIO E OUTROS MATERIAIS DE CONSUMO,CENTER PAPEIS COMERCIAL LTDA.,06.226.820/0001-82,"1.015,35",04/2019
 GILBERTO NASCIMENTO,MATERIAL DE ESCRITORIO E OUTROS MATERIAIS DE CONSUMO,KALUNGA COM E IND GRAFICA LTDA,43.283.811/0064-33,"60,90",04/2019
 GILBERTO NASCIMENTO,COMBUSTIVEL,POSTO DE SERVIÇOS CHICA JULIA LTDA,43.911.106/0001-50,"819,93",05/2019
 GILBERTO NASCIMENTO,COMPOSIÇÃO/ARTE/DIAGRAMAÇÃO/PRODUÇÃO/IMPRESSAO GRAFICA,ARTES GRAFICAS COLORIX LTDA. ME.,03.876.693/0001-79,"17.600,00",05/2019
 GILBERTO NASCIMENTO,CONTRATAÇAO DE PESSOA JURIDICA,MONICA TERESA VENDRAME,29.209.294/0001-48,"7.200,00",05/2019
 GILBERTO NASCIMENTO,EVENTOS/SEMINARIOS,PLACAS EXPRESS - COMUNICAÇÃO VISUAL EIRELI,15.494.741/0001-43,"398,00",05/2019
 GILBERTO NASCIMENTO,EVENTOS/SEMINARIOS,MONICA TERESA VENDRAME,29.209.294/0001-48,"17.000,00",05/2019
 GILBERTO NASCIMENTO,INTERMEDIADO - LOCAÇÃO DE VEÍCULOS,CAMARA MUNICIPAL DE SÃO PAULO,50.176.288/0001-28,"2.214,62",05/2019
 GILBERTO NASCIMENTO,MATERIAL DE ESCRITORIO E OUTROS MATERIAIS DE CONSUMO,CENTER PAPEIS COMERCIAL LTDA.,06.226.820/0001-82,"907,85",05/2019
 GILBERTO NASCIMENTO,REPROGRAFIA (XEROX/ENCADERNAÇÃO),ARTES GRAFICAS COLORIX LTDA. ME.,03.876.693/0001-79,"16.600,00",05/2019
 GILBERTO NASCIMENTO,TELEFONE FIXO,TELEFONICA BRASIL S/A,02.558.157/0001-62,"49,86",05/2019
 GILBERTO NASCIMENTO,COMBUSTIVEL,POSTO DE SERVIÇOS CHICA JULIA LTDA,43.911.106/0001-50,"570,24",06/2019
 GILBERTO NASCIMENTO,CONTRATAÇAO DE PESSOA JURIDICA,MONICA TERESA VENDRAME,29.209.294/0001-48,"7.200,00",06/2019
 GILBERTO NASCIMENTO,EVENTOS/SEMINARIOS,PLACAS EXPRESS - COMUNICAÇÃO VISUAL EIRELI,15.494.741/0001-43,"298,00",06/2019
 GILBERTO NASCIMENTO,INTERMEDIADO - LOCAÇÃO DE VEÍCULOS,CAMARA MUNICIPAL DE SÃO PAULO,50.176.288/0001-28,"2.214,62",06/2019
 GILBERTO NASCIMENTO,TELEFONE FIXO,TELEFONICA BRASIL S/A,02.558.157/0001-62,"49,85",06/2019
 GILBERTO NASCIMENTO,CONTRATAÇAO DE PESSOA JURIDICA,MONICA TERESA VENDRAME,29.209.294/0001-48,"7.200,00",07/2019
 GILBERTO NASCIMENTO,ELABORAÇÃO/MANUTENÇAO DE SITE/HOSPEDAGEM,LUCAS FERNANDO DA SILVA MORAIS 04604223670,34.201.802/0001-81,"5.200,00",07/2019
 GILBERTO NASCIMENTO,INTERMEDIADO - LOCAÇÃO DE VEÍCULOS,CAMARA MUNICIPAL DE SÃO PAULO,50.176.288/0001-28,"2.214,62",07/2019
 GILBERTO NASCIMENTO,MATERIAL DE ESCRITORIO E OUTROS MATERIAIS DE CONSUMO,CENTER PAPEIS COMERCIAL LTDA.,06.226.820/0001-82,"814,25",07/2019
 GILBERTO NASCIMENTO,TELEFONE FIXO,TELEFONICA BRASIL S/A,02.558.157/0001-62,"49,85",07/2019
 GILBERTO NASCIMENTO,COMBUSTIVEL,POSTO DE SERVIÇOS CHICA JULIA LTDA,43.911.106/0001-50,"702,41",08/2019
 GILBERTO NASCIMENTO,COMPOSIÇÃO/ARTE/DIAGRAMAÇÃO/PRODUÇÃO/IMPRESSAO GRAFICA,ARTES GRAFICAS COLORIX LTDA. ME.,03.876.693/0001-79,"17.400,00",08/2019
 GILBERTO NASCIMENTO,CONTRATAÇAO DE PESSOA JURIDICA,MONICA TERESA VENDRAME,29.209.294/0001-48,"7.200,00",08/2019
 GILBERTO NASCIMENTO,ELABORAÇÃO/MANUTENÇAO DE SITE/HOSPEDAGEM,LUCAS FERNANDO DA SILVA MORAIS 04604223670,34.201.802/0001-81,"6.400,00",08/2019
 GILBERTO NASCIMENTO,INTERMEDIADO - LOCAÇÃO DE VEÍCULOS,CAMARA MUNICIPAL DE SÃO PAULO,50.176.288/0001-28,"2.214,62",08/2019
 GILBERTO NASCIMENTO,MATERIAL DE ESCRITORIO E OUTROS MATERIAIS DE CONSUMO,CENTER PAPEIS COMERCIAL LTDA.,06.226.820/0001-82,"633,70",08/2019
 GILBERTO NASCIMENTO,ASSINATURA DE JORNAIS E REVISTAS,EMPRESA FOLHA DA MANHÃ S.A.,60.579.703/0031-63,"149,50",09/2019
 GILBERTO NASCIMENTO,COMBUSTIVEL,POSTO DE SERVIÇOS CHICA JULIA LTDA,43.911.106/0001-50,"527,07",09/2019
 GILBERTO NASCIMENTO,CONTRATAÇAO DE PESSOA JURIDICA,MONICA TERESA VENDRAME,29.209.294/0001-48,"7.200,00",09/2019
 GILBERTO NASCIMENTO,ELABORAÇÃO/MANUTENÇAO DE SITE/HOSPEDAGEM,LUCAS FERNANDO DA SILVA MORAIS 04604223670,34.201.802/0001-81,"6.400,00",09/2019
 GILBERTO NASCIMENTO,INTERMEDIADO - LOCAÇÃO DE VEÍCULOS,CAMARA MUNICIPAL DE SÃO PAULO,50.176.288/0001-28,"2.214,62",09/2019
 GILBERTO NASCIMENTO,ASSINATURA DE JORNAIS E REVISTAS,EMPRESA FOLHA DA MANHÃ S.A.,60.579.703/0031-63,"656,00",10/2019
 GILBERTO NASCIMENTO,COMBUSTIVEL,POSTO DE SERVIÇOS CHICA JULIA LTDA,43.911.106/0001-50,"648,48",10/2019
 GILBERTO NASCIMENTO,COMPOSIÇÃO/ARTE/DIAGRAMAÇÃO/PRODUÇÃO/IMPRESSAO GRAFICA,ARTES GRAFICAS COLORIX LTDA. ME.,03.876.693/0001-79,"17.350,00",10/2019
 GILBERTO NASCIMENTO,CONTRATAÇAO DE PESSOA JURIDICA,MONICA TERESA VENDRAME,29.209.294/0001-48,"7.200,00",10/2019
 GILBERTO NASCIMENTO,ELABORAÇÃO/MANUTENÇAO DE SITE/HOSPEDAGEM,LUCAS FERNANDO DA SILVA MORAIS 04604223670,34.201.802/0001-81,"6.400,00",10/2019
 GILBERTO NASCIMENTO,INTERMEDIADO - LOCAÇÃO DE VEÍCULOS,CAMARA MUNICIPAL DE SÃO PAULO,50.176.288/0001-28,"2.214,62",10/2019
 GILBERTO NASCIMENTO,MATERIAL DE ESCRITORIO E OUTROS MATERIAIS DE CONSUMO,CENTER PAPEIS COMERCIAL LTDA.,06.226.820/0001-82,"1.338,10",10/2019
 GILBERTO NASCIMENTO,COMBUSTIVEL,POSTO DE SERVIÇOS CHICA JULIA LTDA,43.911.106/0001-50,"433,04",11/2019
 GILBERTO NASCIMENTO,COMPOSIÇÃO/ARTE/DIAGRAMAÇÃO/PRODUÇÃO/IMPRESSAO GRAFICA,ARTES GRAFICAS COLORIX LTDA. ME.,03.876.693/0001-79,"14.100,00",11/2019
 GILBERTO NASCIMENTO,CONTRATAÇAO DE PESSOA JURIDICA,MONICA TERESA VENDRAME,29.209.294/0001-48,"7.200,00",11/2019
 GILBERTO NASCIMENTO,ELABORAÇÃO/MANUTENÇAO DE SITE/HOSPEDAGEM,LUCAS FERNANDO DA SILVA MORAIS 04604223670,34.201.802/0001-81,"6.400,00",11/2019
 GILBERTO NASCIMENTO,INTERMEDIADO - LOCAÇÃO DE VEÍCULOS,CAMARA MUNICIPAL DE SÃO PAULO,50.176.288/0001-28,"2.214,62",11/2019
 GILBERTO NASCIMENTO,MATERIAL DE ESCRITORIO E OUTROS MATERIAIS DE CONSUMO,CENTER PAPEIS COMERCIAL LTDA.,06.226.820/0001-82,"119,90",11/2019
 GILBERTO NASCIMENTO,COMBUSTIVEL,POSTO DE SERVIÇOS CHICA JULIA LTDA,43.911.106/0001-50,"407,05",12/2019
 GILBERTO NASCIMENTO,CONTRATAÇAO DE PESSOA JURIDICA,MONICA TERESA VENDRAME,29.209.294/0001-48,"7.200,00",12/2019
 GILBERTO NASCIMENTO,ELABORAÇÃO/MANUTENÇAO DE SITE/HOSPEDAGEM,LUCAS FERNANDO DA SILVA MORAIS 04604223670,34.201.802/0001-81,"6.400,00",12/2019
 GILBERTO NASCIMENTO,INTERMEDIADO - LOCAÇÃO DE VEÍCULOS,CAMARA MUNICIPAL DE SÃO PAULO,50.176.288/0001-28,"2.214,62",12/2019
 GILBERTO NASCIMENTO,MATERIAL DE ESCRITORIO E OUTROS MATERIAIS DE CONSUMO,ROGERIO TEJEDA LISTE - EPP,13.579.523/0001-86,"1.015,90",12/2019
 GILBERTO NASCIMENTO,REPROGRAFIA (XEROX/ENCADERNAÇÃO),ARTES GRAFICAS COLORIX LTDA. ME.,03.876.693/0001-79,"17.180,00",12/2019
