 CLAUDIO FONSECA,MATERIAL DE ESCRITORIO E OUTROS MATERIAIS DE CONSUMO,SPEED PAPER SERVI큞S GR첹ICOS E C흃IAS LTDA-ME,60.867.678/0001-06,"237,85",01/2017
 CLAUDIO FONSECA,INTERMEDIADO - CORREIOS,CAMARA MUNICIPAL DE S츒 PAULO,50.176.288/0001-28,"51,50",02/2017
 CLAUDIO FONSECA,MATERIAL DE ESCRITORIO E OUTROS MATERIAIS DE CONSUMO,CENTER PAPEIS COMERCIAL LTDA.,06.226.820/0001-82,"336,90",02/2017
 CLAUDIO FONSECA,MATERIAL DE ESCRITORIO E OUTROS MATERIAIS DE CONSUMO,IRISARA COMRCIO E SERVI큞S LTDA.,10.376.277/0001-77,"1.550,00",02/2017
 CLAUDIO FONSECA,COMBUSTIVEL,AUTO POSTO LIDER-BANDEIRAS LTDA,05.025.949/0001-60,"175,10",03/2017
 CLAUDIO FONSECA,COMPOSI츒/ARTE/DIAGRAMA츒/PRODU츒/IMPRESSAO GRAFICA,BRASIL IMPRESSO EIRELI -ME,19.640.456/0001-44,"1.860,00",03/2017
 CLAUDIO FONSECA,ELABORA츒/MANUTEN큐O DE SITE/HOSPEDAGEM,WEBSIDE SERVI큞S EMPR LTDA ME,08.652.665/0001-91,"49,90",03/2017
 CLAUDIO FONSECA,ELABORA츒/MANUTEN큐O DE SITE/HOSPEDAGEM,RAFAEL MARTINS RAMOS ME,21.919.194/0001-01,"1.400,00",03/2017
 CLAUDIO FONSECA,INTERMEDIADO - CORREIOS,CAMARA MUNICIPAL DE S츒 PAULO,50.176.288/0001-28,"176,40",03/2017
 CLAUDIO FONSECA,INTERMEDIADO - LOCA츒 DE VE펚ULOS,CAMARA MUNICIPAL DE S츒 PAULO,50.176.288/0001-28,"1.260,70",03/2017
 CLAUDIO FONSECA,LOCA츒 DE MOVEIS E EQUIPAMENTOS,ALOC LOCA츒 E COMERCIO DE EQUIPAMENTOS DE INFORM쳆ICA LTDA.,07.071.575/0001-44,"900,00",03/2017
 CLAUDIO FONSECA,LOCA츒 DE MOVEIS E EQUIPAMENTOS,K2G SUPRIMENTOS DE IMPRESS츒 E INFORMATICA EIRELLI - ME,19.367.661/0001-88,"183,99",03/2017
 CLAUDIO FONSECA,COMBUSTIVEL,AUTO POSTO LIDER-BANDEIRAS LTDA,05.025.949/0001-60,"371,89",04/2017
 CLAUDIO FONSECA,COMPOSI츒/ARTE/DIAGRAMA츒/PRODU츒/IMPRESSAO GRAFICA,BRASIL IMPRESSO EIRELI -ME,19.640.456/0001-44,"1.980,00",04/2017
 CLAUDIO FONSECA,CONTRATA큐O DE PESSOA JURIDICA,REVELE DESENVOLVIMENTO DIGITAL,16.727.438/0001-06,"190,00",04/2017
 CLAUDIO FONSECA,ELABORA츒/MANUTEN큐O DE SITE/HOSPEDAGEM,RAFAEL MARTINS RAMOS ME,21.919.194/0001-01,"1.400,00",04/2017
 CLAUDIO FONSECA,INTERMEDIADO - CORREIOS,CAMARA MUNICIPAL DE S츒 PAULO,50.176.288/0001-28,"270,00",04/2017
 CLAUDIO FONSECA,INTERMEDIADO - LOCA츒 DE VE펚ULOS,CAMARA MUNICIPAL DE S츒 PAULO,50.176.288/0001-28,"2.101,17",04/2017
 CLAUDIO FONSECA,LOCA츒 DE MOVEIS E EQUIPAMENTOS,ALOC LOCA츒 E COMERCIO DE EQUIPAMENTOS DE INFORM쳆ICA LTDA.,07.071.575/0001-44,"900,00",04/2017
 CLAUDIO FONSECA,LOCA츒 DE MOVEIS E EQUIPAMENTOS,K2G SUPRIMENTOS DE IMPRESS츒 E INFORMATICA EIRELLI - ME,19.367.661/0001-88,"230,00",04/2017
 CLAUDIO FONSECA,MATERIAL DE ESCRITORIO E OUTROS MATERIAIS DE CONSUMO,CENTER PAPEIS COMERCIAL LTDA.,06.226.820/0001-82,"400,15",04/2017
 CLAUDIO FONSECA,COMBUSTIVEL,AUTO POSTO LIDER-BANDEIRAS LTDA,05.025.949/0001-60,"176,89",05/2017
 CLAUDIO FONSECA,COMPOSI츒/ARTE/DIAGRAMA츒/PRODU츒/IMPRESSAO GRAFICA,BRASIL IMPRESSO EIRELI -ME,19.640.456/0001-44,"900,00",05/2017
 CLAUDIO FONSECA,CONTRATA큐O DE PESSOA JURIDICA,REVELE DESENVOLVIMENTO DIGITAL,16.727.438/0001-06,"190,00",05/2017
 CLAUDIO FONSECA,ELABORA츒/MANUTEN큐O DE SITE/HOSPEDAGEM,WEBSIDE SERVI큞S EMPR LTDA ME,08.652.665/0001-91,"99,80",05/2017
 CLAUDIO FONSECA,ELABORA츒/MANUTEN큐O DE SITE/HOSPEDAGEM,RAFAEL MARTINS RAMOS ME,21.919.194/0001-01,"1.874,75",05/2017
 CLAUDIO FONSECA,INTERMEDIADO - CORREIOS,CAMARA MUNICIPAL DE S츒 PAULO,50.176.288/0001-28,"46,30",05/2017
 CLAUDIO FONSECA,INTERMEDIADO - LOCA츒 DE VE펚ULOS,CAMARA MUNICIPAL DE S츒 PAULO,50.176.288/0001-28,"2.101,17",05/2017
 CLAUDIO FONSECA,LOCA츒 DE MOVEIS E EQUIPAMENTOS,ALOC LOCA츒 E COMERCIO DE EQUIPAMENTOS DE INFORM쳆ICA LTDA.,07.071.575/0001-44,"1.295,00",05/2017
 CLAUDIO FONSECA,LOCA츒 DE MOVEIS E EQUIPAMENTOS,K2G SUPRIMENTOS DE IMPRESS츒 E INFORMATICA EIRELLI - ME,19.367.661/0001-88,"230,00",05/2017
 CLAUDIO FONSECA,MATERIAL DE ESCRITORIO E OUTROS MATERIAIS DE CONSUMO,K2G SUPRIMENTOS DE IMPRESS츒 E INFORMATICA EIRELLI - ME,19.367.661/0001-88,"370,00",05/2017
 CLAUDIO FONSECA,COMBUSTIVEL,AUTO POSTO LIDER-BANDEIRAS LTDA,05.025.949/0001-60,"632,86",06/2017
 CLAUDIO FONSECA,COMPOSI츒/ARTE/DIAGRAMA츒/PRODU츒/IMPRESSAO GRAFICA,BRASIL IMPRESSO EIRELI -ME,19.640.456/0001-44,"990,00",06/2017
 CLAUDIO FONSECA,CONTRATA큐O DE PESSOA JURIDICA,REVELE DESENVOLVIMENTO DIGITAL,16.727.438/0001-06,"190,00",06/2017
 CLAUDIO FONSECA,ELABORA츒/MANUTEN큐O DE SITE/HOSPEDAGEM,WEBSIDE SERVI큞S EMPR LTDA ME,08.652.665/0001-91,"49,90",06/2017
 CLAUDIO FONSECA,ELABORA츒/MANUTEN큐O DE SITE/HOSPEDAGEM,RAFAEL MARTINS RAMOS ME,21.919.194/0001-01,"1.400,00",06/2017
 CLAUDIO FONSECA,INTERMEDIADO - CORREIOS,CAMARA MUNICIPAL DE S츒 PAULO,50.176.288/0001-28,"62,40",06/2017
 CLAUDIO FONSECA,INTERMEDIADO - LOCA츒 DE VE펚ULOS,CAMARA MUNICIPAL DE S츒 PAULO,50.176.288/0001-28,"2.101,17",06/2017
 CLAUDIO FONSECA,LOCA츒 DE MOVEIS E EQUIPAMENTOS,ALOC LOCA츒 E COMERCIO DE EQUIPAMENTOS DE INFORM쳆ICA LTDA.,07.071.575/0001-44,"1.295,00",06/2017
 CLAUDIO FONSECA,LOCA츒 DE MOVEIS E EQUIPAMENTOS,K2G SUPRIMENTOS DE IMPRESS츒 E INFORMATICA EIRELLI - ME,19.367.661/0001-88,"230,00",06/2017
 CLAUDIO FONSECA,COMBUSTIVEL,AUTO POSTO LIDER-BANDEIRAS LTDA,05.025.949/0001-60,"348,77",07/2017
 CLAUDIO FONSECA,COMPOSI츒/ARTE/DIAGRAMA츒/PRODU츒/IMPRESSAO GRAFICA,FM IMPRESSOS PERSONALIZADOS LTDA,13.555.994/0001-54,"52,99",07/2017
 CLAUDIO FONSECA,CONTRATA큐O DE PESSOA JURIDICA,REVELE DESENVOLVIMENTO DIGITAL,16.727.438/0001-06,"190,00",07/2017
 CLAUDIO FONSECA,ELABORA츒/MANUTEN큐O DE SITE/HOSPEDAGEM,WEBSIDE SERVI큞S EMPR LTDA ME,08.652.665/0001-91,"49,90",07/2017
 CLAUDIO FONSECA,ELABORA츒/MANUTEN큐O DE SITE/HOSPEDAGEM,RAFAEL MARTINS RAMOS ME,21.919.194/0001-01,"1.400,00",07/2017
 CLAUDIO FONSECA,INTERMEDIADO - CORREIOS,CAMARA MUNICIPAL DE S츒 PAULO,50.176.288/0001-28,"10,40",07/2017
 CLAUDIO FONSECA,INTERMEDIADO - LOCA츒 DE VE펚ULOS,CAMARA MUNICIPAL DE S츒 PAULO,50.176.288/0001-28,"2.101,17",07/2017
 CLAUDIO FONSECA,LOCA츒 DE MOVEIS E EQUIPAMENTOS,ALOC LOCA츒 E COMERCIO DE EQUIPAMENTOS DE INFORM쳆ICA LTDA.,07.071.575/0001-44,"1.295,00",07/2017
 CLAUDIO FONSECA,LOCA츒 DE MOVEIS E EQUIPAMENTOS,K2G SUPRIMENTOS DE IMPRESS츒 E INFORMATICA EIRELLI - ME,19.367.661/0001-88,"230,00",07/2017
 CLAUDIO FONSECA,MATERIAL DE ESCRITORIO E OUTROS MATERIAIS DE CONSUMO,K2G SUPRIMENTOS DE IMPRESS츒 E INFORMATICA EIRELLI - ME,19.367.661/0001-88,"110,00",07/2017
 CLAUDIO FONSECA,COMBUSTIVEL,AUTO POSTO LIDER-BANDEIRAS LTDA,05.025.949/0001-60,"185,80",08/2017
 CLAUDIO FONSECA,COMPOSI츒/ARTE/DIAGRAMA츒/PRODU츒/IMPRESSAO GRAFICA,BRASIL IMPRESSO EIRELI -ME,19.640.456/0001-44,"1.078,00",08/2017
 CLAUDIO FONSECA,CONTRATA큐O DE PESSOA JURIDICA,REVELE DESENVOLVIMENTO DIGITAL,16.727.438/0001-06,"189,62",08/2017
 CLAUDIO FONSECA,ELABORA츒/MANUTEN큐O DE SITE/HOSPEDAGEM,WEBSIDE SERVI큞S EMPR LTDA ME,08.652.665/0001-91,"49,90",08/2017
 CLAUDIO FONSECA,INTERMEDIADO - CORREIOS,CAMARA MUNICIPAL DE S츒 PAULO,50.176.288/0001-28,"114,40",08/2017
 CLAUDIO FONSECA,INTERMEDIADO - LOCA츒 DE VE펚ULOS,CAMARA MUNICIPAL DE S츒 PAULO,50.176.288/0001-28,"2.101,17",08/2017
 CLAUDIO FONSECA,LOCA츒 DE MOVEIS E EQUIPAMENTOS,ALOC LOCA츒 E COMERCIO DE EQUIPAMENTOS DE INFORM쳆ICA LTDA.,07.071.575/0001-44,"1.295,00",08/2017
 CLAUDIO FONSECA,LOCA츒 DE MOVEIS E EQUIPAMENTOS,K2G SUPRIMENTOS DE IMPRESS츒 E INFORMATICA EIRELLI - ME,19.367.661/0001-88,"530,00",08/2017
 CLAUDIO FONSECA,MATERIAL DE ESCRITORIO E OUTROS MATERIAIS DE CONSUMO,CENTER PAPEIS COMERCIAL LTDA.,06.226.820/0001-82,"670,45",08/2017
 CLAUDIO FONSECA,COMBUSTIVEL,AUTO POSTO LIDER-BANDEIRAS LTDA,05.025.949/0001-60,"802,64",09/2017
 CLAUDIO FONSECA,COMPOSI츒/ARTE/DIAGRAMA츒/PRODU츒/IMPRESSAO GRAFICA,FM IMPRESSOS PERSONALIZADOS LTDA,13.555.994/0001-54,"46,99",09/2017
 CLAUDIO FONSECA,CONTRATA큐O DE PESSOA JURIDICA,REVELE DESENVOLVIMENTO DIGITAL,16.727.438/0001-06,"189,62",09/2017
 CLAUDIO FONSECA,ELABORA츒/MANUTEN큐O DE SITE/HOSPEDAGEM,WEBSIDE SERVI큞S EMPR LTDA ME,08.652.665/0001-91,"49,90",09/2017
 CLAUDIO FONSECA,ELABORA츒/MANUTEN큐O DE SITE/HOSPEDAGEM,RAFAEL MARTINS RAMOS ME,21.919.194/0001-01,"533,00",09/2017
 CLAUDIO FONSECA,INTERMEDIADO - CORREIOS,CAMARA MUNICIPAL DE S츒 PAULO,50.176.288/0001-28,"74,50",09/2017
 CLAUDIO FONSECA,INTERMEDIADO - LOCA츒 DE VE펚ULOS,CAMARA MUNICIPAL DE S츒 PAULO,50.176.288/0001-28,"2.101,17",09/2017
 CLAUDIO FONSECA,LOCA츒 DE MOVEIS E EQUIPAMENTOS,ALOC LOCA츒 E COMERCIO DE EQUIPAMENTOS DE INFORM쳆ICA LTDA.,07.071.575/0001-44,"1.295,00",09/2017
 CLAUDIO FONSECA,LOCA츒 DE MOVEIS E EQUIPAMENTOS,K2G SUPRIMENTOS DE IMPRESS츒 E INFORMATICA EIRELLI - ME,19.367.661/0001-88,"530,00",09/2017
 CLAUDIO FONSECA,MATERIAL DE ESCRITORIO E OUTROS MATERIAIS DE CONSUMO,K2G SUPRIMENTOS DE IMPRESS츒 E INFORMATICA EIRELLI - ME,19.367.661/0001-88,"380,00",09/2017
 CLAUDIO FONSECA,PROVEDOR DE INTERNET,TELEFONICA BRASIL S/A,02.558.157/0001-62,"111,65",09/2017
 CLAUDIO FONSECA,COMBUSTIVEL,AUTO POSTO LIDER-BANDEIRAS LTDA,05.025.949/0001-60,"366,82",10/2017
 CLAUDIO FONSECA,COMPOSI츒/ARTE/DIAGRAMA츒/PRODU츒/IMPRESSAO GRAFICA,BRASIL IMPRESSO EIRELI -ME,19.640.456/0001-44,"245,00",10/2017
 CLAUDIO FONSECA,CONTRATA큐O DE PESSOA JURIDICA,REVELE DESENVOLVIMENTO DIGITAL,16.727.438/0001-06,"190,00",10/2017
 CLAUDIO FONSECA,ELABORA츒/MANUTEN큐O DE SITE/HOSPEDAGEM,WEBSIDE SERVI큞S EMPR LTDA ME,08.652.665/0001-91,"49,90",10/2017
 CLAUDIO FONSECA,INTERMEDIADO - CORREIOS,CAMARA MUNICIPAL DE S츒 PAULO,50.176.288/0001-28,"41,60",10/2017
 CLAUDIO FONSECA,INTERMEDIADO - LOCA츒 DE VE펚ULOS,CAMARA MUNICIPAL DE S츒 PAULO,50.176.288/0001-28,"2.101,17",10/2017
 CLAUDIO FONSECA,LOCA츒 DE MOVEIS E EQUIPAMENTOS,ALOC LOCA츒 E COMERCIO DE EQUIPAMENTOS DE INFORM쳆ICA LTDA.,07.071.575/0001-44,"1.295,00",10/2017
 CLAUDIO FONSECA,LOCA츒 DE MOVEIS E EQUIPAMENTOS,K2G SUPRIMENTOS DE IMPRESS츒 E INFORMATICA EIRELLI - ME,19.367.661/0001-88,"530,00",10/2017
 CLAUDIO FONSECA,MATERIAL DE ESCRITORIO E OUTROS MATERIAIS DE CONSUMO,CENTER PAPEIS COMERCIAL LTDA.,06.226.820/0001-82,"588,50",10/2017
 CLAUDIO FONSECA,MATERIAL DE ESCRITORIO E OUTROS MATERIAIS DE CONSUMO,K2G SUPRIMENTOS DE IMPRESS츒 E INFORMATICA EIRELLI - ME,19.367.661/0001-88,"1.015,00",10/2017
 CLAUDIO FONSECA,PROVEDOR DE INTERNET,TELEFONICA BRASIL S/A,02.558.157/0001-62,"95,70",10/2017
 CLAUDIO FONSECA,COMBUSTIVEL,AUTO POSTO LIDER-BANDEIRAS LTDA,05.025.949/0001-60,"532,99",11/2017
 CLAUDIO FONSECA,CONTRATA큐O DE PESSOA JURIDICA,REVELE DESENVOLVIMENTO DIGITAL,16.727.438/0001-06,"190,00",11/2017
 CLAUDIO FONSECA,ELABORA츒/MANUTEN큐O DE SITE/HOSPEDAGEM,WEBSIDE SERVI큞S EMPR LTDA ME,08.652.665/0001-91,"49,90",11/2017
 CLAUDIO FONSECA,INTERMEDIADO - CORREIOS,CAMARA MUNICIPAL DE S츒 PAULO,50.176.288/0001-28,"23,70",11/2017
 CLAUDIO FONSECA,INTERMEDIADO - LOCA츒 DE VE펚ULOS,CAMARA MUNICIPAL DE S츒 PAULO,50.176.288/0001-28,"2.101,17",11/2017
 CLAUDIO FONSECA,LOCA츒 DE MOVEIS E EQUIPAMENTOS,ALOC LOCA츒 E COMERCIO DE EQUIPAMENTOS DE INFORM쳆ICA LTDA.,07.071.575/0001-44,"1.295,00",11/2017
 CLAUDIO FONSECA,LOCA츒 DE MOVEIS E EQUIPAMENTOS,K2G SUPRIMENTOS DE IMPRESS츒 E INFORMATICA EIRELLI - ME,19.367.661/0001-88,"530,00",11/2017
 CLAUDIO FONSECA,MATERIAL DE ESCRITORIO E OUTROS MATERIAIS DE CONSUMO,K2G SUPRIMENTOS DE IMPRESS츒 E INFORMATICA EIRELLI - ME,19.367.661/0001-88,"220,00",11/2017
 CLAUDIO FONSECA,PROVEDOR DE INTERNET,TELEFONICA BRASIL S/A,02.558.157/0001-62,"97,99",11/2017
 CLAUDIO FONSECA,COMBUSTIVEL,AUTO POSTO LIDER-BANDEIRAS LTDA,05.025.949/0001-60,"389,61",12/2017
 CLAUDIO FONSECA,COMPOSI츒/ARTE/DIAGRAMA츒/PRODU츒/IMPRESSAO GRAFICA,BRASIL IMPRESSO EIRELI -ME,19.640.456/0001-44,"3.680,00",12/2017
 CLAUDIO FONSECA,CONTRATA큐O DE PESSOA JURIDICA,REVELE DESENVOLVIMENTO DIGITAL,16.727.438/0001-06,"190,00",12/2017
 CLAUDIO FONSECA,ELABORA츒/MANUTEN큐O DE SITE/HOSPEDAGEM,WEBSIDE SERVI큞S EMPR LTDA ME,08.652.665/0001-91,"49,90",12/2017
 CLAUDIO FONSECA,INTERMEDIADO - CORREIOS,CAMARA MUNICIPAL DE S츒 PAULO,50.176.288/0001-28,"35,55",12/2017
 CLAUDIO FONSECA,INTERMEDIADO - LOCA츒 DE VE펚ULOS,CAMARA MUNICIPAL DE S츒 PAULO,50.176.288/0001-28,"2.101,17",12/2017
 CLAUDIO FONSECA,LOCA츒 DE MOVEIS E EQUIPAMENTOS,ALOC LOCA츒 E COMERCIO DE EQUIPAMENTOS DE INFORM쳆ICA LTDA.,07.071.575/0001-44,"1.295,00",12/2017
 CLAUDIO FONSECA,LOCA츒 DE MOVEIS E EQUIPAMENTOS,K2G SUPRIMENTOS DE IMPRESS츒 E INFORMATICA EIRELLI - ME,19.367.661/0001-88,"530,00",12/2017
 CLAUDIO FONSECA,PROVEDOR DE INTERNET,TELEFONICA BRASIL S/A,02.558.157/0001-62,"101,44",12/2017
 CLAUDIO FONSECA,CONTRATA큐O DE PESSOA JURIDICA,REVELE DESENVOLVIMENTO DIGITAL,16.727.438/0001-06,"190,00",01/2018
 CLAUDIO FONSECA,INTERMEDIADO - CORREIOS,CAMARA MUNICIPAL DE S츒 PAULO,50.176.288/0001-28,"5,55",01/2018
 CLAUDIO FONSECA,INTERMEDIADO - LOCA츒 DE VE펚ULOS,CAMARA MUNICIPAL DE S츒 PAULO,50.176.288/0001-28,"2.137,42",01/2018
 CLAUDIO FONSECA,LOCA츒 DE MOVEIS E EQUIPAMENTOS,ALOC LOCA츒 E COMERCIO DE EQUIPAMENTOS DE INFORM쳆ICA LTDA.,07.071.575/0001-44,"1.295,00",01/2018
 CLAUDIO FONSECA,PROVEDOR DE INTERNET,TELEFONICA BRASIL S/A,02.558.157/0001-62,"101,44",01/2018
 CLAUDIO FONSECA,COMBUSTIVEL,AUTO POSTO LIDER-BANDEIRAS LTDA,05.025.949/0001-60,"442,28",02/2018
 CLAUDIO FONSECA,COMPOSI츒/ARTE/DIAGRAMA츒/PRODU츒/IMPRESSAO GRAFICA,BRASIL IMPRESSO EIRELI -ME,19.640.456/0001-44,"680,00",02/2018
 CLAUDIO FONSECA,CONTRATA큐O DE PESSOA JURIDICA,REVELE DESENVOLVIMENTO DIGITAL,16.727.438/0001-06,"190,00",02/2018
 CLAUDIO FONSECA,ELABORA츒/MANUTEN큐O DE SITE/HOSPEDAGEM,WEBSIDE SERVI큞S EMPR LTDA ME,08.652.665/0001-91,"99,80",02/2018
 CLAUDIO FONSECA,INTERMEDIADO - CORREIOS,CAMARA MUNICIPAL DE S츒 PAULO,50.176.288/0001-28,"61,10",02/2018
 CLAUDIO FONSECA,INTERMEDIADO - LOCA츒 DE VE펚ULOS,CAMARA MUNICIPAL DE S츒 PAULO,50.176.288/0001-28,"2.148,45",02/2018
 CLAUDIO FONSECA,LOCA츒 DE MOVEIS E EQUIPAMENTOS,ALOC LOCA츒 E COMERCIO DE EQUIPAMENTOS DE INFORM쳆ICA LTDA.,07.071.575/0001-44,"1.295,00",02/2018
 CLAUDIO FONSECA,LOCA츒 DE MOVEIS E EQUIPAMENTOS,K2G SUPRIMENTOS DE IMPRESS츒 E INFORMATICA EIRELLI - ME,19.367.661/0001-88,"530,00",02/2018
 CLAUDIO FONSECA,MATERIAL DE ESCRITORIO E OUTROS MATERIAIS DE CONSUMO,CENTER PAPEIS COMERCIAL LTDA.,06.226.820/0001-82,"448,60",02/2018
 CLAUDIO FONSECA,PROVEDOR DE INTERNET,TELEFONICA BRASIL S/A,02.558.157/0001-62,"101,44",02/2018
 CLAUDIO FONSECA,COMBUSTIVEL,AUTO POSTO LIDER-BANDEIRAS LTDA,05.025.949/0001-60,"286,31",03/2018
 CLAUDIO FONSECA,CONTRATA큐O DE PESSOA JURIDICA,REVELE DESENVOLVIMENTO DIGITAL,16.727.438/0001-06,"190,00",03/2018
 CLAUDIO FONSECA,ELABORA츒/MANUTEN큐O DE SITE/HOSPEDAGEM,WEBSIDE SERVI큞S EMPR LTDA ME,08.652.665/0001-91,"49,90",03/2018
 CLAUDIO FONSECA,INTERMEDIADO - CORREIOS,CAMARA MUNICIPAL DE S츒 PAULO,50.176.288/0001-28,"11,85",03/2018
 CLAUDIO FONSECA,INTERMEDIADO - LOCA츒 DE VE펚ULOS,CAMARA MUNICIPAL DE S츒 PAULO,50.176.288/0001-28,"2.148,45",03/2018
 CLAUDIO FONSECA,LOCA츒 DE MOVEIS E EQUIPAMENTOS,ALOC LOCA츒 E COMERCIO DE EQUIPAMENTOS DE INFORM쳆ICA LTDA.,07.071.575/0001-44,"1.295,00",03/2018
 CLAUDIO FONSECA,LOCA츒 DE MOVEIS E EQUIPAMENTOS,K2G SUPRIMENTOS DE IMPRESS츒 E INFORMATICA EIRELLI - ME,19.367.661/0001-88,"530,00",03/2018
 CLAUDIO FONSECA,MATERIAL DE ESCRITORIO E OUTROS MATERIAIS DE CONSUMO,K2G SUPRIMENTOS DE IMPRESS츒 E INFORMATICA EIRELLI - ME,19.367.661/0001-88,"360,00",03/2018
 CLAUDIO FONSECA,PROVEDOR DE INTERNET,TELEFONICA BRASIL S/A,02.558.157/0001-62,"101,44",03/2018
 CLAUDIO FONSECA,COMBUSTIVEL,AUTO POSTO LIDER-BANDEIRAS LTDA,05.025.949/0001-60,"697,68",04/2018
 CLAUDIO FONSECA,CONTRATA큐O DE PESSOA JURIDICA,REVELE DESENVOLVIMENTO DIGITAL,16.727.438/0001-06,"190,00",04/2018
 CLAUDIO FONSECA,ELABORA츒/MANUTEN큐O DE SITE/HOSPEDAGEM,WEBSIDE SERVI큞S EMPR LTDA ME,08.652.665/0001-91,"49,90",04/2018
 CLAUDIO FONSECA,INTERMEDIADO - CORREIOS,CAMARA MUNICIPAL DE S츒 PAULO,50.176.288/0001-28,"35,55",04/2018
 CLAUDIO FONSECA,INTERMEDIADO - LOCA츒 DE VE펚ULOS,CAMARA MUNICIPAL DE S츒 PAULO,50.176.288/0001-28,"2.148,45",04/2018
 CLAUDIO FONSECA,LOCA츒 DE MOVEIS E EQUIPAMENTOS,ALOC LOCA츒 E COMERCIO DE EQUIPAMENTOS DE INFORM쳆ICA LTDA.,07.071.575/0001-44,"1.295,00",04/2018
 CLAUDIO FONSECA,LOCA츒 DE MOVEIS E EQUIPAMENTOS,K2G SUPRIMENTOS DE IMPRESS츒 E INFORMATICA EIRELLI - ME,19.367.661/0001-88,"530,00",04/2018
 CLAUDIO FONSECA,PROVEDOR DE INTERNET,TELEFONICA BRASIL S/A,02.558.157/0001-62,"101,44",04/2018
 CLAUDIO FONSECA,COMBUSTIVEL,AUTO POSTO LIDER-BANDEIRAS LTDA,05.025.949/0001-60,"482,03",05/2018
 CLAUDIO FONSECA,CONTRATA큐O DE PESSOA JURIDICA,REVELE DESENVOLVIMENTO DIGITAL,16.727.438/0001-06,"190,00",05/2018
 CLAUDIO FONSECA,ELABORA츒/MANUTEN큐O DE SITE/HOSPEDAGEM,WEBSIDE SERVI큞S EMPR LTDA ME,08.652.665/0001-91,"49,90",05/2018
 CLAUDIO FONSECA,INTERMEDIADO - CORREIOS,CAMARA MUNICIPAL DE S츒 PAULO,50.176.288/0001-28,"66,80",05/2018
 CLAUDIO FONSECA,INTERMEDIADO - LOCA츒 DE VE펚ULOS,CAMARA MUNICIPAL DE S츒 PAULO,50.176.288/0001-28,"2.148,45",05/2018
 CLAUDIO FONSECA,LOCA츒 DE MOVEIS E EQUIPAMENTOS,ALOC LOCA츒 E COMERCIO DE EQUIPAMENTOS DE INFORM쳆ICA LTDA.,07.071.575/0001-44,"1.295,00",05/2018
 CLAUDIO FONSECA,LOCA츒 DE MOVEIS E EQUIPAMENTOS,K2G SUPRIMENTOS DE IMPRESS츒 E INFORMATICA EIRELLI - ME,19.367.661/0001-88,"530,00",05/2018
 CLAUDIO FONSECA,PROVEDOR DE INTERNET,TELEFONICA BRASIL S/A,02.558.157/0001-62,"101,44",05/2018
 CLAUDIO FONSECA,COMBUSTIVEL,AUTO POSTO LIDER-BANDEIRAS LTDA,05.025.949/0001-60,"334,09",06/2018
 CLAUDIO FONSECA,CONTRATA큐O DE PESSOA JURIDICA,REVELE DESENVOLVIMENTO DIGITAL,16.727.438/0001-06,"190,00",06/2018
 CLAUDIO FONSECA,ELABORA츒/MANUTEN큐O DE SITE/HOSPEDAGEM,WEBSIDE SERVI큞S EMPR LTDA ME,08.652.665/0001-91,"49,90",06/2018
 CLAUDIO FONSECA,INTERMEDIADO - CORREIOS,CAMARA MUNICIPAL DE S츒 PAULO,50.176.288/0001-28,"107,35",06/2018
 CLAUDIO FONSECA,INTERMEDIADO - LOCA츒 DE VE펚ULOS,CAMARA MUNICIPAL DE S츒 PAULO,50.176.288/0001-28,"2.148,45",06/2018
 CLAUDIO FONSECA,LOCA츒 DE MOVEIS E EQUIPAMENTOS,ALOC LOCA츒 E COMERCIO DE EQUIPAMENTOS DE INFORM쳆ICA LTDA.,07.071.575/0001-44,"1.295,00",06/2018
 CLAUDIO FONSECA,LOCA츒 DE MOVEIS E EQUIPAMENTOS,K2G SUPRIMENTOS DE IMPRESS츒 E INFORMATICA EIRELLI - ME,19.367.661/0001-88,"530,00",06/2018
 CLAUDIO FONSECA,MATERIAL DE ESCRITORIO E OUTROS MATERIAIS DE CONSUMO,CENTER PAPEIS COMERCIAL LTDA.,06.226.820/0001-82,"1.395,65",06/2018
 CLAUDIO FONSECA,MATERIAL DE ESCRITORIO E OUTROS MATERIAIS DE CONSUMO,K2G SUPRIMENTOS DE IMPRESS츒 E INFORMATICA EIRELLI - ME,19.367.661/0001-88,"350,00",06/2018
 CLAUDIO FONSECA,PROVEDOR DE INTERNET,TELEFONICA BRASIL S/A,02.558.157/0001-62,"101,44",06/2018
 CLAUDIO FONSECA,COMBUSTIVEL,AUTO POSTO LIDER-BANDEIRAS LTDA,05.025.949/0001-60,"340,24",07/2018
 CLAUDIO FONSECA,COMPOSI츒/ARTE/DIAGRAMA츒/PRODU츒/IMPRESSAO GRAFICA,BRASIL IMPRESSO EIRELI -ME,19.640.456/0001-44,"698,00",07/2018
 CLAUDIO FONSECA,CONTRATA큐O DE PESSOA JURIDICA,TRAMPO INOVAES MARKETING E CONST.TEC.DA INFOMR.,16.670.376/0001-43,"5.000,00",07/2018
 CLAUDIO FONSECA,CONTRATA큐O DE PESSOA JURIDICA,REVELE DESENVOLVIMENTO DIGITAL,16.727.438/0001-06,"190,00",07/2018
 CLAUDIO FONSECA,INTERMEDIADO - CORREIOS,CAMARA MUNICIPAL DE S츒 PAULO,50.176.288/0001-28,"272,55",07/2018
 CLAUDIO FONSECA,INTERMEDIADO - LOCA츒 DE VE펚ULOS,CAMARA MUNICIPAL DE S츒 PAULO,50.176.288/0001-28,"2.148,45",07/2018
 CLAUDIO FONSECA,LOCA츒 DE MOVEIS E EQUIPAMENTOS,ALOC LOCA츒 E COMERCIO DE EQUIPAMENTOS DE INFORM쳆ICA LTDA.,07.071.575/0001-44,"1.295,00",07/2018
 CLAUDIO FONSECA,LOCA츒 DE MOVEIS E EQUIPAMENTOS,K2G SUPRIMENTOS DE IMPRESS츒 E INFORMATICA EIRELLI - ME,19.367.661/0001-88,"925,00",07/2018
 CLAUDIO FONSECA,PROVEDOR DE INTERNET,TELEFONICA BRASIL S/A,02.558.157/0001-62,"101,44",07/2018
 CLAUDIO FONSECA,COMBUSTIVEL,AUTO POSTO LIDER-BANDEIRAS LTDA,05.025.949/0001-60,"564,92",08/2018
 CLAUDIO FONSECA,CONTRATA큐O DE PESSOA JURIDICA,TRAMPO INOVAES MARKETING E CONST.TEC.DA INFOMR.,16.670.376/0001-43,"5.000,00",08/2018
 CLAUDIO FONSECA,CONTRATA큐O DE PESSOA JURIDICA,REVELE DESENVOLVIMENTO DIGITAL,16.727.438/0001-06,"190,00",08/2018
 CLAUDIO FONSECA,ELABORA츒/MANUTEN큐O DE SITE/HOSPEDAGEM,WEBSIDE SERVI큞S EMPR LTDA ME,08.652.665/0001-91,"99,80",08/2018
 CLAUDIO FONSECA,INTERMEDIADO - CORREIOS,CAMARA MUNICIPAL DE S츒 PAULO,50.176.288/0001-28,"97,30",08/2018
 CLAUDIO FONSECA,INTERMEDIADO - LOCA츒 DE VE펚ULOS,CAMARA MUNICIPAL DE S츒 PAULO,50.176.288/0001-28,"2.148,45",08/2018
 CLAUDIO FONSECA,LOCA츒 DE MOVEIS E EQUIPAMENTOS,ALOC LOCA츒 E COMERCIO DE EQUIPAMENTOS DE INFORM쳆ICA LTDA.,07.071.575/0001-44,"1.295,00",08/2018
 CLAUDIO FONSECA,LOCA츒 DE MOVEIS E EQUIPAMENTOS,K2G SUPRIMENTOS DE IMPRESS츒 E INFORMATICA EIRELLI - ME,19.367.661/0001-88,"925,00",08/2018
 CLAUDIO FONSECA,MATERIAL DE ESCRITORIO E OUTROS MATERIAIS DE CONSUMO,CENTER PAPEIS COMERCIAL LTDA.,06.226.820/0001-82,"773,80",08/2018
 CLAUDIO FONSECA,PROVEDOR DE INTERNET,TELEFONICA BRASIL S/A,02.558.157/0001-62,"98,17",08/2018
 CLAUDIO FONSECA,COMBUSTIVEL,AUTO POSTO LIDER-BANDEIRAS LTDA,05.025.949/0001-60,"747,08",09/2018
 CLAUDIO FONSECA,CONTRATA큐O DE PESSOA JURIDICA,TRAMPO INOVAES MARKETING E CONST.TEC.DA INFOMR.,16.670.376/0001-43,"5.000,00",09/2018
 CLAUDIO FONSECA,CONTRATA큐O DE PESSOA JURIDICA,REVELE DESENVOLVIMENTO DIGITAL,16.727.438/0001-06,"190,00",09/2018
 CLAUDIO FONSECA,ELABORA츒/MANUTEN큐O DE SITE/HOSPEDAGEM,WEBSIDE SERVI큞S EMPR LTDA ME,08.652.665/0001-91,"49,90",09/2018
 CLAUDIO FONSECA,INTERMEDIADO - CORREIOS,CAMARA MUNICIPAL DE S츒 PAULO,50.176.288/0001-28,"47,40",09/2018
 CLAUDIO FONSECA,INTERMEDIADO - LOCA츒 DE VE펚ULOS,CAMARA MUNICIPAL DE S츒 PAULO,50.176.288/0001-28,"2.148,45",09/2018
 CLAUDIO FONSECA,LOCA츒 DE MOVEIS E EQUIPAMENTOS,ALOC LOCA츒 E COMERCIO DE EQUIPAMENTOS DE INFORM쳆ICA LTDA.,07.071.575/0001-44,"1.295,00",09/2018
 CLAUDIO FONSECA,LOCA츒 DE MOVEIS E EQUIPAMENTOS,K2G SUPRIMENTOS DE IMPRESS츒 E INFORMATICA EIRELLI - ME,19.367.661/0001-88,"741,00",09/2018
 CLAUDIO FONSECA,MATERIAL DE ESCRITORIO E OUTROS MATERIAIS DE CONSUMO,K2G SUPRIMENTOS DE IMPRESS츒 E INFORMATICA EIRELLI - ME,19.367.661/0001-88,"2.160,00",09/2018
 CLAUDIO FONSECA,PROVEDOR DE INTERNET,TELEFONICA BRASIL S/A,02.558.157/0001-62,"101,23",09/2018
 CLAUDIO FONSECA,COMBUSTIVEL,AUTO POSTO LIDER-BANDEIRAS LTDA,05.025.949/0001-60,"255,57",10/2018
 CLAUDIO FONSECA,COMPOSI츒/ARTE/DIAGRAMA츒/PRODU츒/IMPRESSAO GRAFICA,FM IMPRESSOS PERSONALIZADOS LTDA,13.555.994/0001-54,"407,98",10/2018
 CLAUDIO FONSECA,CONTRATA큐O DE PESSOA JURIDICA,TRAMPO INOVAES MARKETING E CONST.TEC.DA INFOMR.,16.670.376/0001-43,"5.000,00",10/2018
 CLAUDIO FONSECA,CONTRATA큐O DE PESSOA JURIDICA,REVELE DESENVOLVIMENTO DIGITAL,16.727.438/0001-06,"190,00",10/2018
 CLAUDIO FONSECA,ELABORA츒/MANUTEN큐O DE SITE/HOSPEDAGEM,WEBSIDE SERVI큞S EMPR LTDA ME,08.652.665/0001-91,"49,90",10/2018
 CLAUDIO FONSECA,INTERMEDIADO - CORREIOS,CAMARA MUNICIPAL DE S츒 PAULO,50.176.288/0001-28,"67,95",10/2018
 CLAUDIO FONSECA,INTERMEDIADO - LOCA츒 DE VE펚ULOS,CAMARA MUNICIPAL DE S츒 PAULO,50.176.288/0001-28,"2.148,45",10/2018
 CLAUDIO FONSECA,LOCA츒 DE MOVEIS E EQUIPAMENTOS,ALOC LOCA츒 E COMERCIO DE EQUIPAMENTOS DE INFORM쳆ICA LTDA.,07.071.575/0001-44,"1.295,00",10/2018
 CLAUDIO FONSECA,LOCA츒 DE MOVEIS E EQUIPAMENTOS,K2G SUPRIMENTOS DE IMPRESS츒 E INFORMATICA EIRELLI - ME,19.367.661/0001-88,"695,00",10/2018
 CLAUDIO FONSECA,MATERIAL DE ESCRITORIO E OUTROS MATERIAIS DE CONSUMO,CENTER PAPEIS COMERCIAL LTDA.,06.226.820/0001-82,"401,60",10/2018
 CLAUDIO FONSECA,MATERIAL DE ESCRITORIO E OUTROS MATERIAIS DE CONSUMO,K2G SUPRIMENTOS DE IMPRESS츒 E INFORMATICA EIRELLI - ME,19.367.661/0001-88,"1.576,60",10/2018
 CLAUDIO FONSECA,PROVEDOR DE INTERNET,TELEFONICA BRASIL S/A,02.558.157/0001-62,"101,44",10/2018
 CLAUDIO FONSECA,COMBUSTIVEL,AUTO POSTO LIDER-BANDEIRAS LTDA,05.025.949/0001-60,"624,66",11/2018
 CLAUDIO FONSECA,COMPOSI츒/ARTE/DIAGRAMA츒/PRODU츒/IMPRESSAO GRAFICA,IRISARA COMRCIO E SERVI큞S LTDA.,10.376.277/0001-77,"1.482,00",11/2018
 CLAUDIO FONSECA,COMPOSI츒/ARTE/DIAGRAMA츒/PRODU츒/IMPRESSAO GRAFICA,IRINEU  PELOSI-ME,27.540.560/0001-95,"5.572,00",11/2018
 CLAUDIO FONSECA,CONTRATA큐O DE PESSOA JURIDICA,TRAMPO INOVAES MARKETING E CONST.TEC.DA INFOMR.,16.670.376/0001-43,"5.000,00",11/2018
 CLAUDIO FONSECA,CONTRATA큐O DE PESSOA JURIDICA,REVELE DESENVOLVIMENTO DIGITAL,16.727.438/0001-06,"190,00",11/2018
 CLAUDIO FONSECA,ELABORA츒/MANUTEN큐O DE SITE/HOSPEDAGEM,WEBSIDE SERVI큞S EMPR LTDA ME,08.652.665/0001-91,"49,90",11/2018
 CLAUDIO FONSECA,INTERMEDIADO - LOCA츒 DE VE펚ULOS,CAMARA MUNICIPAL DE S츒 PAULO,50.176.288/0001-28,"2.148,45",11/2018
 CLAUDIO FONSECA,LOCA츒 DE MOVEIS E EQUIPAMENTOS,ALOC LOCA츒 E COMERCIO DE EQUIPAMENTOS DE INFORM쳆ICA LTDA.,07.071.575/0001-44,"1.295,00",11/2018
 CLAUDIO FONSECA,LOCA츒 DE MOVEIS E EQUIPAMENTOS,K2G SUPRIMENTOS DE IMPRESS츒 E INFORMATICA EIRELLI - ME,19.367.661/0001-88,"695,00",11/2018
 CLAUDIO FONSECA,MATERIAL DE ESCRITORIO E OUTROS MATERIAIS DE CONSUMO,K2G SUPRIMENTOS DE IMPRESS츒 E INFORMATICA EIRELLI - ME,19.367.661/0001-88,"1.697,00",11/2018
 CLAUDIO FONSECA,PROVEDOR DE INTERNET,TELEFONICA BRASIL S/A,02.558.157/0001-62,"100,22",11/2018
 CLAUDIO FONSECA,APERFEI큞AMENTO PROFISSIONAL,UNI츒 EDUCACIONAL E TECNOLOGIA IMPACTA - UNI-IMPACTA .,03.734.487/0001-24,"895,00",12/2018
 CLAUDIO FONSECA,COMBUSTIVEL,AUTO POSTO LIDER-BANDEIRAS LTDA,05.025.949/0001-60,"622,07",12/2018
 CLAUDIO FONSECA,CONTRATA큐O DE PESSOA JURIDICA,TRAMPO INOVAES MARKETING E CONST.TEC.DA INFOMR.,16.670.376/0001-43,"5.000,00",12/2018
 CLAUDIO FONSECA,CONTRATA큐O DE PESSOA JURIDICA,REVELE DESENVOLVIMENTO DIGITAL,16.727.438/0001-06,"190,00",12/2018
 CLAUDIO FONSECA,ELABORA츒/MANUTEN큐O DE SITE/HOSPEDAGEM,WEBSIDE SERVI큞S EMPR LTDA ME,08.652.665/0001-91,"49,90",12/2018
 CLAUDIO FONSECA,ELABORA츒/MANUTEN큐O DE SITE/HOSPEDAGEM,RAFAEL MARTINS RAMOS ME,21.919.194/0001-01,"270,00",12/2018
 CLAUDIO FONSECA,INTERMEDIADO - CORREIOS,CAMARA MUNICIPAL DE S츒 PAULO,50.176.288/0001-28,"53,80",12/2018
 CLAUDIO FONSECA,INTERMEDIADO - LOCA츒 DE VE펚ULOS,CAMARA MUNICIPAL DE S츒 PAULO,50.176.288/0001-28,"2.148,45",12/2018
 CLAUDIO FONSECA,LOCA츒 DE MOVEIS E EQUIPAMENTOS,K2G SUPRIMENTOS DE IMPRESS츒 E INFORMATICA EIRELLI - ME,19.367.661/0001-88,"695,00",12/2018
 CLAUDIO FONSECA,PROVEDOR DE INTERNET,TELEFONICA BRASIL S/A,02.558.157/0001-62,"101,44",12/2018
 CLAUDIO FONSECA,COMPOSI츒/ARTE/DIAGRAMA츒/PRODU츒/IMPRESSAO GRAFICA,IRINEU  PELOSI-ME,27.540.560/0001-95,"512,00",01/2019
 CLAUDIO FONSECA,CONTRATA큐O DE PESSOA JURIDICA,TRAMPO INOVAES MARKETING E CONST.TEC.DA INFOMR.,16.670.376/0001-43,"5.000,00",01/2019
 CLAUDIO FONSECA,CONTRATA큐O DE PESSOA JURIDICA,REVELE DESENVOLVIMENTO DIGITAL,16.727.438/0001-06,"190,00",01/2019
 CLAUDIO FONSECA,ELABORA츒/MANUTEN큐O DE SITE/HOSPEDAGEM,WEBSIDE SERVI큞S EMPR LTDA ME,08.652.665/0001-91,"49,90",01/2019
 CLAUDIO FONSECA,INTERMEDIADO - LOCA츒 DE VE펚ULOS,CAMARA MUNICIPAL DE S츒 PAULO,50.176.288/0001-28,"2.199,17",01/2019
 CLAUDIO FONSECA,LOCA츒 DE MOVEIS E EQUIPAMENTOS,ALOC LOCA츒 E COMERCIO DE EQUIPAMENTOS DE INFORM쳆ICA LTDA.,07.071.575/0001-44,"1.295,00",01/2019
 CLAUDIO FONSECA,LOCA츒 DE MOVEIS E EQUIPAMENTOS,K2G SUPRIMENTOS DE IMPRESS츒 E INFORMATICA EIRELLI - ME,19.367.661/0001-88,"695,00",01/2019
 CLAUDIO FONSECA,MATERIAL DE ESCRITORIO E OUTROS MATERIAIS DE CONSUMO,CENTER PAPEIS COMERCIAL LTDA.,06.226.820/0001-82,"443,55",01/2019
 CLAUDIO FONSECA,MATERIAL DE ESCRITORIO E OUTROS MATERIAIS DE CONSUMO,K2G SUPRIMENTOS DE IMPRESS츒 E INFORMATICA EIRELLI - ME,19.367.661/0001-88,"110,00",01/2019
 CLAUDIO FONSECA,PROVEDOR DE INTERNET,TELEFONICA BRASIL S/A,02.558.157/0001-62,"101,23",01/2019
 CLAUDIO FONSECA,COMBUSTIVEL,AUTO POSTO LIDER-BANDEIRAS LTDA,05.025.949/0001-60,"371,35",02/2019
 CLAUDIO FONSECA,COMPOSI츒/ARTE/DIAGRAMA츒/PRODU츒/IMPRESSAO GRAFICA,FM IMPRESSOS PERSONALIZADOS LTDA,13.555.994/0001-54,"2.457,17",02/2019
 CLAUDIO FONSECA,COMPOSI츒/ARTE/DIAGRAMA츒/PRODU츒/IMPRESSAO GRAFICA,IRINEU  PELOSI-ME,27.540.560/0001-95,"512,00",02/2019
 CLAUDIO FONSECA,CONTRATA큐O DE PESSOA JURIDICA,REVELE DESENVOLVIMENTO DIGITAL,16.727.438/0001-06,"190,00",02/2019
 CLAUDIO FONSECA,ELABORA츒/MANUTEN큐O DE SITE/HOSPEDAGEM,WEBSIDE SERVI큞S EMPR LTDA ME,08.652.665/0001-91,"49,90",02/2019
 CLAUDIO FONSECA,INTERMEDIADO - CORREIOS,CAMARA MUNICIPAL DE S츒 PAULO,50.176.288/0001-28,"48,58",02/2019
 CLAUDIO FONSECA,INTERMEDIADO - LOCA츒 DE VE펚ULOS,CAMARA MUNICIPAL DE S츒 PAULO,50.176.288/0001-28,"2.214,62",02/2019
 CLAUDIO FONSECA,LOCA츒 DE MOVEIS E EQUIPAMENTOS,ALOC LOCA츒 E COMERCIO DE EQUIPAMENTOS DE INFORM쳆ICA LTDA.,07.071.575/0001-44,"1.295,00",02/2019
 CLAUDIO FONSECA,LOCA츒 DE MOVEIS E EQUIPAMENTOS,K2G SUPRIMENTOS DE IMPRESS츒 E INFORMATICA EIRELLI - ME,19.367.661/0001-88,"395,00",02/2019
 CLAUDIO FONSECA,MATERIAL DE ESCRITORIO E OUTROS MATERIAIS DE CONSUMO,CENTER PAPEIS COMERCIAL LTDA.,06.226.820/0001-82,"121,90",02/2019
 CLAUDIO FONSECA,MATERIAL DE ESCRITORIO E OUTROS MATERIAIS DE CONSUMO,K2G SUPRIMENTOS DE IMPRESS츒 E INFORMATICA EIRELLI - ME,19.367.661/0001-88,"264,00",02/2019
 CLAUDIO FONSECA,PROVEDOR DE INTERNET,TELEFONICA BRASIL S/A,02.558.157/0001-62,"101,44",02/2019
 CLAUDIO FONSECA,TELEFONE MOVEL,TIM S.A.,02.421.421/0001-11,"4,83",02/2019
 CLAUDIO FONSECA,COMBUSTIVEL,AUTO POSTO LIDER-BANDEIRAS LTDA,05.025.949/0001-60,"611,40",03/2019
 CLAUDIO FONSECA,CONTRATA큐O DE PESSOA JURIDICA,MAHA PRAJNA PRODUES ART펩TICAS EIRELI-ME,10.513.124/0001-24,"5.000,00",03/2019
 CLAUDIO FONSECA,CONTRATA큐O DE PESSOA JURIDICA,REVELE DESENVOLVIMENTO DIGITAL,16.727.438/0001-06,"190,00",03/2019
 CLAUDIO FONSECA,ELABORA츒/MANUTEN큐O DE SITE/HOSPEDAGEM,WEBSIDE SERVI큞S EMPR LTDA ME,08.652.665/0001-91,"49,90",03/2019
 CLAUDIO FONSECA,INTERMEDIADO - CORREIOS,CAMARA MUNICIPAL DE S츒 PAULO,50.176.288/0001-28,"107,60",03/2019
 CLAUDIO FONSECA,INTERMEDIADO - LOCA츒 DE VE펚ULOS,CAMARA MUNICIPAL DE S츒 PAULO,50.176.288/0001-28,"2.214,62",03/2019
 CLAUDIO FONSECA,LOCA츒 DE MOVEIS E EQUIPAMENTOS,ALOC LOCA츒 E COMERCIO DE EQUIPAMENTOS DE INFORM쳆ICA LTDA.,07.071.575/0001-44,"395,00",03/2019
 CLAUDIO FONSECA,LOCA츒 DE MOVEIS E EQUIPAMENTOS,K2G SUPRIMENTOS DE IMPRESS츒 E INFORMATICA EIRELLI - ME,19.367.661/0001-88,"895,00",03/2019
 CLAUDIO FONSECA,MATERIAL DE ESCRITORIO E OUTROS MATERIAIS DE CONSUMO,CENTER PAPEIS COMERCIAL LTDA.,06.226.820/0001-82,"353,40",03/2019
 CLAUDIO FONSECA,PROVEDOR DE INTERNET,TELEFONICA BRASIL S/A,02.558.157/0001-62,"101,44",03/2019
 CLAUDIO FONSECA,TELEFONE MOVEL,TIM S.A.,02.421.421/0001-11,"97,62",03/2019
 CLAUDIO FONSECA,COMBUSTIVEL,AUTO POSTO LIDER-BANDEIRAS LTDA,05.025.949/0001-60,"925,53",04/2019
 CLAUDIO FONSECA,COMPOSI츒/ARTE/DIAGRAMA츒/PRODU츒/IMPRESSAO GRAFICA,FM IMPRESSOS PERSONALIZADOS LTDA,13.555.994/0001-54,"4.035,96",04/2019
 CLAUDIO FONSECA,CONTRATA큐O DE PESSOA JURIDICA,MAHA PRAJNA PRODUES ART펩TICAS EIRELI-ME,10.513.124/0001-24,"5.000,00",04/2019
 CLAUDIO FONSECA,CONTRATA큐O DE PESSOA JURIDICA,REVELE DESENVOLVIMENTO DIGITAL,16.727.438/0001-06,"190,00",04/2019
 CLAUDIO FONSECA,ELABORA츒/MANUTEN큐O DE SITE/HOSPEDAGEM,WEBSIDE SERVI큞S EMPR LTDA ME,08.652.665/0001-91,"49,90",04/2019
 CLAUDIO FONSECA,INTERMEDIADO - CORREIOS,CAMARA MUNICIPAL DE S츒 PAULO,50.176.288/0001-28,"100,75",04/2019
 CLAUDIO FONSECA,INTERMEDIADO - LOCA츒 DE VE펚ULOS,CAMARA MUNICIPAL DE S츒 PAULO,50.176.288/0001-28,"2.214,62",04/2019
 CLAUDIO FONSECA,LOCA츒 DE MOVEIS E EQUIPAMENTOS,K2G SUPRIMENTOS DE IMPRESS츒 E INFORMATICA EIRELLI - ME,19.367.661/0001-88,"1.288,00",04/2019
 CLAUDIO FONSECA,MATERIAL DE ESCRITORIO E OUTROS MATERIAIS DE CONSUMO,K2G SUPRIMENTOS DE IMPRESS츒 E INFORMATICA EIRELLI - ME,19.367.661/0001-88,"610,00",04/2019
 CLAUDIO FONSECA,PROVEDOR DE INTERNET,TELEFONICA BRASIL S/A,02.558.157/0001-62,"106,51",04/2019
 CLAUDIO FONSECA,TELEFONE MOVEL,TIM S.A.,02.421.421/0001-11,"110,18",04/2019
 CLAUDIO FONSECA,COMBUSTIVEL,AUTO POSTO LIDER-BANDEIRAS LTDA,05.025.949/0001-60,"785,81",05/2019
 CLAUDIO FONSECA,COMPOSI츒/ARTE/DIAGRAMA츒/PRODU츒/IMPRESSAO GRAFICA,FM IMPRESSOS PERSONALIZADOS LTDA,13.555.994/0001-54,"2.363,99",05/2019
 CLAUDIO FONSECA,CONTRATA큐O DE PESSOA JURIDICA,MAHA PRAJNA PRODUES ART펩TICAS EIRELI-ME,10.513.124/0001-24,"5.000,00",05/2019
 CLAUDIO FONSECA,CONTRATA큐O DE PESSOA JURIDICA,REVELE DESENVOLVIMENTO DIGITAL,16.727.438/0001-06,"190,00",05/2019
 CLAUDIO FONSECA,ELABORA츒/MANUTEN큐O DE SITE/HOSPEDAGEM,WEBSIDE SERVI큞S EMPR LTDA ME,08.652.665/0001-91,"49,90",05/2019
 CLAUDIO FONSECA,INTERMEDIADO - CORREIOS,CAMARA MUNICIPAL DE S츒 PAULO,50.176.288/0001-28,"161,40",05/2019
 CLAUDIO FONSECA,INTERMEDIADO - LOCA츒 DE VE펚ULOS,CAMARA MUNICIPAL DE S츒 PAULO,50.176.288/0001-28,"2.214,62",05/2019
 CLAUDIO FONSECA,LOCA츒 DE MOVEIS E EQUIPAMENTOS,K2G SUPRIMENTOS DE IMPRESS츒 E INFORMATICA EIRELLI - ME,19.367.661/0001-88,"1.288,00",05/2019
 CLAUDIO FONSECA,MATERIAL DE ESCRITORIO E OUTROS MATERIAIS DE CONSUMO,CENTER PAPEIS COMERCIAL LTDA.,06.226.820/0001-82,"1.213,85",05/2019
 CLAUDIO FONSECA,MATERIAL DE ESCRITORIO E OUTROS MATERIAIS DE CONSUMO,K2G SUPRIMENTOS DE IMPRESS츒 E INFORMATICA EIRELLI - ME,19.367.661/0001-88,"493,00",05/2019
 CLAUDIO FONSECA,PROVEDOR DE INTERNET,TELEFONICA BRASIL S/A,02.558.157/0001-62,"106,51",05/2019
 CLAUDIO FONSECA,TELEFONE MOVEL,TIM S.A.,02.421.421/0001-11,"119,99",05/2019
 CLAUDIO FONSECA,COMBUSTIVEL,AUTO POSTO LIDER-BANDEIRAS LTDA,05.025.949/0001-60,"778,72",06/2019
 CLAUDIO FONSECA,COMPOSI츒/ARTE/DIAGRAMA츒/PRODU츒/IMPRESSAO GRAFICA,LIMCOPY COM. E SERV. DE COPIAS EIRELI,02.242.661/0001-59,"84,00",06/2019
 CLAUDIO FONSECA,COMPOSI츒/ARTE/DIAGRAMA츒/PRODU츒/IMPRESSAO GRAFICA,FM IMPRESSOS PERSONALIZADOS LTDA,13.555.994/0001-54,"519,99",06/2019
 CLAUDIO FONSECA,CONTRATA큐O DE PESSOA JURIDICA,MAHA PRAJNA PRODUES ART펩TICAS EIRELI-ME,10.513.124/0001-24,"5.000,00",06/2019
 CLAUDIO FONSECA,CONTRATA큐O DE PESSOA JURIDICA,REVELE DESENVOLVIMENTO DIGITAL,16.727.438/0001-06,"190,00",06/2019
 CLAUDIO FONSECA,ELABORA츒/MANUTEN큐O DE SITE/HOSPEDAGEM,WEBSIDE SERVI큞S EMPR LTDA ME,08.652.665/0001-91,"49,90",06/2019
 CLAUDIO FONSECA,INTERMEDIADO - CORREIOS,CAMARA MUNICIPAL DE S츒 PAULO,50.176.288/0001-28,"134,50",06/2019
 CLAUDIO FONSECA,INTERMEDIADO - LOCA츒 DE VE펚ULOS,CAMARA MUNICIPAL DE S츒 PAULO,50.176.288/0001-28,"2.214,62",06/2019
 CLAUDIO FONSECA,LOCA츒 DE MOVEIS E EQUIPAMENTOS,K2G SUPRIMENTOS DE IMPRESS츒 E INFORMATICA EIRELLI - ME,19.367.661/0001-88,"1.288,00",06/2019
 CLAUDIO FONSECA,MATERIAL DE ESCRITORIO E OUTROS MATERIAIS DE CONSUMO,CENTER PAPEIS COMERCIAL LTDA.,06.226.820/0001-82,"331,35",06/2019
 CLAUDIO FONSECA,MATERIAL DE ESCRITORIO E OUTROS MATERIAIS DE CONSUMO,K2G SUPRIMENTOS DE IMPRESS츒 E INFORMATICA EIRELLI - ME,19.367.661/0001-88,"505,00",06/2019
 CLAUDIO FONSECA,PROVEDOR DE INTERNET,CLARO S.A.,40.432.544/0001-47,"76,93",06/2019
 CLAUDIO FONSECA,TELEFONE MOVEL,TIM S.A.,02.421.421/0001-11,"119,99",06/2019
 CLAUDIO FONSECA,COMBUSTIVEL,AUTO POSTO LIDER-BANDEIRAS LTDA,05.025.949/0001-60,"874,91",07/2019
 CLAUDIO FONSECA,CONTRATA큐O DE PESSOA JURIDICA,MAHA PRAJNA PRODUES ART펩TICAS EIRELI-ME,10.513.124/0001-24,"5.000,00",07/2019
 CLAUDIO FONSECA,CONTRATA큐O DE PESSOA JURIDICA,REVELE DESENVOLVIMENTO DIGITAL,16.727.438/0001-06,"190,00",07/2019
 CLAUDIO FONSECA,ELABORA츒/MANUTEN큐O DE SITE/HOSPEDAGEM,WEBSIDE SERVI큞S EMPR LTDA ME,08.652.665/0001-91,"49,90",07/2019
 CLAUDIO FONSECA,INTERMEDIADO - CORREIOS,CAMARA MUNICIPAL DE S츒 PAULO,50.176.288/0001-28,"67,25",07/2019
 CLAUDIO FONSECA,INTERMEDIADO - LOCA츒 DE VE펚ULOS,CAMARA MUNICIPAL DE S츒 PAULO,50.176.288/0001-28,"2.214,62",07/2019
 CLAUDIO FONSECA,LOCA츒 DE MOVEIS E EQUIPAMENTOS,K2G SUPRIMENTOS DE IMPRESS츒 E INFORMATICA EIRELLI - ME,19.367.661/0001-88,"1.288,00",07/2019
 CLAUDIO FONSECA,MATERIAL DE ESCRITORIO E OUTROS MATERIAIS DE CONSUMO,K2G SUPRIMENTOS DE IMPRESS츒 E INFORMATICA EIRELLI - ME,19.367.661/0001-88,"765,00",07/2019
 CLAUDIO FONSECA,PROVEDOR DE INTERNET,CLARO S.A.,40.432.544/0001-47,"121,48",07/2019
 CLAUDIO FONSECA,TELEFONE MOVEL,TIM S.A.,02.421.421/0001-11,"119,99",07/2019
 CLAUDIO FONSECA,COMBUSTIVEL,AUTO POSTO LIDER-BANDEIRAS LTDA,05.025.949/0001-60,"998,59",08/2019
 CLAUDIO FONSECA,CONTRATA큐O DE PESSOA JURIDICA,MAHA PRAJNA PRODUES ART펩TICAS EIRELI-ME,10.513.124/0001-24,"5.000,00",08/2019
 CLAUDIO FONSECA,CONTRATA큐O DE PESSOA JURIDICA,REVELE DESENVOLVIMENTO DIGITAL,16.727.438/0001-06,"190,00",08/2019
 CLAUDIO FONSECA,ELABORA츒/MANUTEN큐O DE SITE/HOSPEDAGEM,LOCAWEB SERVI큞S DE INTERNET S.A.,02.351.877/0001-52,"214,80",08/2019
 CLAUDIO FONSECA,INTERMEDIADO - LOCA츒 DE VE펚ULOS,CAMARA MUNICIPAL DE S츒 PAULO,50.176.288/0001-28,"2.214,62",08/2019
 CLAUDIO FONSECA,LOCA츒 DE MOVEIS E EQUIPAMENTOS,K2G SUPRIMENTOS DE IMPRESS츒 E INFORMATICA EIRELLI - ME,19.367.661/0001-88,"1.288,00",08/2019
 CLAUDIO FONSECA,MATERIAL DE ESCRITORIO E OUTROS MATERIAIS DE CONSUMO,K2G SUPRIMENTOS DE IMPRESS츒 E INFORMATICA EIRELLI - ME,19.367.661/0001-88,"750,00",08/2019
 CLAUDIO FONSECA,PROVEDOR DE INTERNET,CLARO S.A.,40.432.544/0001-47,"126,02",08/2019
 CLAUDIO FONSECA,REPROGRAFIA (XEROX/ENCADERNA츒),K2G SUPRIMENTOS DE IMPRESS츒 E INFORMATICA EIRELLI - ME,19.367.661/0001-88,"728,00",08/2019
 CLAUDIO FONSECA,TELEFONE MOVEL,TIM S.A.,02.421.421/0001-11,"110,09",08/2019
 CLAUDIO FONSECA,COMBUSTIVEL,AUTO POSTO LIDER-BANDEIRAS LTDA,05.025.949/0001-60,"584,31",09/2019
 CLAUDIO FONSECA,COMPOSI츒/ARTE/DIAGRAMA츒/PRODU츒/IMPRESSAO GRAFICA,FMIMPRESSOS PERSONALIZADOS LTDA,13.555.994/0006-69,"248,98",09/2019
 CLAUDIO FONSECA,CONTRATA큐O DE PESSOA JURIDICA,MAHA PRAJNA PRODUES ART펩TICAS EIRELI-ME,10.513.124/0001-24,"5.000,00",09/2019
 CLAUDIO FONSECA,CONTRATA큐O DE PESSOA JURIDICA,REVELE DESENVOLVIMENTO DIGITAL,16.727.438/0001-06,"190,00",09/2019
 CLAUDIO FONSECA,INTERMEDIADO - LOCA츒 DE VE펚ULOS,CAMARA MUNICIPAL DE S츒 PAULO,50.176.288/0001-28,"2.214,62",09/2019
 CLAUDIO FONSECA,LOCA츒 DE MOVEIS E EQUIPAMENTOS,K2G SUPRIMENTOS DE IMPRESS츒 E INFORMATICA EIRELLI - ME,19.367.661/0001-88,"1.288,00",09/2019
 CLAUDIO FONSECA,MATERIAL DE ESCRITORIO E OUTROS MATERIAIS DE CONSUMO,CENTER PAPEIS COMERCIAL LTDA.,06.226.820/0001-82,"575,10",09/2019
 CLAUDIO FONSECA,MATERIAL DE ESCRITORIO E OUTROS MATERIAIS DE CONSUMO,K2G SUPRIMENTOS DE IMPRESS츒 E INFORMATICA EIRELLI - ME,19.367.661/0001-88,"495,00",09/2019
 CLAUDIO FONSECA,PROVEDOR DE INTERNET,CLARO S.A.,40.432.544/0001-47,"129,98",09/2019
 CLAUDIO FONSECA,TELEFONE MOVEL,TIM S.A.,02.421.421/0001-11,"110,09",09/2019
 CLAUDIO FONSECA,COMBUSTIVEL,AUTO POSTO LIDER-BANDEIRAS LTDA,05.025.949/0001-60,"831,54",10/2019
 CLAUDIO FONSECA,COMPOSI츒/ARTE/DIAGRAMA츒/PRODU츒/IMPRESSAO GRAFICA,FMIMPRESSOS PERSONALIZADOS LTDA,13.555.994/0006-69,"546,88",10/2019
 CLAUDIO FONSECA,CONTRATA큐O DE PESSOA JURIDICA,MAHA PRAJNA PRODUES ART펩TICAS EIRELI-ME,10.513.124/0001-24,"5.000,00",10/2019
 CLAUDIO FONSECA,CONTRATA큐O DE PESSOA JURIDICA,REVELE DESENVOLVIMENTO DIGITAL,16.727.438/0001-06,"190,00",10/2019
 CLAUDIO FONSECA,INTERMEDIADO - LOCA츒 DE VE펚ULOS,CAMARA MUNICIPAL DE S츒 PAULO,50.176.288/0001-28,"2.214,62",10/2019
 CLAUDIO FONSECA,LOCA츒 DE MOVEIS E EQUIPAMENTOS,K2G SUPRIMENTOS DE IMPRESS츒 E INFORMATICA EIRELLI - ME,19.367.661/0001-88,"1.288,00",10/2019
 CLAUDIO FONSECA,MATERIAL DE ESCRITORIO E OUTROS MATERIAIS DE CONSUMO,CENTER PAPEIS COMERCIAL LTDA.,06.226.820/0001-82,"275,40",10/2019
 CLAUDIO FONSECA,PROVEDOR DE INTERNET,CLARO S.A.,40.432.544/0001-47,"129,98",10/2019
 CLAUDIO FONSECA,REPROGRAFIA (XEROX/ENCADERNA츒),K2G SUPRIMENTOS DE IMPRESS츒 E INFORMATICA EIRELLI - ME,19.367.661/0001-88,"48,00",10/2019
 CLAUDIO FONSECA,TELEFONE MOVEL,TIM S.A.,02.421.421/0001-11,"118,76",10/2019
 CLAUDIO FONSECA,COMBUSTIVEL,AUTO POSTO LIDER-BANDEIRAS LTDA,05.025.949/0001-60,"1.115,01",11/2019
 CLAUDIO FONSECA,CONTRATA큐O DE PESSOA JURIDICA,MAHA PRAJNA PRODUES ART펩TICAS EIRELI-ME,10.513.124/0001-24,"5.000,00",11/2019
 CLAUDIO FONSECA,CONTRATA큐O DE PESSOA JURIDICA,REVELE DESENVOLVIMENTO DIGITAL,16.727.438/0001-06,"190,00",11/2019
 CLAUDIO FONSECA,INTERMEDIADO - CORREIOS,CAMARA MUNICIPAL DE S츒 PAULO,50.176.288/0001-28,"105,30",11/2019
 CLAUDIO FONSECA,INTERMEDIADO - LOCA츒 DE VE펚ULOS,CAMARA MUNICIPAL DE S츒 PAULO,50.176.288/0001-28,"2.214,62",11/2019
 CLAUDIO FONSECA,LOCA츒 DE MOVEIS E EQUIPAMENTOS,K2G SUPRIMENTOS DE IMPRESS츒 E INFORMATICA EIRELLI - ME,19.367.661/0001-88,"1.288,00",11/2019
 CLAUDIO FONSECA,PROVEDOR DE INTERNET,CLARO S.A.,40.432.544/0001-47,"129,98",11/2019
 CLAUDIO FONSECA,TELEFONE MOVEL,TIM S.A.,02.421.421/0001-11,"110,09",11/2019
 CLAUDIO FONSECA,COMBUSTIVEL,AUTO POSTO LIDER-BANDEIRAS LTDA,05.025.949/0001-60,"1.139,93",12/2019
 CLAUDIO FONSECA,COMPOSI츒/ARTE/DIAGRAMA츒/PRODU츒/IMPRESSAO GRAFICA,FMIMPRESSOS PERSONALIZADOS LTDA,13.555.994/0006-69,"177,98",12/2019
 CLAUDIO FONSECA,CONTRATA큐O DE PESSOA JURIDICA,MAHA PRAJNA PRODUES ART펩TICAS EIRELI-ME,10.513.124/0001-24,"5.000,00",12/2019
 CLAUDIO FONSECA,CONTRATA큐O DE PESSOA JURIDICA,REVELE DESENVOLVIMENTO DIGITAL,16.727.438/0001-06,"190,00",12/2019
 CLAUDIO FONSECA,INTERMEDIADO - CORREIOS,CAMARA MUNICIPAL DE S츒 PAULO,50.176.288/0001-28,"47,70",12/2019
 CLAUDIO FONSECA,INTERMEDIADO - LOCA츒 DE VE펚ULOS,CAMARA MUNICIPAL DE S츒 PAULO,50.176.288/0001-28,"2.214,62",12/2019
 CLAUDIO FONSECA,LOCA츒 DE MOVEIS E EQUIPAMENTOS,K2G SUPRIMENTOS DE IMPRESS츒 E INFORMATICA EIRELLI - ME,19.367.661/0001-88,"1.288,00",12/2019
 CLAUDIO FONSECA,MATERIAL DE ESCRITORIO E OUTROS MATERIAIS DE CONSUMO,K2G SUPRIMENTOS DE IMPRESS츒 E INFORMATICA EIRELLI - ME,19.367.661/0001-88,"770,00",12/2019
 CLAUDIO FONSECA,PROVEDOR DE INTERNET,CLARO S.A.,40.432.544/0001-47,"129,98",12/2019
 CLAUDIO FONSECA,TELEFONE MOVEL,TIM S.A.,02.421.421/0001-11,"112,57",12/2019
 CLAUDIO FONSECA,COMBUSTIVEL,AUTO POSTO LIDER-BANDEIRAS LTDA,05.025.949/0001-60,"853,45",01/2020
 CLAUDIO FONSECA,COMPOSI츒/ARTE/DIAGRAMA츒/PRODU츒/IMPRESSAO GRAFICA,FMIMPRESSOS PERSONALIZADOS LTDA,13.555.994/0006-69,"198,99",01/2020
 CLAUDIO FONSECA,CONTRATA큐O DE PESSOA JURIDICA,MAHA PRAJNA PRODUES ART펩TICAS EIRELI-ME,10.513.124/0001-24,"2.600,00",01/2020
 CLAUDIO FONSECA,CONTRATA큐O DE PESSOA JURIDICA,FACEBOOK SERVICOS ON LINE DO BRASIL LTDA,13.347.016/0001-17,"200,00",01/2020
 CLAUDIO FONSECA,CONTRATA큐O DE PESSOA JURIDICA,REVELE DESENVOLVIMENTO DIGITAL,16.727.438/0001-06,"190,00",01/2020
 CLAUDIO FONSECA,INTERMEDIADO - LOCA츒 DE VE펚ULOS,CAMARA MUNICIPAL DE S츒 PAULO,50.176.288/0001-28,"2.249,41",01/2020
 CLAUDIO FONSECA,LOCA츒 DE MOVEIS E EQUIPAMENTOS,K2G SUPRIMENTOS DE IMPRESS츒 E INFORMATICA EIRELLI - ME,19.367.661/0001-88,"1.288,00",01/2020
 CLAUDIO FONSECA,MATERIAL DE ESCRITORIO E OUTROS MATERIAIS DE CONSUMO,CENTER PAPEIS COMERCIAL LTDA.,06.226.820/0001-82,"319,40",01/2020
 CLAUDIO FONSECA,PROVEDOR DE INTERNET,CLARO S.A.,40.432.544/0001-47,"129,98",01/2020
 CLAUDIO FONSECA,TELEFONE MOVEL,TIM S.A.,02.421.421/0001-11,"112,57",01/2020
 CLAUDIO FONSECA,COMBUSTIVEL,AUTO POSTO LIDER-BANDEIRAS LTDA,05.025.949/0001-60,"820,89",02/2020
 CLAUDIO FONSECA,CONTRATA큐O DE PESSOA JURIDICA,MAHA PRAJNA PRODUES ART펩TICAS EIRELI-ME,10.513.124/0001-24,"2.600,00",02/2020
 CLAUDIO FONSECA,CONTRATA큐O DE PESSOA JURIDICA,FACEBOOK SERVICOS ON LINE DO BRASIL LTDA,13.347.016/0001-17,"1.000,00",02/2020
 CLAUDIO FONSECA,CONTRATA큐O DE PESSOA JURIDICA,REVELE DESENVOLVIMENTO DIGITAL,16.727.438/0001-06,"190,00",02/2020
 CLAUDIO FONSECA,INTERMEDIADO - LOCA츒 DE VE펚ULOS,CAMARA MUNICIPAL DE S츒 PAULO,50.176.288/0001-28,"2.260,00",02/2020
 CLAUDIO FONSECA,LOCA츒 DE MOVEIS E EQUIPAMENTOS,K2G SUPRIMENTOS DE IMPRESS츒 E INFORMATICA EIRELLI - ME,19.367.661/0001-88,"1.288,00",02/2020
 CLAUDIO FONSECA,MATERIAL DE ESCRITORIO E OUTROS MATERIAIS DE CONSUMO,CENTER PAPEIS COMERCIAL LTDA.,06.226.820/0001-82,"1.715,95",02/2020
 CLAUDIO FONSECA,PROVEDOR DE INTERNET,CLARO S.A.,40.432.544/0001-47,"129,98",02/2020
 CLAUDIO FONSECA,REPROGRAFIA (XEROX/ENCADERNA츒),K2G SUPRIMENTOS DE IMPRESS츒 E INFORMATICA EIRELLI - ME,19.367.661/0001-88,"222,50",02/2020
 CLAUDIO FONSECA,TELEFONE MOVEL,TIM S.A.,02.421.421/0001-11,"119,99",02/2020
 CLAUDIO FONSECA,COMBUSTIVEL,AUTO POSTO LIDER-BANDEIRAS LTDA,05.025.949/0001-60,"890,70",03/2020
 CLAUDIO FONSECA,COMPOSI츒/ARTE/DIAGRAMA츒/PRODU츒/IMPRESSAO GRAFICA,FMIMPRESSOS PERSONALIZADOS LTDA,13.555.994/0006-69,"1.490,98",03/2020
 CLAUDIO FONSECA,CONTRATA큐O DE PESSOA JURIDICA,MAHA PRAJNA PRODUES ART펩TICAS EIRELI-ME,10.513.124/0001-24,"2.600,00",03/2020
 CLAUDIO FONSECA,CONTRATA큐O DE PESSOA JURIDICA,FACEBOOK SERVICOS ON LINE DO BRASIL LTDA,13.347.016/0001-17,"1.500,00",03/2020
 CLAUDIO FONSECA,CONTRATA큐O DE PESSOA JURIDICA,REVELE DESENVOLVIMENTO DIGITAL,16.727.438/0001-06,"190,00",03/2020
 CLAUDIO FONSECA,INTERMEDIADO - LOCA츒 DE VE펚ULOS,CAMARA MUNICIPAL DE S츒 PAULO,50.176.288/0001-28,"2.260,00",03/2020
 CLAUDIO FONSECA,LOCA츒 DE MOVEIS E EQUIPAMENTOS,K2G SUPRIMENTOS DE IMPRESS츒 E INFORMATICA EIRELLI - ME,19.367.661/0001-88,"1.288,00",03/2020
 CLAUDIO FONSECA,MATERIAL DE ESCRITORIO E OUTROS MATERIAIS DE CONSUMO,CENTER PAPEIS COMERCIAL LTDA.,06.226.820/0001-82,"200,85",03/2020
 CLAUDIO FONSECA,MATERIAL DE ESCRITORIO E OUTROS MATERIAIS DE CONSUMO,K2G SUPRIMENTOS DE IMPRESS츒 E INFORMATICA EIRELLI - ME,19.367.661/0001-88,"1.395,00",03/2020
 CLAUDIO FONSECA,PROVEDOR DE INTERNET,CLARO S.A.,40.432.544/0001-47,"129,98",03/2020
 CLAUDIO FONSECA,TELEFONE MOVEL,TIM S.A.,02.421.421/0001-11,"110,09",03/2020
 CLAUDIO FONSECA,COMBUSTIVEL,AUTO POSTO LIDER-BANDEIRAS LTDA,05.025.949/0001-60,"320,71",04/2020
 CLAUDIO FONSECA,CONTRATA큐O DE PESSOA JURIDICA,MAHA PRAJNA PRODUES ART펩TICAS EIRELI-ME,10.513.124/0001-24,"2.600,00",04/2020
 CLAUDIO FONSECA,CONTRATA큐O DE PESSOA JURIDICA,FACEBOOK SERVICOS ON LINE DO BRASIL LTDA,13.347.016/0001-17,"1.810,00",04/2020
 CLAUDIO FONSECA,CONTRATA큐O DE PESSOA JURIDICA,REVELE DESENVOLVIMENTO DIGITAL,16.727.438/0001-06,"190,00",04/2020
 CLAUDIO FONSECA,INTERMEDIADO - LOCA츒 DE VE펚ULOS,CAMARA MUNICIPAL DE S츒 PAULO,50.176.288/0001-28,"2.260,00",04/2020
 CLAUDIO FONSECA,LOCA츒 DE MOVEIS E EQUIPAMENTOS,K2G SUPRIMENTOS DE IMPRESS츒 E INFORMATICA EIRELLI - ME,19.367.661/0001-88,"1.288,00",04/2020
 CLAUDIO FONSECA,PROVEDOR DE INTERNET,CLARO S.A.,40.432.544/0001-47,"129,98",04/2020
 CLAUDIO FONSECA,TELEFONE MOVEL,TIM S.A.,02.421.421/0001-11,"122,42",04/2020
