 ZÉ TURIN,COMBUSTIVEL,AUTO POSTO NOVO CENTRO LTDA,02.646.144/0001-45,"30,00",01/2017
 ZÉ TURIN,COMBUSTIVEL,AUTO POSTO GRANERO LTDA.,05.468.615/0001-60,"620,45",01/2017
 ZÉ TURIN,CONTRATAÇAO DE PESSOA JURIDICA,A BORGES COMUNICAÇÃO PRODUÇÃO E EVENTOS LTDA,13.474.355/0001-64,"7.928,00",01/2017
 ZÉ TURIN,INTERMEDIADO - LOCAÇÃO DE VEÍCULOS,CAMARA MUNICIPAL DE SÃO PAULO,50.176.288/0001-28,"980,55",01/2017
 ZÉ TURIN,LOCAÇÃO DE MOVEIS E EQUIPAMENTOS,BRIX CONSTRUÇÕES E SERVIÇOS,20.337.161/0001-82,"500,00",01/2017
 ZÉ TURIN,MATERIAL DE ESCRITORIO E OUTROS MATERIAIS DE CONSUMO,MAJU GRAF GRAFICA LTDA ME,06.226.361/0001-37,"252,71",01/2017
 ZÉ TURIN,COMBUSTIVEL,AUTO POSTO GRANERO LTDA.,05.468.615/0001-60,"699,05",02/2017
 ZÉ TURIN,CONTRATAÇAO DE PESSOA JURIDICA,A BORGES COMUNICAÇÃO PRODUÇÃO E EVENTOS LTDA,13.474.355/0001-64,"7.928,00",02/2017
 ZÉ TURIN,INTERMEDIADO - LOCAÇÃO DE VEÍCULOS,CAMARA MUNICIPAL DE SÃO PAULO,50.176.288/0001-28,"2.101,17",02/2017
 ZÉ TURIN,LOCAÇÃO DE MOVEIS E EQUIPAMENTOS,BRIX CONSTRUÇÕES E SERVIÇOS,20.337.161/0001-82,"500,00",02/2017
 ZÉ TURIN,MATERIAL DE ESCRITORIO E OUTROS MATERIAIS DE CONSUMO,CENTER PAPEIS COMERCIAL LTDA.,06.226.820/0001-82,"1.986,85",02/2017
 ZÉ TURIN,MATERIAL DE ESCRITORIO E OUTROS MATERIAIS DE CONSUMO,CESAR VIEIRA MENDES ME,11.045.359/0001-00,"6.000,00",02/2017
 ZÉ TURIN,ASSINATURA DE JORNAIS E REVISTAS,EMPRESA FOLHA DA MANHÃ S.A.,60.579.703/0031-63,"803,40",03/2017
 ZÉ TURIN,COMBUSTIVEL,AUTO POSTO GRANERO LTDA.,05.468.615/0001-60,"929,49",03/2017
 ZÉ TURIN,COMPOSIÇÃO/ARTE/DIAGRAMAÇÃO/PRODUÇÃO/IMPRESSAO GRAFICA,CESAR VIEIRA MENDES ME,11.045.359/0001-00,"8.000,00",03/2017
 ZÉ TURIN,CONTRATAÇAO DE PESSOA JURIDICA,A BORGES COMUNICAÇÃO PRODUÇÃO E EVENTOS LTDA,13.474.355/0001-64,"8.000,00",03/2017
 ZÉ TURIN,INTERMEDIADO - CORREIOS,CAMARA MUNICIPAL DE SÃO PAULO,50.176.288/0001-28,"22,30",03/2017
 ZÉ TURIN,INTERMEDIADO - LOCAÇÃO DE VEÍCULOS,CAMARA MUNICIPAL DE SÃO PAULO,50.176.288/0001-28,"2.101,17",03/2017
 ZÉ TURIN,INTERMEDIADO - REPROGRAFIA (XEROX/ENCADERNAÇÃO),CAMARA MUNICIPAL DE SÃO PAULO,50.176.288/0001-28,"2,70",03/2017
 ZÉ TURIN,LOCAÇÃO DE MOVEIS E EQUIPAMENTOS,BRIX CONSTRUÇÕES E SERVIÇOS,20.337.161/0001-82,"500,00",03/2017
 ZÉ TURIN,MATERIAL DE ESCRITORIO E OUTROS MATERIAIS DE CONSUMO,CENTER PAPEIS COMERCIAL LTDA.,06.226.820/0001-82,"1.788,45",03/2017
 ZÉ TURIN,MATERIAL DE ESCRITORIO E OUTROS MATERIAIS DE CONSUMO,GABARITO COM. DE PLACAS E CARIMBOS LTDA-ME,07.487.821/0001-43,"15,00",03/2017
 ZÉ TURIN,ASSINATURA DE JORNAIS E REVISTAS,S.A O ESTADO DE S. PAULO,61.533.949/0001-41,"50,50",04/2017
 ZÉ TURIN,COMBUSTIVEL,AUTO POSTO GRANERO LTDA.,05.468.615/0001-60,"267,01",04/2017
 ZÉ TURIN,COMPOSIÇÃO/ARTE/DIAGRAMAÇÃO/PRODUÇÃO/IMPRESSAO GRAFICA,CESAR VIEIRA MENDES ME,11.045.359/0001-00,"5.000,00",04/2017
 ZÉ TURIN,COMPOSIÇÃO/ARTE/DIAGRAMAÇÃO/PRODUÇÃO/IMPRESSAO GRAFICA,ERNANDES Q BOAVENTURA IMAGENS GRAFICAS,11.780.034/0001-62,"2.000,00",04/2017
 ZÉ TURIN,CONTRATAÇAO DE PESSOA JURIDICA,A BORGES COMUNICAÇÃO PRODUÇÃO E EVENTOS LTDA,13.474.355/0001-64,"8.000,00",04/2017
 ZÉ TURIN,INTERMEDIADO - CORREIOS,CAMARA MUNICIPAL DE SÃO PAULO,50.176.288/0001-28,"13,60",04/2017
 ZÉ TURIN,INTERMEDIADO - LOCAÇÃO DE VEÍCULOS,CAMARA MUNICIPAL DE SÃO PAULO,50.176.288/0001-28,"2.101,17",04/2017
 ZÉ TURIN,LOCAÇÃO DE MOVEIS E EQUIPAMENTOS,BRIX CONSTRUÇÕES E SERVIÇOS,20.337.161/0001-82,"500,00",04/2017
 ZÉ TURIN,MATERIAL DE ESCRITORIO E OUTROS MATERIAIS DE CONSUMO,CENTER PAPEIS COMERCIAL LTDA.,06.226.820/0001-82,"1.226,75",04/2017
 ZÉ TURIN,PROVEDOR DE INTERNET,TELEFONICA BRASIL S/A,02.558.157/0001-62,"179,64",04/2017
 ZÉ TURIN,COMBUSTIVEL,AUTO POSTO GRANERO LTDA.,05.468.615/0001-60,"1.444,89",05/2017
 ZÉ TURIN,COMPOSIÇÃO/ARTE/DIAGRAMAÇÃO/PRODUÇÃO/IMPRESSAO GRAFICA,CESAR VIEIRA MENDES ME,11.045.359/0001-00,"7.850,00",05/2017
 ZÉ TURIN,CONTRATAÇAO DE PESSOA JURIDICA,A BORGES COMUNICAÇÃO PRODUÇÃO E EVENTOS LTDA,13.474.355/0001-64,"8.000,00",05/2017
 ZÉ TURIN,INTERMEDIADO - CORREIOS,CAMARA MUNICIPAL DE SÃO PAULO,50.176.288/0001-28,"14,10",05/2017
 ZÉ TURIN,INTERMEDIADO - LOCAÇÃO DE VEÍCULOS,CAMARA MUNICIPAL DE SÃO PAULO,50.176.288/0001-28,"2.101,17",05/2017
 ZÉ TURIN,LOCAÇÃO DE MOVEIS E EQUIPAMENTOS,BRIX CONSTRUÇÕES E SERVIÇOS,20.337.161/0001-82,"500,00",05/2017
 ZÉ TURIN,MATERIAL DE ESCRITORIO E OUTROS MATERIAIS DE CONSUMO,CENTER PAPEIS COMERCIAL LTDA.,06.226.820/0001-82,"1.075,75",05/2017
 ZÉ TURIN,MATERIAL DE ESCRITORIO E OUTROS MATERIAIS DE CONSUMO,GABARITO COM. DE PLACAS E CARIMBOS LTDA-ME,07.487.821/0001-43,"70,00",05/2017
 ZÉ TURIN,PROVEDOR DE INTERNET,TELEFONICA BRASIL S/A,02.558.157/0001-62,"149,70",05/2017
 ZÉ TURIN,ASSINATURA DE JORNAIS E REVISTAS,S.A O ESTADO DE S. PAULO,61.533.949/0001-41,"50,50",06/2017
 ZÉ TURIN,COMBUSTIVEL,AUTO POSTO GRANERO LTDA.,05.468.615/0001-60,"679,53",06/2017
 ZÉ TURIN,COMPOSIÇÃO/ARTE/DIAGRAMAÇÃO/PRODUÇÃO/IMPRESSAO GRAFICA,CESAR VIEIRA MENDES ME,11.045.359/0001-00,"8.000,00",06/2017
 ZÉ TURIN,CONTRATAÇAO DE PESSOA JURIDICA,QUATRO PONTO DOIS PRODUTORA EIRELLI ME,06.223.418/0001-44,"8.000,00",06/2017
 ZÉ TURIN,INTERMEDIADO - CORREIOS,CAMARA MUNICIPAL DE SÃO PAULO,50.176.288/0001-28,"3,60",06/2017
 ZÉ TURIN,INTERMEDIADO - LOCAÇÃO DE VEÍCULOS,CAMARA MUNICIPAL DE SÃO PAULO,50.176.288/0001-28,"2.101,17",06/2017
 ZÉ TURIN,LOCAÇÃO DE MOVEIS E EQUIPAMENTOS,BRIX CONSTRUÇÕES E SERVIÇOS,20.337.161/0001-82,"500,00",06/2017
 ZÉ TURIN,MATERIAL DE ESCRITORIO E OUTROS MATERIAIS DE CONSUMO,CENTER PAPEIS COMERCIAL LTDA.,06.226.820/0001-82,"413,30",06/2017
 ZÉ TURIN,PROVEDOR DE INTERNET,TELEFONICA BRASIL S/A,02.558.157/0001-62,"149,70",06/2017
 ZÉ TURIN,ASSINATURA DE JORNAIS E REVISTAS,S.A O ESTADO DE S. PAULO,61.533.949/0001-41,"50,50",07/2017
 ZÉ TURIN,COMBUSTIVEL,AUTO POSTO GRANERO LTDA.,05.468.615/0001-60,"929,41",07/2017
 ZÉ TURIN,COMPOSIÇÃO/ARTE/DIAGRAMAÇÃO/PRODUÇÃO/IMPRESSAO GRAFICA,CESAR VIEIRA MENDES ME,11.045.359/0001-00,"8.000,00",07/2017
 ZÉ TURIN,CONTRATAÇAO DE PESSOA JURIDICA,QUATRO PONTO DOIS PRODUTORA EIRELLI ME,06.223.418/0001-44,"8.000,00",07/2017
 ZÉ TURIN,ELABORAÇÃO/MANUTENÇAO DE SITE/HOSPEDAGEM,QUATRO PONTO DOIS PRODUTORA EIRELLI ME,06.223.418/0001-44,"4.000,00",07/2017
 ZÉ TURIN,INTERMEDIADO - LOCAÇÃO DE VEÍCULOS,CAMARA MUNICIPAL DE SÃO PAULO,50.176.288/0001-28,"2.101,17",07/2017
 ZÉ TURIN,LOCAÇÃO DE MOVEIS E EQUIPAMENTOS,BRIX CONSTRUÇÕES E SERVIÇOS,20.337.161/0001-82,"500,00",07/2017
 ZÉ TURIN,MATERIAL DE ESCRITORIO E OUTROS MATERIAIS DE CONSUMO,CENTER PAPEIS COMERCIAL LTDA.,06.226.820/0001-82,"1.611,25",07/2017
 ZÉ TURIN,PROVEDOR DE INTERNET,TELEFONICA BRASIL S/A,02.558.157/0001-62,"149,70",07/2017
 ZÉ TURIN,COMBUSTIVEL,AUTO POSTO NOVO CENTRO LTDA,02.646.144/0001-45,"30,00",01/2017
 ZÉ TURIN,COMBUSTIVEL,AUTO POSTO GRANERO LTDA.,05.468.615/0001-60,"620,45",01/2017
 ZÉ TURIN,CONTRATAÇAO DE PESSOA JURIDICA,A BORGES COMUNICAÇÃO PRODUÇÃO E EVENTOS LTDA,13.474.355/0001-64,"7.928,00",01/2017
 ZÉ TURIN,INTERMEDIADO - LOCAÇÃO DE VEÍCULOS,CAMARA MUNICIPAL DE SÃO PAULO,50.176.288/0001-28,"980,55",01/2017
 ZÉ TURIN,LOCAÇÃO DE MOVEIS E EQUIPAMENTOS,BRIX CONSTRUÇÕES E SERVIÇOS,20.337.161/0001-82,"500,00",01/2017
 ZÉ TURIN,MATERIAL DE ESCRITORIO E OUTROS MATERIAIS DE CONSUMO,MAJU GRAF GRAFICA LTDA ME,06.226.361/0001-37,"252,71",01/2017
 ZÉ TURIN,COMBUSTIVEL,AUTO POSTO GRANERO LTDA.,05.468.615/0001-60,"699,05",02/2017
 ZÉ TURIN,CONTRATAÇAO DE PESSOA JURIDICA,A BORGES COMUNICAÇÃO PRODUÇÃO E EVENTOS LTDA,13.474.355/0001-64,"7.928,00",02/2017
 ZÉ TURIN,INTERMEDIADO - LOCAÇÃO DE VEÍCULOS,CAMARA MUNICIPAL DE SÃO PAULO,50.176.288/0001-28,"2.101,17",02/2017
 ZÉ TURIN,LOCAÇÃO DE MOVEIS E EQUIPAMENTOS,BRIX CONSTRUÇÕES E SERVIÇOS,20.337.161/0001-82,"500,00",02/2017
 ZÉ TURIN,MATERIAL DE ESCRITORIO E OUTROS MATERIAIS DE CONSUMO,CENTER PAPEIS COMERCIAL LTDA.,06.226.820/0001-82,"1.986,85",02/2017
 ZÉ TURIN,MATERIAL DE ESCRITORIO E OUTROS MATERIAIS DE CONSUMO,CESAR VIEIRA MENDES ME,11.045.359/0001-00,"6.000,00",02/2017
 ZÉ TURIN,ASSINATURA DE JORNAIS E REVISTAS,EMPRESA FOLHA DA MANHÃ S.A.,60.579.703/0031-63,"803,40",03/2017
 ZÉ TURIN,COMBUSTIVEL,AUTO POSTO GRANERO LTDA.,05.468.615/0001-60,"929,49",03/2017
 ZÉ TURIN,COMPOSIÇÃO/ARTE/DIAGRAMAÇÃO/PRODUÇÃO/IMPRESSAO GRAFICA,CESAR VIEIRA MENDES ME,11.045.359/0001-00,"8.000,00",03/2017
 ZÉ TURIN,CONTRATAÇAO DE PESSOA JURIDICA,A BORGES COMUNICAÇÃO PRODUÇÃO E EVENTOS LTDA,13.474.355/0001-64,"8.000,00",03/2017
 ZÉ TURIN,INTERMEDIADO - CORREIOS,CAMARA MUNICIPAL DE SÃO PAULO,50.176.288/0001-28,"22,30",03/2017
 ZÉ TURIN,INTERMEDIADO - LOCAÇÃO DE VEÍCULOS,CAMARA MUNICIPAL DE SÃO PAULO,50.176.288/0001-28,"2.101,17",03/2017
 ZÉ TURIN,INTERMEDIADO - REPROGRAFIA (XEROX/ENCADERNAÇÃO),CAMARA MUNICIPAL DE SÃO PAULO,50.176.288/0001-28,"2,70",03/2017
 ZÉ TURIN,LOCAÇÃO DE MOVEIS E EQUIPAMENTOS,BRIX CONSTRUÇÕES E SERVIÇOS,20.337.161/0001-82,"500,00",03/2017
 ZÉ TURIN,MATERIAL DE ESCRITORIO E OUTROS MATERIAIS DE CONSUMO,CENTER PAPEIS COMERCIAL LTDA.,06.226.820/0001-82,"1.788,45",03/2017
 ZÉ TURIN,MATERIAL DE ESCRITORIO E OUTROS MATERIAIS DE CONSUMO,GABARITO COM. DE PLACAS E CARIMBOS LTDA-ME,07.487.821/0001-43,"15,00",03/2017
 ZÉ TURIN,ASSINATURA DE JORNAIS E REVISTAS,S.A O ESTADO DE S. PAULO,61.533.949/0001-41,"50,50",04/2017
 ZÉ TURIN,COMBUSTIVEL,AUTO POSTO GRANERO LTDA.,05.468.615/0001-60,"267,01",04/2017
 ZÉ TURIN,COMPOSIÇÃO/ARTE/DIAGRAMAÇÃO/PRODUÇÃO/IMPRESSAO GRAFICA,CESAR VIEIRA MENDES ME,11.045.359/0001-00,"5.000,00",04/2017
 ZÉ TURIN,COMPOSIÇÃO/ARTE/DIAGRAMAÇÃO/PRODUÇÃO/IMPRESSAO GRAFICA,ERNANDES Q BOAVENTURA IMAGENS GRAFICAS,11.780.034/0001-62,"2.000,00",04/2017
 ZÉ TURIN,CONTRATAÇAO DE PESSOA JURIDICA,A BORGES COMUNICAÇÃO PRODUÇÃO E EVENTOS LTDA,13.474.355/0001-64,"8.000,00",04/2017
 ZÉ TURIN,INTERMEDIADO - CORREIOS,CAMARA MUNICIPAL DE SÃO PAULO,50.176.288/0001-28,"13,60",04/2017
 ZÉ TURIN,INTERMEDIADO - LOCAÇÃO DE VEÍCULOS,CAMARA MUNICIPAL DE SÃO PAULO,50.176.288/0001-28,"2.101,17",04/2017
 ZÉ TURIN,LOCAÇÃO DE MOVEIS E EQUIPAMENTOS,BRIX CONSTRUÇÕES E SERVIÇOS,20.337.161/0001-82,"500,00",04/2017
 ZÉ TURIN,MATERIAL DE ESCRITORIO E OUTROS MATERIAIS DE CONSUMO,CENTER PAPEIS COMERCIAL LTDA.,06.226.820/0001-82,"1.226,75",04/2017
 ZÉ TURIN,PROVEDOR DE INTERNET,TELEFONICA BRASIL S/A,02.558.157/0001-62,"179,64",04/2017
 ZÉ TURIN,COMBUSTIVEL,AUTO POSTO GRANERO LTDA.,05.468.615/0001-60,"1.444,89",05/2017
 ZÉ TURIN,COMPOSIÇÃO/ARTE/DIAGRAMAÇÃO/PRODUÇÃO/IMPRESSAO GRAFICA,CESAR VIEIRA MENDES ME,11.045.359/0001-00,"7.850,00",05/2017
 ZÉ TURIN,CONTRATAÇAO DE PESSOA JURIDICA,A BORGES COMUNICAÇÃO PRODUÇÃO E EVENTOS LTDA,13.474.355/0001-64,"8.000,00",05/2017
 ZÉ TURIN,INTERMEDIADO - CORREIOS,CAMARA MUNICIPAL DE SÃO PAULO,50.176.288/0001-28,"14,10",05/2017
 ZÉ TURIN,INTERMEDIADO - LOCAÇÃO DE VEÍCULOS,CAMARA MUNICIPAL DE SÃO PAULO,50.176.288/0001-28,"2.101,17",05/2017
 ZÉ TURIN,LOCAÇÃO DE MOVEIS E EQUIPAMENTOS,BRIX CONSTRUÇÕES E SERVIÇOS,20.337.161/0001-82,"500,00",05/2017
 ZÉ TURIN,MATERIAL DE ESCRITORIO E OUTROS MATERIAIS DE CONSUMO,CENTER PAPEIS COMERCIAL LTDA.,06.226.820/0001-82,"1.075,75",05/2017
 ZÉ TURIN,MATERIAL DE ESCRITORIO E OUTROS MATERIAIS DE CONSUMO,GABARITO COM. DE PLACAS E CARIMBOS LTDA-ME,07.487.821/0001-43,"70,00",05/2017
 ZÉ TURIN,PROVEDOR DE INTERNET,TELEFONICA BRASIL S/A,02.558.157/0001-62,"149,70",05/2017
 ZÉ TURIN,ASSINATURA DE JORNAIS E REVISTAS,S.A O ESTADO DE S. PAULO,61.533.949/0001-41,"50,50",06/2017
 ZÉ TURIN,COMBUSTIVEL,AUTO POSTO GRANERO LTDA.,05.468.615/0001-60,"679,53",06/2017
 ZÉ TURIN,COMPOSIÇÃO/ARTE/DIAGRAMAÇÃO/PRODUÇÃO/IMPRESSAO GRAFICA,CESAR VIEIRA MENDES ME,11.045.359/0001-00,"8.000,00",06/2017
 ZÉ TURIN,CONTRATAÇAO DE PESSOA JURIDICA,QUATRO PONTO DOIS PRODUTORA EIRELLI ME,06.223.418/0001-44,"8.000,00",06/2017
 ZÉ TURIN,INTERMEDIADO - CORREIOS,CAMARA MUNICIPAL DE SÃO PAULO,50.176.288/0001-28,"3,60",06/2017
 ZÉ TURIN,INTERMEDIADO - LOCAÇÃO DE VEÍCULOS,CAMARA MUNICIPAL DE SÃO PAULO,50.176.288/0001-28,"2.101,17",06/2017
 ZÉ TURIN,LOCAÇÃO DE MOVEIS E EQUIPAMENTOS,BRIX CONSTRUÇÕES E SERVIÇOS,20.337.161/0001-82,"500,00",06/2017
 ZÉ TURIN,MATERIAL DE ESCRITORIO E OUTROS MATERIAIS DE CONSUMO,CENTER PAPEIS COMERCIAL LTDA.,06.226.820/0001-82,"413,30",06/2017
 ZÉ TURIN,PROVEDOR DE INTERNET,TELEFONICA BRASIL S/A,02.558.157/0001-62,"149,70",06/2017
 ZÉ TURIN,ASSINATURA DE JORNAIS E REVISTAS,S.A O ESTADO DE S. PAULO,61.533.949/0001-41,"50,50",07/2017
 ZÉ TURIN,COMBUSTIVEL,AUTO POSTO GRANERO LTDA.,05.468.615/0001-60,"929,41",07/2017
 ZÉ TURIN,COMPOSIÇÃO/ARTE/DIAGRAMAÇÃO/PRODUÇÃO/IMPRESSAO GRAFICA,CESAR VIEIRA MENDES ME,11.045.359/0001-00,"8.000,00",07/2017
 ZÉ TURIN,CONTRATAÇAO DE PESSOA JURIDICA,QUATRO PONTO DOIS PRODUTORA EIRELLI ME,06.223.418/0001-44,"8.000,00",07/2017
 ZÉ TURIN,ELABORAÇÃO/MANUTENÇAO DE SITE/HOSPEDAGEM,QUATRO PONTO DOIS PRODUTORA EIRELLI ME,06.223.418/0001-44,"4.000,00",07/2017
 ZÉ TURIN,INTERMEDIADO - LOCAÇÃO DE VEÍCULOS,CAMARA MUNICIPAL DE SÃO PAULO,50.176.288/0001-28,"2.101,17",07/2017
 ZÉ TURIN,LOCAÇÃO DE MOVEIS E EQUIPAMENTOS,BRIX CONSTRUÇÕES E SERVIÇOS,20.337.161/0001-82,"500,00",07/2017
 ZÉ TURIN,MATERIAL DE ESCRITORIO E OUTROS MATERIAIS DE CONSUMO,CENTER PAPEIS COMERCIAL LTDA.,06.226.820/0001-82,"1.611,25",07/2017
 ZÉ TURIN,PROVEDOR DE INTERNET,TELEFONICA BRASIL S/A,02.558.157/0001-62,"149,70",07/2017
 ZÉ TURIN,ASSINATURA DE JORNAIS E REVISTAS,S.A O ESTADO DE S. PAULO,61.533.949/0001-41,"50,50",08/2017
 ZÉ TURIN,COMBUSTIVEL,AUTO POSTO GRANERO LTDA.,05.468.615/0001-60,"802,76",08/2017
 ZÉ TURIN,COMPOSIÇÃO/ARTE/DIAGRAMAÇÃO/PRODUÇÃO/IMPRESSAO GRAFICA,CESAR VIEIRA MENDES ME,11.045.359/0001-00,"8.000,00",08/2017
 ZÉ TURIN,CONTRATAÇAO DE PESSOA JURIDICA,QUATRO PONTO DOIS PRODUTORA EIRELLI ME,06.223.418/0001-44,"8.000,00",08/2017
 ZÉ TURIN,ELABORAÇÃO/MANUTENÇAO DE SITE/HOSPEDAGEM,QUATRO PONTO DOIS PRODUTORA EIRELLI ME,06.223.418/0001-44,"4.000,00",08/2017
 ZÉ TURIN,INTERMEDIADO - LOCAÇÃO DE VEÍCULOS,CAMARA MUNICIPAL DE SÃO PAULO,50.176.288/0001-28,"2.101,17",08/2017
 ZÉ TURIN,INTERMEDIADO - REPROGRAFIA (XEROX/ENCADERNAÇÃO),CAMARA MUNICIPAL DE SÃO PAULO,50.176.288/0001-28,"0,72",08/2017
 ZÉ TURIN,LOCAÇÃO DE MOVEIS E EQUIPAMENTOS,BRIX CONSTRUÇÕES E SERVIÇOS,20.337.161/0001-82,"500,00",08/2017
 ZÉ TURIN,MATERIAL DE ESCRITORIO E OUTROS MATERIAIS DE CONSUMO,CENTER PAPEIS COMERCIAL LTDA.,06.226.820/0001-82,"1.104,15",08/2017
 ZÉ TURIN,MATERIAL DE ESCRITORIO E OUTROS MATERIAIS DE CONSUMO,GABARITO COM. DE PLACAS E CARIMBOS LTDA-ME,07.487.821/0001-43,"130,00",08/2017
 ZÉ TURIN,MATERIAL DE ESCRITORIO E OUTROS MATERIAIS DE CONSUMO,HAK COM.DE PRODUTOS DE INFORMATICA LTDA,13.728.265/0001-52,"440,00",08/2017
 ZÉ TURIN,PROVEDOR DE INTERNET,TELEFONICA BRASIL S/A,02.558.157/0001-62,"149,70",08/2017
 ZÉ TURIN,ASSINATURA DE JORNAIS E REVISTAS,S.A O ESTADO DE S. PAULO,61.533.949/0001-41,"50,50",09/2017
 ZÉ TURIN,COMBUSTIVEL,AUTO POSTO GRANERO LTDA.,05.468.615/0001-60,"971,39",09/2017
 ZÉ TURIN,COMPOSIÇÃO/ARTE/DIAGRAMAÇÃO/PRODUÇÃO/IMPRESSAO GRAFICA,CESAR VIEIRA MENDES ME,11.045.359/0001-00,"8.000,00",09/2017
 ZÉ TURIN,ELABORAÇÃO/MANUTENÇAO DE SITE/HOSPEDAGEM,QUATRO PONTO DOIS PRODUTORA EIRELLI ME,06.223.418/0001-44,"4.000,00",09/2017
 ZÉ TURIN,INTERMEDIADO - CORREIOS,CAMARA MUNICIPAL DE SÃO PAULO,50.176.288/0001-28,"1,80",09/2017
 ZÉ TURIN,INTERMEDIADO - LOCAÇÃO DE VEÍCULOS,CAMARA MUNICIPAL DE SÃO PAULO,50.176.288/0001-28,"2.101,17",09/2017
 ZÉ TURIN,LOCAÇÃO DE MOVEIS E EQUIPAMENTOS,BRIX CONSTRUÇÕES E SERVIÇOS,20.337.161/0001-82,"500,00",09/2017
 ZÉ TURIN,MATERIAL DE ESCRITORIO E OUTROS MATERIAIS DE CONSUMO,CENTER PAPEIS COMERCIAL LTDA.,06.226.820/0001-82,"827,40",09/2017
 ZÉ TURIN,MATERIAL DE ESCRITORIO E OUTROS MATERIAIS DE CONSUMO,GABARITO COM. DE PLACAS E CARIMBOS LTDA-ME,07.487.821/0001-43,"50,00",09/2017
 ZÉ TURIN,MATERIAL DE ESCRITORIO E OUTROS MATERIAIS DE CONSUMO,HAK COM.DE PRODUTOS DE INFORMATICA LTDA,13.728.265/0001-52,"551,60",09/2017
 ZÉ TURIN,PROVEDOR DE INTERNET,TELEFONICA BRASIL S/A,02.558.157/0001-62,"149,70",09/2017
 ZÉ TURIN,ASSINATURA DE JORNAIS E REVISTAS,S.A O ESTADO DE S. PAULO,61.533.949/0001-41,"50,50",10/2017
 ZÉ TURIN,COMBUSTIVEL,AUTO POSTO GRANERO LTDA.,05.468.615/0001-60,"897,49",10/2017
 ZÉ TURIN,COMPOSIÇÃO/ARTE/DIAGRAMAÇÃO/PRODUÇÃO/IMPRESSAO GRAFICA,CESAR VIEIRA MENDES ME,11.045.359/0001-00,"8.000,00",10/2017
 ZÉ TURIN,CONTRATAÇAO DE PESSOA JURIDICA,QUATRO PONTO DOIS PRODUTORA EIRELLI ME,06.223.418/0001-44,"8.000,00",10/2017
 ZÉ TURIN,ELABORAÇÃO/MANUTENÇAO DE SITE/HOSPEDAGEM,QUATRO PONTO DOIS PRODUTORA EIRELLI ME,06.223.418/0001-44,"4.000,00",10/2017
 ZÉ TURIN,INTERMEDIADO - CORREIOS,CAMARA MUNICIPAL DE SÃO PAULO,50.176.288/0001-28,"1,80",10/2017
 ZÉ TURIN,INTERMEDIADO - LOCAÇÃO DE VEÍCULOS,CAMARA MUNICIPAL DE SÃO PAULO,50.176.288/0001-28,"2.101,17",10/2017
 ZÉ TURIN,INTERMEDIADO - REPROGRAFIA (XEROX/ENCADERNAÇÃO),CAMARA MUNICIPAL DE SÃO PAULO,50.176.288/0001-28,"0,38",10/2017
 ZÉ TURIN,LOCAÇÃO DE MOVEIS E EQUIPAMENTOS,BRIX CONSTRUÇÕES E SERVIÇOS,20.337.161/0001-82,"500,00",10/2017
 ZÉ TURIN,MATERIAL DE ESCRITORIO E OUTROS MATERIAIS DE CONSUMO,CENTER PAPEIS COMERCIAL LTDA.,06.226.820/0001-82,"1.049,55",10/2017
 ZÉ TURIN,ASSINATURA DE JORNAIS E REVISTAS,S.A O ESTADO DE S. PAULO,61.533.949/0001-41,"50,50",11/2017
 ZÉ TURIN,COMBUSTIVEL,AUTO POSTO GRANERO LTDA.,05.468.615/0001-60,"1.084,08",11/2017
 ZÉ TURIN,COMPOSIÇÃO/ARTE/DIAGRAMAÇÃO/PRODUÇÃO/IMPRESSAO GRAFICA,CESAR VIEIRA MENDES ME,11.045.359/0001-00,"2.700,00",11/2017
 ZÉ TURIN,CONTRATAÇAO DE PESSOA JURIDICA,DAINET MULTIMIDIA E COMUNICAÇÃO,00.010.364/0001-52,"8.000,00",11/2017
 ZÉ TURIN,ELABORAÇÃO/MANUTENÇAO DE SITE/HOSPEDAGEM,ROSA DOS VENTOS COMUNICAÇÕES LTDA ME,24.698.751/0001-91,"8.000,00",11/2017
 ZÉ TURIN,INTERMEDIADO - LOCAÇÃO DE VEÍCULOS,CAMARA MUNICIPAL DE SÃO PAULO,50.176.288/0001-28,"2.101,17",11/2017
 ZÉ TURIN,LOCAÇÃO DE MOVEIS E EQUIPAMENTOS,BRIX CONSTRUÇÕES E SERVIÇOS,20.337.161/0001-82,"500,00",11/2017
 ZÉ TURIN,MATERIAL DE ESCRITORIO E OUTROS MATERIAIS DE CONSUMO,CENTER PAPEIS COMERCIAL LTDA.,06.226.820/0001-82,"938,75",11/2017
 ZÉ TURIN,PROVEDOR DE INTERNET,TELEFONICA BRASIL S/A,02.558.157/0001-62,"149,70",11/2017
 ZÉ TURIN,ASSINATURA DE JORNAIS E REVISTAS,S.A O ESTADO DE S. PAULO,61.533.949/0001-41,"50,50",12/2017
 ZÉ TURIN,COMBUSTIVEL,AUTO POSTO GRANERO LTDA.,05.468.615/0001-60,"662,66",12/2017
 ZÉ TURIN,COMPOSIÇÃO/ARTE/DIAGRAMAÇÃO/PRODUÇÃO/IMPRESSAO GRAFICA,CESAR VIEIRA MENDES ME,11.045.359/0001-00,"8.000,00",12/2017
 ZÉ TURIN,INTERMEDIADO - LOCAÇÃO DE VEÍCULOS,CAMARA MUNICIPAL DE SÃO PAULO,50.176.288/0001-28,"2.101,17",12/2017
 ZÉ TURIN,LOCAÇÃO DE MOVEIS E EQUIPAMENTOS,BRIX CONSTRUÇÕES E SERVIÇOS,20.337.161/0001-82,"500,00",12/2017
 ZÉ TURIN,MATERIAL DE ESCRITORIO E OUTROS MATERIAIS DE CONSUMO,CENTER PAPEIS COMERCIAL LTDA.,06.226.820/0001-82,"1.511,95",12/2017
 ZÉ TURIN,PROVEDOR DE INTERNET,TELEFONICA BRASIL S/A,02.558.157/0001-62,"149,70",12/2017
 ZÉ TURIN,ASSINATURA DE JORNAIS E REVISTAS,S.A O ESTADO DE S. PAULO,61.533.949/0001-41,"69,50",01/2018
 ZÉ TURIN,COMBUSTIVEL,AUTO POSTO GRANERO LTDA.,05.468.615/0001-60,"424,01",01/2018
 ZÉ TURIN,COMPOSIÇÃO/ARTE/DIAGRAMAÇÃO/PRODUÇÃO/IMPRESSAO GRAFICA,CESAR VIEIRA MENDES ME,11.045.359/0001-00,"8.000,00",01/2018
 ZÉ TURIN,CONTRATAÇAO DE PESSOA JURIDICA,A BORGES COMUNICAÇÃO PRODUÇÃO E EVENTOS LTDA,13.474.355/0001-64,"8.000,00",01/2018
 ZÉ TURIN,INTERMEDIADO - LOCAÇÃO DE VEÍCULOS,CAMARA MUNICIPAL DE SÃO PAULO,50.176.288/0001-28,"2.137,42",01/2018
 ZÉ TURIN,LOCAÇÃO DE MOVEIS E EQUIPAMENTOS,BRIX CONSTRUÇÕES E SERVIÇOS,20.337.161/0001-82,"500,00",01/2018
 ZÉ TURIN,MATERIAL DE ESCRITORIO E OUTROS MATERIAIS DE CONSUMO,CENTER PAPEIS COMERCIAL LTDA.,06.226.820/0001-82,"979,55",01/2018
 ZÉ TURIN,PROVEDOR DE INTERNET,TELEFONICA BRASIL S/A,02.558.157/0001-62,"149,70",01/2018
 ZÉ TURIN,ASSINATURA DE JORNAIS E REVISTAS,EMPRESA FOLHA DA MANHÃ S.A.,60.579.703/0031-63,"845,40",02/2018
 ZÉ TURIN,ASSINATURA DE JORNAIS E REVISTAS,S.A O ESTADO DE S. PAULO,61.533.949/0001-41,"69,50",02/2018
 ZÉ TURIN,COMBUSTIVEL,AUTO POSTO GRANERO LTDA.,05.468.615/0001-60,"347,06",02/2018
 ZÉ TURIN,COMPOSIÇÃO/ARTE/DIAGRAMAÇÃO/PRODUÇÃO/IMPRESSAO GRAFICA,CESAR VIEIRA MENDES ME,11.045.359/0001-00,"7.000,00",02/2018
 ZÉ TURIN,CONTRATAÇAO DE PESSOA JURIDICA,A BORGES COMUNICAÇÃO PRODUÇÃO E EVENTOS LTDA,13.474.355/0001-64,"8.000,00",02/2018
 ZÉ TURIN,ELABORAÇÃO/MANUTENÇAO DE SITE/HOSPEDAGEM,A BORGES COMUNICAÇÃO PRODUÇÃO E EVENTOS LTDA,13.474.355/0001-64,"3.000,00",02/2018
 ZÉ TURIN,INTERMEDIADO - LOCAÇÃO DE VEÍCULOS,CAMARA MUNICIPAL DE SÃO PAULO,50.176.288/0001-28,"2.148,45",02/2018
 ZÉ TURIN,LOCAÇÃO DE MOVEIS E EQUIPAMENTOS,BRIX CONSTRUÇÕES E SERVIÇOS,20.337.161/0001-82,"500,00",02/2018
 ZÉ TURIN,MATERIAL DE ESCRITORIO E OUTROS MATERIAIS DE CONSUMO,CENTER PAPEIS COMERCIAL LTDA.,06.226.820/0001-82,"1.096,45",02/2018
 ZÉ TURIN,COMBUSTIVEL,AUTO POSTO GRANERO LTDA.,05.468.615/0001-60,"1.039,67",03/2018
 ZÉ TURIN,COMPOSIÇÃO/ARTE/DIAGRAMAÇÃO/PRODUÇÃO/IMPRESSAO GRAFICA,CESAR VIEIRA MENDES ME,11.045.359/0001-00,"8.000,00",03/2018
 ZÉ TURIN,CONTRATAÇAO DE PESSOA JURIDICA,A BORGES COMUNICAÇÃO PRODUÇÃO E EVENTOS LTDA,13.474.355/0001-64,"8.000,00",03/2018
 ZÉ TURIN,ELABORAÇÃO/MANUTENÇAO DE SITE/HOSPEDAGEM,A BORGES COMUNICAÇÃO PRODUÇÃO E EVENTOS LTDA,13.474.355/0001-64,"3.000,00",03/2018
 ZÉ TURIN,INTERMEDIADO - LOCAÇÃO DE VEÍCULOS,CAMARA MUNICIPAL DE SÃO PAULO,50.176.288/0001-28,"2.148,45",03/2018
 ZÉ TURIN,LOCAÇÃO DE MOVEIS E EQUIPAMENTOS,BRIX CONSTRUÇÕES E SERVIÇOS,20.337.161/0001-82,"500,00",03/2018
 ZÉ TURIN,PROVEDOR DE INTERNET,TELEFONICA BRASIL S/A,02.558.157/0001-62,"149,70",03/2018
 ZÉ TURIN,ASSINATURA DE JORNAIS E REVISTAS,S.A O ESTADO DE S. PAULO,61.533.949/0001-41,"69,50",04/2018
 ZÉ TURIN,COMBUSTIVEL,AUTO POSTO GRANERO LTDA.,05.468.615/0001-60,"1.703,02",04/2018
 ZÉ TURIN,COMPOSIÇÃO/ARTE/DIAGRAMAÇÃO/PRODUÇÃO/IMPRESSAO GRAFICA,CESAR VIEIRA MENDES ME,11.045.359/0001-00,"8.000,00",04/2018
 ZÉ TURIN,CONTRATAÇAO DE PESSOA JURIDICA,SEVERINO ALVES DE MORAIS,21.906.311/0001-94,"5.866,67",04/2018
 ZÉ TURIN,INTERMEDIADO - LOCAÇÃO DE VEÍCULOS,CAMARA MUNICIPAL DE SÃO PAULO,50.176.288/0001-28,"2.148,45",04/2018
 ZÉ TURIN,LOCAÇÃO DE MOVEIS E EQUIPAMENTOS,BRIX CONSTRUÇÕES E SERVIÇOS,20.337.161/0001-82,"500,00",04/2018
 ZÉ TURIN,TELEFONE MOVEL,TIM CELULAR S/A,04.206.050/0001-80,"85,00",04/2018
 ZÉ TURIN,ASSINATURA DE JORNAIS E REVISTAS,S.A O ESTADO DE S. PAULO,61.533.949/0001-41,"69,50",05/2018
 ZÉ TURIN,COMBUSTIVEL,AUTO POSTO GRANERO LTDA.,05.468.615/0001-60,"961,34",05/2018
 ZÉ TURIN,COMPOSIÇÃO/ARTE/DIAGRAMAÇÃO/PRODUÇÃO/IMPRESSAO GRAFICA,CESAR VIEIRA MENDES ME,11.045.359/0001-00,"8.000,00",05/2018
 ZÉ TURIN,CONTRATAÇAO DE PESSOA JURIDICA,SEVERINO ALVES DE MORAIS,21.906.311/0001-94,"8.000,00",05/2018
 ZÉ TURIN,INTERMEDIADO - LOCAÇÃO DE VEÍCULOS,CAMARA MUNICIPAL DE SÃO PAULO,50.176.288/0001-28,"2.148,45",05/2018
 ZÉ TURIN,LOCAÇÃO DE MOVEIS E EQUIPAMENTOS,BRIX CONSTRUÇÕES E SERVIÇOS,20.337.161/0001-82,"500,00",05/2018
 ZÉ TURIN,PROVEDOR DE INTERNET,TELEFONICA BRASIL S/A,02.558.157/0001-62,"149,70",05/2018
 ZÉ TURIN,TELEFONE MOVEL,TIM CELULAR S/A,04.206.050/0001-80,"139,99",05/2018
 ZÉ TURIN,COMBUSTIVEL,AUTO POSTO GRANERO LTDA.,05.468.615/0001-60,"1.653,19",06/2018
 ZÉ TURIN,COMPOSIÇÃO/ARTE/DIAGRAMAÇÃO/PRODUÇÃO/IMPRESSAO GRAFICA,CESAR VIEIRA MENDES ME,11.045.359/0001-00,"8.000,00",06/2018
 ZÉ TURIN,CONTRATAÇAO DE PESSOA JURIDICA,SEVERINO ALVES DE MORAIS,21.906.311/0001-94,"8.000,00",06/2018
 ZÉ TURIN,INTERMEDIADO - LOCAÇÃO DE VEÍCULOS,CAMARA MUNICIPAL DE SÃO PAULO,50.176.288/0001-28,"2.148,45",06/2018
 ZÉ TURIN,LOCAÇÃO DE MOVEIS E EQUIPAMENTOS,BRIX CONSTRUÇÕES E SERVIÇOS,20.337.161/0001-82,"500,00",06/2018
 ZÉ TURIN,PROVEDOR DE INTERNET,TELEFONICA BRASIL S/A,02.558.157/0001-62,"149,70",06/2018
 ZÉ TURIN,TELEFONE MOVEL,TIM CELULAR S/A,04.206.050/0001-80,"112,29",06/2018
 ZÉ TURIN,ASSINATURA DE JORNAIS E REVISTAS,S.A O ESTADO DE S. PAULO,61.533.949/0001-41,"139,00",07/2018
 ZÉ TURIN,COMBUSTIVEL,AUTO POSTO GRANERO LTDA.,05.468.615/0001-60,"983,51",07/2018
 ZÉ TURIN,COMPOSIÇÃO/ARTE/DIAGRAMAÇÃO/PRODUÇÃO/IMPRESSAO GRAFICA,CESAR VIEIRA MENDES ME,11.045.359/0001-00,"8.000,00",07/2018
 ZÉ TURIN,CONTRATAÇAO DE PESSOA JURIDICA,SEVERINO ALVES DE MORAIS,21.906.311/0001-94,"8.000,00",07/2018
 ZÉ TURIN,INTERMEDIADO - CORREIOS,CAMARA MUNICIPAL DE SÃO PAULO,50.176.288/0001-28,"643,80",07/2018
 ZÉ TURIN,INTERMEDIADO - LOCAÇÃO DE VEÍCULOS,CAMARA MUNICIPAL DE SÃO PAULO,50.176.288/0001-28,"2.148,45",07/2018
 ZÉ TURIN,LOCAÇÃO DE MOVEIS E EQUIPAMENTOS,BRIX CONSTRUÇÕES E SERVIÇOS,20.337.161/0001-82,"500,00",07/2018
 ZÉ TURIN,PROVEDOR DE INTERNET,TELEFONICA BRASIL S/A,02.558.157/0001-62,"149,70",07/2018
 ZÉ TURIN,TELEFONE MOVEL,TIM CELULAR S/A,04.206.050/0001-80,"139,99",07/2018
 ZÉ TURIN,ASSINATURA DE JORNAIS E REVISTAS,S.A O ESTADO DE S. PAULO,61.533.949/0001-41,"69,50",08/2018
 ZÉ TURIN,COMBUSTIVEL,AUTO POSTO GRANERO LTDA.,05.468.615/0001-60,"1.200,07",08/2018
 ZÉ TURIN,COMPOSIÇÃO/ARTE/DIAGRAMAÇÃO/PRODUÇÃO/IMPRESSAO GRAFICA,CESAR VIEIRA MENDES ME,11.045.359/0001-00,"5.000,00",08/2018
 ZÉ TURIN,COMPOSIÇÃO/ARTE/DIAGRAMAÇÃO/PRODUÇÃO/IMPRESSAO GRAFICA,J. FERREIRA CAMPOS SERVIÇOS GRAFICOS ME,17.655.942/0001-00,"3.000,00",08/2018
 ZÉ TURIN,CONTRATAÇAO DE PESSOA JURIDICA,SEVERINO ALVES DE MORAIS,21.906.311/0001-94,"8.000,00",08/2018
 ZÉ TURIN,INTERMEDIADO - CORREIOS,CAMARA MUNICIPAL DE SÃO PAULO,50.176.288/0001-28,"1.187,67",08/2018
 ZÉ TURIN,INTERMEDIADO - LOCAÇÃO DE VEÍCULOS,CAMARA MUNICIPAL DE SÃO PAULO,50.176.288/0001-28,"2.148,45",08/2018
 ZÉ TURIN,LOCAÇÃO DE MOVEIS E EQUIPAMENTOS,BRIX CONSTRUÇÕES E SERVIÇOS,20.337.161/0001-82,"500,00",08/2018
 ZÉ TURIN,MATERIAL DE ESCRITORIO E OUTROS MATERIAIS DE CONSUMO,MAJU GRAF GRAFICA LTDA ME,06.226.361/0001-37,"70,00",08/2018
 ZÉ TURIN,MATERIAL DE ESCRITORIO E OUTROS MATERIAIS DE CONSUMO,CENTER PAPEIS COMERCIAL LTDA.,06.226.820/0001-82,"499,95",08/2018
 ZÉ TURIN,PROVEDOR DE INTERNET,TELEFONICA BRASIL S/A,02.558.157/0001-62,"149,70",08/2018
 ZÉ TURIN,TELEFONE MOVEL,TIM CELULAR S/A,04.206.050/0001-80,"132,70",08/2018
 ZÉ TURIN,ASSINATURA DE JORNAIS E REVISTAS,S.A O ESTADO DE S. PAULO,61.533.949/0001-41,"69,50",09/2018
 ZÉ TURIN,COMBUSTIVEL,AUTO POSTO GRANERO LTDA.,05.468.615/0001-60,"1.260,43",09/2018
 ZÉ TURIN,COMPOSIÇÃO/ARTE/DIAGRAMAÇÃO/PRODUÇÃO/IMPRESSAO GRAFICA,CESAR VIEIRA MENDES ME,11.045.359/0001-00,"8.000,00",09/2018
 ZÉ TURIN,INTERMEDIADO - CORREIOS,CAMARA MUNICIPAL DE SÃO PAULO,50.176.288/0001-28,"306,59",09/2018
 ZÉ TURIN,INTERMEDIADO - LOCAÇÃO DE VEÍCULOS,CAMARA MUNICIPAL DE SÃO PAULO,50.176.288/0001-28,"2.148,45",09/2018
 ZÉ TURIN,LOCAÇÃO DE MOVEIS E EQUIPAMENTOS,BRIX CONSTRUÇÕES E SERVIÇOS,20.337.161/0001-82,"500,00",09/2018
 ZÉ TURIN,PROVEDOR DE INTERNET,TELEFONICA BRASIL S/A,02.558.157/0001-62,"149,70",09/2018
 ZÉ TURIN,ASSINATURA DE JORNAIS E REVISTAS,S.A O ESTADO DE S. PAULO,61.533.949/0001-41,"69,50",10/2018
 ZÉ TURIN,COMBUSTIVEL,AUTO POSTO GRANERO LTDA.,05.468.615/0001-60,"1.620,63",10/2018
 ZÉ TURIN,COMPOSIÇÃO/ARTE/DIAGRAMAÇÃO/PRODUÇÃO/IMPRESSAO GRAFICA,CESAR VIEIRA MENDES ME,11.045.359/0001-00,"8.000,00",10/2018
 ZÉ TURIN,CONTRATAÇAO DE PESSOA JURIDICA,SEVERINO ALVES DE MORAIS,21.906.311/0001-94,"8.000,00",10/2018
 ZÉ TURIN,INTERMEDIADO - CORREIOS,CAMARA MUNICIPAL DE SÃO PAULO,50.176.288/0001-28,"978,96",10/2018
 ZÉ TURIN,INTERMEDIADO - LOCAÇÃO DE VEÍCULOS,CAMARA MUNICIPAL DE SÃO PAULO,50.176.288/0001-28,"2.148,45",10/2018
 ZÉ TURIN,LOCAÇÃO DE MOVEIS E EQUIPAMENTOS,BRIX CONSTRUÇÕES E SERVIÇOS,20.337.161/0001-82,"500,00",10/2018
 ZÉ TURIN,PROVEDOR DE INTERNET,TELEFONICA BRASIL S/A,02.558.157/0001-62,"158,68",10/2018
 ZÉ TURIN,TELEFONE MOVEL,TIM CELULAR S/A,04.206.050/0001-80,"139,99",10/2018
 ZÉ TURIN,ASSINATURA DE JORNAIS E REVISTAS,S.A O ESTADO DE S. PAULO,61.533.949/0001-41,"69,50",11/2018
 ZÉ TURIN,COMBUSTIVEL,AUTO POSTO GRANERO LTDA.,05.468.615/0001-60,"1.023,73",11/2018
 ZÉ TURIN,COMPOSIÇÃO/ARTE/DIAGRAMAÇÃO/PRODUÇÃO/IMPRESSAO GRAFICA,CESAR VIEIRA MENDES ME,11.045.359/0001-00,"8.000,00",11/2018
 ZÉ TURIN,CONTRATAÇAO DE PESSOA JURIDICA,GALPAO 10- PUBLICIDADE E COMUNICAÇÃO LTDA,01.847.578/0001-40,"8.000,00",11/2018
 ZÉ TURIN,INTERMEDIADO - CORREIOS,CAMARA MUNICIPAL DE SÃO PAULO,50.176.288/0001-28,"8,23",11/2018
 ZÉ TURIN,INTERMEDIADO - LOCAÇÃO DE VEÍCULOS,CAMARA MUNICIPAL DE SÃO PAULO,50.176.288/0001-28,"2.148,45",11/2018
 ZÉ TURIN,LOCAÇÃO DE MOVEIS E EQUIPAMENTOS,BRIX CONSTRUÇÕES E SERVIÇOS,20.337.161/0001-82,"500,00",11/2018
 ZÉ TURIN,PROVEDOR DE INTERNET,TELEFONICA BRASIL S/A,02.558.157/0001-62,"158,68",11/2018
 ZÉ TURIN,TELEFONE MOVEL,TIM S.A,02.421.421/0006-26,"139,99",11/2018
 ZÉ TURIN,ASSINATURA DE JORNAIS E REVISTAS,S.A O ESTADO DE S. PAULO,61.533.949/0001-41,"69,50",12/2018
 ZÉ TURIN,COMBUSTIVEL,AUTO POSTO GRANERO LTDA.,05.468.615/0001-60,"370,31",12/2018
 ZÉ TURIN,COMPOSIÇÃO/ARTE/DIAGRAMAÇÃO/PRODUÇÃO/IMPRESSAO GRAFICA,CESAR VIEIRA MENDES ME,11.045.359/0001-00,"8.000,00",12/2018
 ZÉ TURIN,CONTRATAÇAO DE PESSOA JURIDICA,GALPAO 10- PUBLICIDADE E COMUNICAÇÃO LTDA,01.847.578/0001-40,"8.000,00",12/2018
 ZÉ TURIN,INTERMEDIADO - CORREIOS,CAMARA MUNICIPAL DE SÃO PAULO,50.176.288/0001-28,"7.362,96",12/2018
 ZÉ TURIN,INTERMEDIADO - LOCAÇÃO DE VEÍCULOS,CAMARA MUNICIPAL DE SÃO PAULO,50.176.288/0001-28,"2.148,45",12/2018
 ZÉ TURIN,LOCAÇÃO DE MOVEIS E EQUIPAMENTOS,BRIX CONSTRUÇÕES E SERVIÇOS,20.337.161/0001-82,"500,00",12/2018
 ZÉ TURIN,PROVEDOR DE INTERNET,TELEFONICA BRASIL S/A,02.558.157/0001-62,"158,68",12/2018
 ZÉ TURIN,TELEFONE MOVEL,TIM S.A,02.421.421/0006-26,"139,99",12/2018
 ZÉ TURIN,ASSINATURA DE JORNAIS E REVISTAS,S.A O ESTADO DE S. PAULO,61.533.949/0001-41,"92,50",01/2019
 ZÉ TURIN,COMBUSTIVEL,AUTO POSTO GRANERO LTDA.,05.468.615/0001-60,"604,66",01/2019
 ZÉ TURIN,COMPOSIÇÃO/ARTE/DIAGRAMAÇÃO/PRODUÇÃO/IMPRESSAO GRAFICA,CESAR VIEIRA MENDES ME,11.045.359/0001-00,"12.000,00",01/2019
 ZÉ TURIN,CONTRATAÇAO DE PESSOA JURIDICA,GALPAO 10- PUBLICIDADE E COMUNICAÇÃO LTDA,01.847.578/0001-40,"8.000,00",01/2019
 ZÉ TURIN,INTERMEDIADO - LOCAÇÃO DE VEÍCULOS,CAMARA MUNICIPAL DE SÃO PAULO,50.176.288/0001-28,"2.199,17",01/2019
 ZÉ TURIN,LOCAÇÃO DE MOVEIS E EQUIPAMENTOS,BRIX CONSTRUÇÕES E SERVIÇOS,20.337.161/0001-82,"500,00",01/2019
 ZÉ TURIN,PROVEDOR DE INTERNET,TELEFONICA BRASIL S/A,02.558.157/0001-62,"158,68",01/2019
 ZÉ TURIN,ASSINATURA DE JORNAIS E REVISTAS,EMPRESA FOLHA DA MANHÃ S.A.,60.579.703/0031-63,"923,40",02/2019
 ZÉ TURIN,ASSINATURA DE JORNAIS E REVISTAS,S.A O ESTADO DE S. PAULO,61.533.949/0001-41,"92,50",02/2019
 ZÉ TURIN,COMBUSTIVEL,AUTO POSTO GRANERO LTDA.,05.468.615/0001-60,"392,62",02/2019
 ZÉ TURIN,COMPOSIÇÃO/ARTE/DIAGRAMAÇÃO/PRODUÇÃO/IMPRESSAO GRAFICA,CESAR VIEIRA MENDES ME,11.045.359/0001-00,"7.000,00",02/2019
 ZÉ TURIN,CONTRATAÇAO DE PESSOA JURIDICA,GALPAO 10- PUBLICIDADE E COMUNICAÇÃO LTDA,01.847.578/0001-40,"12.000,00",02/2019
 ZÉ TURIN,INTERMEDIADO - CORREIOS,CAMARA MUNICIPAL DE SÃO PAULO,50.176.288/0001-28,"596,40",02/2019
 ZÉ TURIN,INTERMEDIADO - LOCAÇÃO DE VEÍCULOS,CAMARA MUNICIPAL DE SÃO PAULO,50.176.288/0001-28,"2.214,62",02/2019
 ZÉ TURIN,LOCAÇÃO DE MOVEIS E EQUIPAMENTOS,BRIX CONSTRUÇÕES E SERVIÇOS,20.337.161/0001-82,"500,00",02/2019
 ZÉ TURIN,PROVEDOR DE INTERNET,TELEFONICA BRASIL S/A,02.558.157/0001-62,"158,68",02/2019
 ZÉ TURIN,REPROGRAFIA (XEROX/ENCADERNAÇÃO),PAPELARIA MANHATTAN LTDA,03.131.508/0001-17,"22,50",02/2019
 ZÉ TURIN,ASSINATURA DE JORNAIS E REVISTAS,S.A O ESTADO DE S. PAULO,61.533.949/0001-41,"92,50",03/2019
 ZÉ TURIN,COMBUSTIVEL,AUTO POSTO GRANERO LTDA.,05.468.615/0001-60,"552,54",03/2019
 ZÉ TURIN,COMPOSIÇÃO/ARTE/DIAGRAMAÇÃO/PRODUÇÃO/IMPRESSAO GRAFICA,CESAR VIEIRA MENDES ME,11.045.359/0001-00,"7.000,00",03/2019
 ZÉ TURIN,CONTRATAÇAO DE PESSOA JURIDICA,GALPAO 10- PUBLICIDADE E COMUNICAÇÃO LTDA,01.847.578/0001-40,"12.000,00",03/2019
 ZÉ TURIN,INTERMEDIADO - CORREIOS,CAMARA MUNICIPAL DE SÃO PAULO,50.176.288/0001-28,"2.406,57",03/2019
 ZÉ TURIN,INTERMEDIADO - LOCAÇÃO DE VEÍCULOS,CAMARA MUNICIPAL DE SÃO PAULO,50.176.288/0001-28,"2.214,62",03/2019
 ZÉ TURIN,LOCAÇÃO DE MOVEIS E EQUIPAMENTOS,BRIX CONSTRUÇÕES E SERVIÇOS,20.337.161/0001-82,"500,00",03/2019
 ZÉ TURIN,PROVEDOR DE INTERNET,TELEFONICA BRASIL S/A,02.558.157/0001-62,"153,56",03/2019
 ZÉ TURIN,TELEFONE MOVEL,TIM S.A,02.421.421/0006-26,"279,99",03/2019
 ZÉ TURIN,COMBUSTIVEL,AUTO POSTO GRANERO LTDA.,05.468.615/0001-60,"911,61",04/2019
 ZÉ TURIN,COMPOSIÇÃO/ARTE/DIAGRAMAÇÃO/PRODUÇÃO/IMPRESSAO GRAFICA,CESAR VIEIRA MENDES ME,11.045.359/0001-00,"7.000,00",04/2019
 ZÉ TURIN,CONTRATAÇAO DE PESSOA JURIDICA,GALPAO 10- PUBLICIDADE E COMUNICAÇÃO LTDA,01.847.578/0001-40,"12.000,00",04/2019
 ZÉ TURIN,INTERMEDIADO - CORREIOS,CAMARA MUNICIPAL DE SÃO PAULO,50.176.288/0001-28,"632,72",04/2019
 ZÉ TURIN,INTERMEDIADO - LOCAÇÃO DE VEÍCULOS,CAMARA MUNICIPAL DE SÃO PAULO,50.176.288/0001-28,"2.214,62",04/2019
 ZÉ TURIN,LOCAÇÃO DE MOVEIS E EQUIPAMENTOS,BRIX CONSTRUÇÕES E SERVIÇOS,20.337.161/0001-82,"500,00",04/2019
 ZÉ TURIN,MATERIAL DE ESCRITORIO E OUTROS MATERIAIS DE CONSUMO,CENTER PAPEIS COMERCIAL LTDA.,06.226.820/0001-82,"1.526,20",04/2019
 ZÉ TURIN,COMPOSIÇÃO/ARTE/DIAGRAMAÇÃO/PRODUÇÃO/IMPRESSAO GRAFICA,MAJU GRAF GRAFICA LTDA ME,06.226.361/0001-37,"410,00",05/2019
 ZÉ TURIN,COMPOSIÇÃO/ARTE/DIAGRAMAÇÃO/PRODUÇÃO/IMPRESSAO GRAFICA,CESAR VIEIRA MENDES ME,11.045.359/0001-00,"7.000,00",05/2019
 ZÉ TURIN,CONTRATAÇAO DE PESSOA JURIDICA,GALPAO 10- PUBLICIDADE E COMUNICAÇÃO LTDA,01.847.578/0001-40,"12.000,00",05/2019
 ZÉ TURIN,INTERMEDIADO - CORREIOS,CAMARA MUNICIPAL DE SÃO PAULO,50.176.288/0001-28,"626,56",05/2019
 ZÉ TURIN,INTERMEDIADO - LOCAÇÃO DE VEÍCULOS,CAMARA MUNICIPAL DE SÃO PAULO,50.176.288/0001-28,"2.214,62",05/2019
 ZÉ TURIN,LOCAÇÃO DE MOVEIS E EQUIPAMENTOS,BRIX CONSTRUÇÕES E SERVIÇOS,20.337.161/0001-82,"500,00",05/2019
 ZÉ TURIN,MATERIAL DE ESCRITORIO E OUTROS MATERIAIS DE CONSUMO,CENTER PAPEIS COMERCIAL LTDA.,06.226.820/0001-82,"447,15",05/2019
 ZÉ TURIN,COMPOSIÇÃO/ARTE/DIAGRAMAÇÃO/PRODUÇÃO/IMPRESSAO GRAFICA,MAJU GRAF GRAFICA LTDA ME,06.226.361/0001-37,"890,00",06/2019
 ZÉ TURIN,CONTRATAÇAO DE PESSOA JURIDICA,RPM COMUNICAÇÃO INTEGRADA LTDA ME,18.084.611/0001-20,"15.000,00",06/2019
 ZÉ TURIN,INTERMEDIADO - CORREIOS,CAMARA MUNICIPAL DE SÃO PAULO,50.176.288/0001-28,"590,01",06/2019
 ZÉ TURIN,INTERMEDIADO - LOCAÇÃO DE VEÍCULOS,CAMARA MUNICIPAL DE SÃO PAULO,50.176.288/0001-28,"2.214,62",06/2019
 ZÉ TURIN,LOCAÇÃO DE MOVEIS E EQUIPAMENTOS,BRIX CONSTRUÇÕES E SERVIÇOS,20.337.161/0001-82,"500,00",06/2019
 ZÉ TURIN,MATERIAL DE ESCRITORIO E OUTROS MATERIAIS DE CONSUMO,CENTER PAPEIS COMERCIAL LTDA.,06.226.820/0001-82,"489,60",06/2019
 ZÉ TURIN,PROVEDOR DE INTERNET,TELEFONICA BRASIL S/A,02.558.157/0001-62,"166,61",06/2019
 ZÉ TURIN,COMPOSIÇÃO/ARTE/DIAGRAMAÇÃO/PRODUÇÃO/IMPRESSAO GRAFICA,RPM COMUNICAÇÃO INTEGRADA LTDA ME,18.084.611/0001-20,"3.300,00",07/2019
 ZÉ TURIN,CONTRATAÇAO DE PESSOA JURIDICA,TECNEGOCIOS SOLUÇOES EM INFORMATICA LTDA- ME,11.521.613/0001-90,"700,00",07/2019
 ZÉ TURIN,CONTRATAÇAO DE PESSOA JURIDICA,RPM COMUNICAÇÃO INTEGRADA LTDA ME,18.084.611/0001-20,"7.500,00",07/2019
 ZÉ TURIN,INTERMEDIADO - LOCAÇÃO DE VEÍCULOS,CAMARA MUNICIPAL DE SÃO PAULO,50.176.288/0001-28,"2.214,62",07/2019
 ZÉ TURIN,INTERMEDIADO - REPROGRAFIA (XEROX/ENCADERNAÇÃO),CAMARA MUNICIPAL DE SÃO PAULO,50.176.288/0001-28,"0,44",07/2019
 ZÉ TURIN,LOCAÇÃO DE MOVEIS E EQUIPAMENTOS,BRIX CONSTRUÇÕES E SERVIÇOS,20.337.161/0001-82,"500,00",07/2019
 ZÉ TURIN,MATERIAL DE ESCRITORIO E OUTROS MATERIAIS DE CONSUMO,CENTER PAPEIS COMERCIAL LTDA.,06.226.820/0001-82,"721,55",07/2019
 ZÉ TURIN,PROVEDOR DE INTERNET,TELEFONICA BRASIL S/A,02.558.157/0001-62,"161,80",07/2019
 ZÉ TURIN,COMBUSTIVEL,PRION SERVIÇOS AUTOMOTIVOS LTDA,14.872.476/0001-27,"445,51",08/2019
 ZÉ TURIN,COMBUSTIVEL,POSTO DE SERVIÇOS ESTILO EIRELI,18.786.860/0001-68,"122,09",08/2019
 ZÉ TURIN,COMPOSIÇÃO/ARTE/DIAGRAMAÇÃO/PRODUÇÃO/IMPRESSAO GRAFICA,RPM COMUNICAÇÃO INTEGRADA LTDA ME,18.084.611/0001-20,"12.114,42",08/2019
 ZÉ TURIN,CONTRATAÇAO DE PESSOA JURIDICA,TECNEGOCIOS SOLUÇOES EM INFORMATICA LTDA- ME,11.521.613/0001-90,"700,00",08/2019
 ZÉ TURIN,CONTRATAÇAO DE PESSOA JURIDICA,RPM COMUNICAÇÃO INTEGRADA LTDA ME,18.084.611/0001-20,"15.000,00",08/2019
 ZÉ TURIN,INTERMEDIADO - CORREIOS,CAMARA MUNICIPAL DE SÃO PAULO,50.176.288/0001-28,"896,72",08/2019
 ZÉ TURIN,INTERMEDIADO - LOCAÇÃO DE VEÍCULOS,CAMARA MUNICIPAL DE SÃO PAULO,50.176.288/0001-28,"2.214,62",08/2019
 ZÉ TURIN,LOCAÇÃO DE MOVEIS E EQUIPAMENTOS,BRIX CONSTRUÇÕES E SERVIÇOS,20.337.161/0001-82,"500,00",08/2019
 ZÉ TURIN,MATERIAL DE ESCRITORIO E OUTROS MATERIAIS DE CONSUMO,CENTER PAPEIS COMERCIAL LTDA.,06.226.820/0001-82,"928,20",08/2019
 ZÉ TURIN,PROVEDOR DE INTERNET,TELEFONICA BRASIL S/A,02.558.157/0001-62,"166,61",08/2019
 ZÉ TURIN,COMBUSTIVEL,POSTO DE SERVIÇOS ESTILO EIRELI,18.786.860/0001-68,"112,00",09/2019
 ZÉ TURIN,COMBUSTIVEL,AUTO POSTO COBRA 121 LTDA,19.508.812/0001-70,"110,00",09/2019
 ZÉ TURIN,COMBUSTIVEL,PRIVET AUTO POSTO LTDA,46.359.246/0001-55,"180,00",09/2019
 ZÉ TURIN,COMPOSIÇÃO/ARTE/DIAGRAMAÇÃO/PRODUÇÃO/IMPRESSAO GRAFICA,RPM COMUNICAÇÃO INTEGRADA LTDA ME,18.084.611/0001-20,"12.842,70",09/2019
 ZÉ TURIN,CONTRATAÇAO DE PESSOA JURIDICA,TECNEGOCIOS SOLUÇOES EM INFORMATICA LTDA- ME,11.521.613/0001-90,"700,00",09/2019
 ZÉ TURIN,CONTRATAÇAO DE PESSOA JURIDICA,RPM COMUNICAÇÃO INTEGRADA LTDA ME,18.084.611/0001-20,"15.000,00",09/2019
 ZÉ TURIN,INTERMEDIADO - CORREIOS,CAMARA MUNICIPAL DE SÃO PAULO,50.176.288/0001-28,"924,88",09/2019
 ZÉ TURIN,INTERMEDIADO - LOCAÇÃO DE VEÍCULOS,CAMARA MUNICIPAL DE SÃO PAULO,50.176.288/0001-28,"2.214,62",09/2019
 ZÉ TURIN,LOCAÇÃO DE MOVEIS E EQUIPAMENTOS,BRIX CONSTRUÇÕES E SERVIÇOS,20.337.161/0001-82,"500,00",09/2019
 ZÉ TURIN,MATERIAL DE ESCRITORIO E OUTROS MATERIAIS DE CONSUMO,CENTER PAPEIS COMERCIAL LTDA.,06.226.820/0001-82,"1.137,10",09/2019
 ZÉ TURIN,PROVEDOR DE INTERNET,TELEFONICA BRASIL S/A,02.558.157/0001-62,"166,61",09/2019
 ZÉ TURIN,COMPOSIÇÃO/ARTE/DIAGRAMAÇÃO/PRODUÇÃO/IMPRESSAO GRAFICA,RPM COMUNICAÇÃO INTEGRADA LTDA ME,18.084.611/0001-20,"8.380,00",10/2019
 ZÉ TURIN,CONTRATAÇAO DE PESSOA JURIDICA,RPM COMUNICAÇÃO INTEGRADA LTDA ME,18.084.611/0001-20,"15.000,00",10/2019
 ZÉ TURIN,INTERMEDIADO - CORREIOS,CAMARA MUNICIPAL DE SÃO PAULO,50.176.288/0001-28,"559,86",10/2019
 ZÉ TURIN,INTERMEDIADO - LOCAÇÃO DE VEÍCULOS,CAMARA MUNICIPAL DE SÃO PAULO,50.176.288/0001-28,"2.214,62",10/2019
 ZÉ TURIN,COMPOSIÇÃO/ARTE/DIAGRAMAÇÃO/PRODUÇÃO/IMPRESSAO GRAFICA,RPM COMUNICAÇÃO INTEGRADA LTDA ME,18.084.611/0001-20,"3.453,40",11/2019
 ZÉ TURIN,COMPOSIÇÃO/ARTE/DIAGRAMAÇÃO/PRODUÇÃO/IMPRESSAO GRAFICA,STYLUS COMUNICAÇÃO VISUAL EIRELI,34.992.781/0001-60,"1.712,00",11/2019
 ZÉ TURIN,CONTRATAÇAO DE PESSOA JURIDICA,RPM COMUNICAÇÃO INTEGRADA LTDA ME,18.084.611/0001-20,"15.000,00",11/2019
 ZÉ TURIN,INTERMEDIADO - CORREIOS,CAMARA MUNICIPAL DE SÃO PAULO,50.176.288/0001-28,"660,94",11/2019
 ZÉ TURIN,INTERMEDIADO - LOCAÇÃO DE VEÍCULOS,CAMARA MUNICIPAL DE SÃO PAULO,50.176.288/0001-28,"2.214,62",11/2019
 ZÉ TURIN,LOCAÇÃO DE MOVEIS E EQUIPAMENTOS,BRIX CONSTRUÇÕES E SERVIÇOS,20.337.161/0001-82,"500,00",11/2019
 ZÉ TURIN,MATERIAL DE ESCRITORIO E OUTROS MATERIAIS DE CONSUMO,CENTER PAPEIS COMERCIAL LTDA.,06.226.820/0001-82,"1.220,25",11/2019
 ZÉ TURIN,COMPOSIÇÃO/ARTE/DIAGRAMAÇÃO/PRODUÇÃO/IMPRESSAO GRAFICA,RPM COMUNICAÇÃO INTEGRADA LTDA ME,18.084.611/0001-20,"1.500,00",12/2019
 ZÉ TURIN,COMPOSIÇÃO/ARTE/DIAGRAMAÇÃO/PRODUÇÃO/IMPRESSAO GRAFICA,STYLUS COMUNICAÇÃO VISUAL EIRELI,34.992.781/0001-60,"1.650,00",12/2019
 ZÉ TURIN,CONTRATAÇAO DE PESSOA JURIDICA,TECNEGOCIOS SOLUÇOES EM INFORMATICA LTDA- ME,11.521.613/0001-90,"700,00",12/2019
 ZÉ TURIN,CONTRATAÇAO DE PESSOA JURIDICA,RPM COMUNICAÇÃO INTEGRADA LTDA ME,18.084.611/0001-20,"12.400,00",12/2019
 ZÉ TURIN,INTERMEDIADO - CORREIOS,CAMARA MUNICIPAL DE SÃO PAULO,50.176.288/0001-28,"3.234,42",12/2019
 ZÉ TURIN,INTERMEDIADO - LOCAÇÃO DE VEÍCULOS,CAMARA MUNICIPAL DE SÃO PAULO,50.176.288/0001-28,"812,03",12/2019
 ZÉ TURIN,INTERMEDIADO - LOCAÇÃO VEICULOS HIBRIDOS,CAMARA MUNICIPAL DE SÃO PAULO,50.176.288/0001-28,"3.040,00",12/2019
 ZÉ TURIN,MATERIAL DE ESCRITORIO E OUTROS MATERIAIS DE CONSUMO,CENTER PAPEIS COMERCIAL LTDA.,06.226.820/0001-82,"1.646,10",12/2019
