 ARSELINO TATTO,ASSINATURA DE JORNAIS E REVISTAS,ABRIL COMUNICAÇÕES S/A,44.597.052/0079-22,"427,20",01/2017
 ARSELINO TATTO,COMBUSTIVEL,POSTO DE SERVIÇOS ANTONIO PAES LTDA,62.409.305/0001-09,"1.308,96",01/2017
 ARSELINO TATTO,COMPOSIÇÃO/ARTE/DIAGRAMAÇÃO/PRODUÇÃO/IMPRESSAO GRAFICA,FÁBRICA SETE GRÁFICA E EDITORA LTDA - ME,00.651.238/0001-87,"3.171,20",01/2017
 ARSELINO TATTO,COMPOSIÇÃO/ARTE/DIAGRAMAÇÃO/PRODUÇÃO/IMPRESSAO GRAFICA,VISTAR PRESTAÇÃO DE SERVIÇOS DE DIGITAÇÃO LTDA ME,08.689.647/0001-84,"2.973,00",01/2017
 ARSELINO TATTO,COMPOSIÇÃO/ARTE/DIAGRAMAÇÃO/PRODUÇÃO/IMPRESSAO GRAFICA,ANDRE COSTA DESIGNER -ME,13.554.502/0001-06,"1.734,00",01/2017
 ARSELINO TATTO,CONTRATAÇAO DE PESSOA JURIDICA,CONDE e DELL ARINGA - DESENVOLVIMENTO DE SOFTWARES LTDA - EPP,09.613.772/0001-73,"242,00",01/2017
 ARSELINO TATTO,ELABORAÇÃO/MANUTENÇAO DE SITE/HOSPEDAGEM,VISTAR PRESTAÇÃO DE SERVIÇOS DE DIGITAÇÃO LTDA ME,08.689.647/0001-84,"2.475,00",01/2017
 ARSELINO TATTO,INTERMEDIADO - CORREIOS,CAMARA MUNICIPAL DE SÃO PAULO,50.176.288/0001-28,"161,60",01/2017
 ARSELINO TATTO,INTERMEDIADO - LOCAÇÃO DE VEÍCULOS,CAMARA MUNICIPAL DE SÃO PAULO,50.176.288/0001-28,"2.058,08",01/2017
 ARSELINO TATTO,LOCAÇÃO DE MOVEIS E EQUIPAMENTOS,SINALL COM E SERV DE MÁQUINAS LTDA,69.064.053/0001-72,"1.029,48",01/2017
 ARSELINO TATTO,MATERIAL DE ESCRITORIO E OUTROS MATERIAIS DE CONSUMO,CENTER PAPEIS COMERCIAL LTDA.,06.226.820/0001-82,"599,95",01/2017
 ARSELINO TATTO,MATERIAL DE ESCRITORIO E OUTROS MATERIAIS DE CONSUMO,NOVA VIDA PAPELARIA E COLETOR DIGITAL LTDA ME,25.321.968/0001-40,"2.385,60",01/2017
 ARSELINO TATTO,TELEFONE MOVEL,TELEFONICA BRASIL S/A,02.558.157/0001-62,"470,82",01/2017
 ARSELINO TATTO,COMBUSTIVEL,POSTO DE SERVIÇOS ANTONIO PAES LTDA,62.409.305/0001-09,"1.503,50",02/2017
 ARSELINO TATTO,COMPOSIÇÃO/ARTE/DIAGRAMAÇÃO/PRODUÇÃO/IMPRESSAO GRAFICA,VISTAR PRESTAÇÃO DE SERVIÇOS DE DIGITAÇÃO LTDA ME,08.689.647/0001-84,"2.973,00",02/2017
 ARSELINO TATTO,COMPOSIÇÃO/ARTE/DIAGRAMAÇÃO/PRODUÇÃO/IMPRESSAO GRAFICA,ANDRE COSTA DESIGNER -ME,13.554.502/0001-06,"1.734,00",02/2017
 ARSELINO TATTO,CONTRATAÇAO DE PESSOA JURIDICA,CONDE e DELL ARINGA - DESENVOLVIMENTO DE SOFTWARES LTDA - EPP,09.613.772/0001-73,"242,00",02/2017
 ARSELINO TATTO,ELABORAÇÃO/MANUTENÇAO DE SITE/HOSPEDAGEM,VISTAR PRESTAÇÃO DE SERVIÇOS DE DIGITAÇÃO LTDA ME,08.689.647/0001-84,"2.447,50",02/2017
 ARSELINO TATTO,INTERMEDIADO - CORREIOS,CAMARA MUNICIPAL DE SÃO PAULO,50.176.288/0001-28,"347,54",02/2017
 ARSELINO TATTO,INTERMEDIADO - LOCAÇÃO DE VEÍCULOS,CAMARA MUNICIPAL DE SÃO PAULO,50.176.288/0001-28,"2.101,17",02/2017
 ARSELINO TATTO,LOCAÇÃO DE MOVEIS E EQUIPAMENTOS,SINALL COM E SERV DE MÁQUINAS LTDA,69.064.053/0001-72,"1.029,48",02/2017
 ARSELINO TATTO,MATERIAL DE ESCRITORIO E OUTROS MATERIAIS DE CONSUMO,CENTER PAPEIS COMERCIAL LTDA.,06.226.820/0001-82,"639,90",02/2017
 ARSELINO TATTO,MATERIAL DE ESCRITORIO E OUTROS MATERIAIS DE CONSUMO,NOVA VIDA PAPELARIA E COLETOR DIGITAL LTDA ME,25.321.968/0001-40,"2.414,20",02/2017
 ARSELINO TATTO,TELEFONE MOVEL,TELEFONICA BRASIL S/A,02.558.157/0001-62,"639,38",02/2017
 ARSELINO TATTO,ASSINATURA DE JORNAIS E REVISTAS,EMPRESA FOLHA DA MANHÃ S.A.,60.579.703/0031-63,"584,70",03/2017
 ARSELINO TATTO,COMBUSTIVEL,POSTO DE SERVIÇOS ANTONIO PAES LTDA,62.409.305/0001-09,"1.741,47",03/2017
 ARSELINO TATTO,COMPOSIÇÃO/ARTE/DIAGRAMAÇÃO/PRODUÇÃO/IMPRESSAO GRAFICA,FÁBRICA SETE GRÁFICA E EDITORA LTDA - ME,00.651.238/0001-87,"3.200,00",03/2017
 ARSELINO TATTO,COMPOSIÇÃO/ARTE/DIAGRAMAÇÃO/PRODUÇÃO/IMPRESSAO GRAFICA,VISTAR PRESTAÇÃO DE SERVIÇOS DE DIGITAÇÃO LTDA ME,08.689.647/0001-84,"2.973,00",03/2017
 ARSELINO TATTO,COMPOSIÇÃO/ARTE/DIAGRAMAÇÃO/PRODUÇÃO/IMPRESSAO GRAFICA,ANDRE COSTA DESIGNER -ME,13.554.502/0001-06,"1.734,00",03/2017
 ARSELINO TATTO,CONTRATAÇAO DE PESSOA JURIDICA,CONDE e DELL ARINGA - DESENVOLVIMENTO DE SOFTWARES LTDA - EPP,09.613.772/0001-73,"242,00",03/2017
 ARSELINO TATTO,ELABORAÇÃO/MANUTENÇAO DE SITE/HOSPEDAGEM,VISTAR PRESTAÇÃO DE SERVIÇOS DE DIGITAÇÃO LTDA ME,08.689.647/0001-84,"2.477,50",03/2017
 ARSELINO TATTO,INTERMEDIADO - CORREIOS,CAMARA MUNICIPAL DE SÃO PAULO,50.176.288/0001-28,"365,56",03/2017
 ARSELINO TATTO,INTERMEDIADO - LOCAÇÃO DE VEÍCULOS,CAMARA MUNICIPAL DE SÃO PAULO,50.176.288/0001-28,"2.101,17",03/2017
 ARSELINO TATTO,INTERMEDIADO - REPROGRAFIA (XEROX/ENCADERNAÇÃO),CAMARA MUNICIPAL DE SÃO PAULO,50.176.288/0001-28,"5,04",03/2017
 ARSELINO TATTO,LOCAÇÃO DE MOVEIS E EQUIPAMENTOS,SINALL COM E SERV DE MÁQUINAS LTDA,69.064.053/0001-72,"1.146,72",03/2017
 ARSELINO TATTO,MATERIAL DE ESCRITORIO E OUTROS MATERIAIS DE CONSUMO,CENTER PAPEIS COMERCIAL LTDA.,06.226.820/0001-82,"599,95",03/2017
 ARSELINO TATTO,MATERIAL DE ESCRITORIO E OUTROS MATERIAIS DE CONSUMO,NOVA VIDA PAPELARIA E COLETOR DIGITAL LTDA ME,25.321.968/0001-40,"2.294,50",03/2017
 ARSELINO TATTO,TELEFONE MOVEL,TELEFONICA BRASIL S/A,02.558.157/0001-62,"1.137,85",03/2017
 ARSELINO TATTO,ASSINATURA DE JORNAIS E REVISTAS,S.A O ESTADO DE S. PAULO,61.533.949/0001-41,"97,50",04/2017
 ARSELINO TATTO,COMBUSTIVEL,POSTO DE SERVIÇOS ANTONIO PAES LTDA,62.409.305/0001-09,"1.291,60",04/2017
 ARSELINO TATTO,COMPOSIÇÃO/ARTE/DIAGRAMAÇÃO/PRODUÇÃO/IMPRESSAO GRAFICA,VISTAR PRESTAÇÃO DE SERVIÇOS DE DIGITAÇÃO LTDA ME,08.689.647/0001-84,"3.000,00",04/2017
 ARSELINO TATTO,COMPOSIÇÃO/ARTE/DIAGRAMAÇÃO/PRODUÇÃO/IMPRESSAO GRAFICA,ANDRE COSTA DESIGNER -ME,13.554.502/0001-06,"1.734,00",04/2017
 ARSELINO TATTO,CONTRATAÇAO DE PESSOA JURIDICA,CONDE e DELL ARINGA - DESENVOLVIMENTO DE SOFTWARES LTDA - EPP,09.613.772/0001-73,"242,00",04/2017
 ARSELINO TATTO,ELABORAÇÃO/MANUTENÇAO DE SITE/HOSPEDAGEM,VISTAR PRESTAÇÃO DE SERVIÇOS DE DIGITAÇÃO LTDA ME,08.689.647/0001-84,"2.500,00",04/2017
 ARSELINO TATTO,INTERMEDIADO - CORREIOS,CAMARA MUNICIPAL DE SÃO PAULO,50.176.288/0001-28,"102,23",04/2017
 ARSELINO TATTO,INTERMEDIADO - LOCAÇÃO DE VEÍCULOS,CAMARA MUNICIPAL DE SÃO PAULO,50.176.288/0001-28,"2.101,17",04/2017
 ARSELINO TATTO,LOCAÇÃO DE MOVEIS E EQUIPAMENTOS,SINALL COM E SERV DE MÁQUINAS LTDA,69.064.053/0001-72,"1.031,09",04/2017
 ARSELINO TATTO,MATERIAL DE ESCRITORIO E OUTROS MATERIAIS DE CONSUMO,CENTER PAPEIS COMERCIAL LTDA.,06.226.820/0001-82,"522,85",04/2017
 ARSELINO TATTO,MATERIAL DE ESCRITORIO E OUTROS MATERIAIS DE CONSUMO,NOVA VIDA PAPELARIA E COLETOR DIGITAL LTDA ME,25.321.968/0001-40,"2.090,30",04/2017
 ARSELINO TATTO,TELEFONE MOVEL,TELEFONICA BRASIL S/A,02.558.157/0001-62,"547,07",04/2017
 ARSELINO TATTO,ASSINATURA DE JORNAIS E REVISTAS,S.A O ESTADO DE S. PAULO,61.533.949/0001-41,"97,50",05/2017
 ARSELINO TATTO,COMBUSTIVEL,POSTO DE SERVIÇOS ANTONIO PAES LTDA,62.409.305/0001-09,"1.699,61",05/2017
 ARSELINO TATTO,COMPOSIÇÃO/ARTE/DIAGRAMAÇÃO/PRODUÇÃO/IMPRESSAO GRAFICA,FÁBRICA SETE GRÁFICA E EDITORA LTDA - ME,00.651.238/0001-87,"3.200,00",05/2017
 ARSELINO TATTO,COMPOSIÇÃO/ARTE/DIAGRAMAÇÃO/PRODUÇÃO/IMPRESSAO GRAFICA,VISTAR PRESTAÇÃO DE SERVIÇOS DE DIGITAÇÃO LTDA ME,08.689.647/0001-84,"3.000,00",05/2017
 ARSELINO TATTO,COMPOSIÇÃO/ARTE/DIAGRAMAÇÃO/PRODUÇÃO/IMPRESSAO GRAFICA,ANDRE COSTA DESIGNER -ME,13.554.502/0001-06,"1.530,00",05/2017
 ARSELINO TATTO,CONTRATAÇAO DE PESSOA JURIDICA,CONDE e DELL ARINGA - DESENVOLVIMENTO DE SOFTWARES LTDA - EPP,09.613.772/0001-73,"242,00",05/2017
 ARSELINO TATTO,ELABORAÇÃO/MANUTENÇAO DE SITE/HOSPEDAGEM,VISTAR PRESTAÇÃO DE SERVIÇOS DE DIGITAÇÃO LTDA ME,08.689.647/0001-84,"2.500,00",05/2017
 ARSELINO TATTO,INTERMEDIADO - CORREIOS,CAMARA MUNICIPAL DE SÃO PAULO,50.176.288/0001-28,"336,90",05/2017
 ARSELINO TATTO,INTERMEDIADO - LOCAÇÃO DE VEÍCULOS,CAMARA MUNICIPAL DE SÃO PAULO,50.176.288/0001-28,"2.101,17",05/2017
 ARSELINO TATTO,LOCAÇÃO DE MOVEIS E EQUIPAMENTOS,SINALL COM E SERV DE MÁQUINAS LTDA,69.064.053/0001-72,"1.045,61",05/2017
 ARSELINO TATTO,MATERIAL DE ESCRITORIO E OUTROS MATERIAIS DE CONSUMO,CENTER PAPEIS COMERCIAL LTDA.,06.226.820/0001-82,"399,45",05/2017
 ARSELINO TATTO,MATERIAL DE ESCRITORIO E OUTROS MATERIAIS DE CONSUMO,NOVA VIDA PAPELARIA E COLETOR DIGITAL LTDA ME,25.321.968/0001-40,"2.209,10",05/2017
 ARSELINO TATTO,TELEFONE MOVEL,TELEFONICA BRASIL S/A,02.558.157/0001-62,"439,20",05/2017
 ARSELINO TATTO,ASSINATURA DE JORNAIS E REVISTAS,S.A O ESTADO DE S. PAULO,61.533.949/0001-41,"97,50",06/2017
 ARSELINO TATTO,COMBUSTIVEL,POSTO DE SERVIÇOS ANTONIO PAES LTDA,62.409.305/0001-09,"1.477,14",06/2017
 ARSELINO TATTO,COMPOSIÇÃO/ARTE/DIAGRAMAÇÃO/PRODUÇÃO/IMPRESSAO GRAFICA,FÁBRICA SETE GRÁFICA E EDITORA LTDA - ME,00.651.238/0001-87,"3.200,00",06/2017
 ARSELINO TATTO,COMPOSIÇÃO/ARTE/DIAGRAMAÇÃO/PRODUÇÃO/IMPRESSAO GRAFICA,VISTAR PRESTAÇÃO DE SERVIÇOS DE DIGITAÇÃO LTDA ME,08.689.647/0001-84,"3.000,00",06/2017
 ARSELINO TATTO,COMPOSIÇÃO/ARTE/DIAGRAMAÇÃO/PRODUÇÃO/IMPRESSAO GRAFICA,ANDRE COSTA DESIGNER -ME,13.554.502/0001-06,"1.050,00",06/2017
 ARSELINO TATTO,CONTRATAÇAO DE PESSOA JURIDICA,CONDE e DELL ARINGA - DESENVOLVIMENTO DE SOFTWARES LTDA - EPP,09.613.772/0001-73,"242,00",06/2017
 ARSELINO TATTO,ELABORAÇÃO/MANUTENÇAO DE SITE/HOSPEDAGEM,VISTAR PRESTAÇÃO DE SERVIÇOS DE DIGITAÇÃO LTDA ME,08.689.647/0001-84,"2.500,00",06/2017
 ARSELINO TATTO,INTERMEDIADO - CORREIOS,CAMARA MUNICIPAL DE SÃO PAULO,50.176.288/0001-28,"196,30",06/2017
 ARSELINO TATTO,INTERMEDIADO - LOCAÇÃO DE VEÍCULOS,CAMARA MUNICIPAL DE SÃO PAULO,50.176.288/0001-28,"2.101,17",06/2017
 ARSELINO TATTO,LOCAÇÃO DE MOVEIS E EQUIPAMENTOS,SINALL COM E SERV DE MÁQUINAS LTDA,69.064.053/0001-72,"1.029,48",06/2017
 ARSELINO TATTO,MATERIAL DE ESCRITORIO E OUTROS MATERIAIS DE CONSUMO,CENTER PAPEIS COMERCIAL LTDA.,06.226.820/0001-82,"1.902,30",06/2017
 ARSELINO TATTO,MATERIAL DE ESCRITORIO E OUTROS MATERIAIS DE CONSUMO,NOVA VIDA PAPELARIA E COLETOR DIGITAL LTDA ME,25.321.968/0001-40,"1.315,20",06/2017
 ARSELINO TATTO,TELEFONE MOVEL,TELEFONICA BRASIL S/A,02.558.157/0001-62,"437,64",06/2017
 ARSELINO TATTO,ASSINATURA DE JORNAIS E REVISTAS,S.A O ESTADO DE S. PAULO,61.533.949/0001-41,"97,50",07/2017
 ARSELINO TATTO,COMBUSTIVEL,POSTO DE SERVIÇOS ANTONIO PAES LTDA,62.409.305/0001-09,"1.663,34",07/2017
 ARSELINO TATTO,COMPOSIÇÃO/ARTE/DIAGRAMAÇÃO/PRODUÇÃO/IMPRESSAO GRAFICA,FÁBRICA SETE GRÁFICA E EDITORA LTDA - ME,00.651.238/0001-87,"3.200,00",07/2017
 ARSELINO TATTO,COMPOSIÇÃO/ARTE/DIAGRAMAÇÃO/PRODUÇÃO/IMPRESSAO GRAFICA,VISTAR PRESTAÇÃO DE SERVIÇOS DE DIGITAÇÃO LTDA ME,08.689.647/0001-84,"3.000,00",07/2017
 ARSELINO TATTO,COMPOSIÇÃO/ARTE/DIAGRAMAÇÃO/PRODUÇÃO/IMPRESSAO GRAFICA,ANDRE COSTA DESIGNER -ME,13.554.502/0001-06,"1.500,00",07/2017
 ARSELINO TATTO,CONTRATAÇAO DE PESSOA JURIDICA,CONDE e DELL ARINGA - DESENVOLVIMENTO DE SOFTWARES LTDA - EPP,09.613.772/0001-73,"242,00",07/2017
 ARSELINO TATTO,ELABORAÇÃO/MANUTENÇAO DE SITE/HOSPEDAGEM,VISTAR PRESTAÇÃO DE SERVIÇOS DE DIGITAÇÃO LTDA ME,08.689.647/0001-84,"2.500,00",07/2017
 ARSELINO TATTO,INTERMEDIADO - CORREIOS,CAMARA MUNICIPAL DE SÃO PAULO,50.176.288/0001-28,"210,00",07/2017
 ARSELINO TATTO,INTERMEDIADO - LOCAÇÃO DE VEÍCULOS,CAMARA MUNICIPAL DE SÃO PAULO,50.176.288/0001-28,"2.101,17",07/2017
 ARSELINO TATTO,LOCAÇÃO DE MOVEIS E EQUIPAMENTOS,SINALL COM E SERV DE MÁQUINAS LTDA,69.064.053/0001-72,"1.593,10",07/2017
 ARSELINO TATTO,MATERIAL DE ESCRITORIO E OUTROS MATERIAIS DE CONSUMO,CENTER PAPEIS COMERCIAL LTDA.,06.226.820/0001-82,"219,50",07/2017
 ARSELINO TATTO,MATERIAL DE ESCRITORIO E OUTROS MATERIAIS DE CONSUMO,NOVA VIDA PAPELARIA E COLETOR DIGITAL LTDA ME,25.321.968/0001-40,"2.342,60",07/2017
 ARSELINO TATTO,TELEFONE MOVEL,TELEFONICA BRASIL S/A,02.558.157/0001-62,"438,78",07/2017
 ARSELINO TATTO,ASSINATURA DE JORNAIS E REVISTAS,S.A O ESTADO DE S. PAULO,61.533.949/0001-41,"97,50",08/2017
 ARSELINO TATTO,COMBUSTIVEL,POSTO DE SERVIÇOS ANTONIO PAES LTDA,62.409.305/0001-09,"1.700,84",08/2017
 ARSELINO TATTO,COMPOSIÇÃO/ARTE/DIAGRAMAÇÃO/PRODUÇÃO/IMPRESSAO GRAFICA,FÁBRICA SETE GRÁFICA E EDITORA LTDA - ME,00.651.238/0001-87,"3.200,00",08/2017
 ARSELINO TATTO,COMPOSIÇÃO/ARTE/DIAGRAMAÇÃO/PRODUÇÃO/IMPRESSAO GRAFICA,VISTAR PRESTAÇÃO DE SERVIÇOS DE DIGITAÇÃO LTDA ME,08.689.647/0001-84,"3.000,00",08/2017
 ARSELINO TATTO,COMPOSIÇÃO/ARTE/DIAGRAMAÇÃO/PRODUÇÃO/IMPRESSAO GRAFICA,ANDRE COSTA DESIGNER -ME,13.554.502/0001-06,"1.200,00",08/2017
 ARSELINO TATTO,CONTRATAÇAO DE PESSOA JURIDICA,CONDE e DELL ARINGA - DESENVOLVIMENTO DE SOFTWARES LTDA - EPP,09.613.772/0001-73,"242,00",08/2017
 ARSELINO TATTO,ELABORAÇÃO/MANUTENÇAO DE SITE/HOSPEDAGEM,VISTAR PRESTAÇÃO DE SERVIÇOS DE DIGITAÇÃO LTDA ME,08.689.647/0001-84,"2.500,00",08/2017
 ARSELINO TATTO,INTERMEDIADO - CORREIOS,CAMARA MUNICIPAL DE SÃO PAULO,50.176.288/0001-28,"376,90",08/2017
 ARSELINO TATTO,INTERMEDIADO - LOCAÇÃO DE VEÍCULOS,CAMARA MUNICIPAL DE SÃO PAULO,50.176.288/0001-28,"2.101,17",08/2017
 ARSELINO TATTO,LOCAÇÃO DE MOVEIS E EQUIPAMENTOS,SINALL COM E SERV DE MÁQUINAS LTDA,69.064.053/0001-72,"1.029,48",08/2017
 ARSELINO TATTO,MATERIAL DE ESCRITORIO E OUTROS MATERIAIS DE CONSUMO,CENTER PAPEIS COMERCIAL LTDA.,06.226.820/0001-82,"684,80",08/2017
 ARSELINO TATTO,MATERIAL DE ESCRITORIO E OUTROS MATERIAIS DE CONSUMO,NOVA VIDA PAPELARIA E COLETOR DIGITAL LTDA ME,25.321.968/0001-40,"2.196,40",08/2017
 ARSELINO TATTO,TELEFONE MOVEL,TELEFONICA BRASIL S/A,02.558.157/0001-62,"428,45",08/2017
 ARSELINO TATTO,ASSINATURA DE JORNAIS E REVISTAS,S.A O ESTADO DE S. PAULO,61.533.949/0001-41,"97,50",09/2017
 ARSELINO TATTO,COMBUSTIVEL,POSTO DE SERVIÇOS ANTONIO PAES LTDA,62.409.305/0001-09,"1.680,52",09/2017
 ARSELINO TATTO,COMPOSIÇÃO/ARTE/DIAGRAMAÇÃO/PRODUÇÃO/IMPRESSAO GRAFICA,FÁBRICA SETE GRÁFICA E EDITORA LTDA - ME,00.651.238/0001-87,"2.400,00",09/2017
 ARSELINO TATTO,COMPOSIÇÃO/ARTE/DIAGRAMAÇÃO/PRODUÇÃO/IMPRESSAO GRAFICA,VISTAR PRESTAÇÃO DE SERVIÇOS DE DIGITAÇÃO LTDA ME,08.689.647/0001-84,"3.000,00",09/2017
 ARSELINO TATTO,COMPOSIÇÃO/ARTE/DIAGRAMAÇÃO/PRODUÇÃO/IMPRESSAO GRAFICA,ANDRE COSTA DESIGNER -ME,13.554.502/0001-06,"1.650,00",09/2017
 ARSELINO TATTO,ELABORAÇÃO/MANUTENÇAO DE SITE/HOSPEDAGEM,VISTAR PRESTAÇÃO DE SERVIÇOS DE DIGITAÇÃO LTDA ME,08.689.647/0001-84,"2.500,00",09/2017
 ARSELINO TATTO,INTERMEDIADO - CORREIOS,CAMARA MUNICIPAL DE SÃO PAULO,50.176.288/0001-28,"200,25",09/2017
 ARSELINO TATTO,INTERMEDIADO - LOCAÇÃO DE VEÍCULOS,CAMARA MUNICIPAL DE SÃO PAULO,50.176.288/0001-28,"2.101,17",09/2017
 ARSELINO TATTO,LOCAÇÃO DE MOVEIS E EQUIPAMENTOS,SINALL COM E SERV DE MÁQUINAS LTDA,69.064.053/0001-72,"1.109,20",09/2017
 ARSELINO TATTO,MATERIAL DE ESCRITORIO E OUTROS MATERIAIS DE CONSUMO,CENTER PAPEIS COMERCIAL LTDA.,06.226.820/0001-82,"689,90",09/2017
 ARSELINO TATTO,MATERIAL DE ESCRITORIO E OUTROS MATERIAIS DE CONSUMO,NOVA VIDA PAPELARIA E COLETOR DIGITAL LTDA ME,25.321.968/0001-40,"2.252,90",09/2017
 ARSELINO TATTO,ASSINATURA DE JORNAIS E REVISTAS,EMPRESA FOLHA DA MANHÃ S.A.,60.579.703/0031-63,"584,70",10/2017
 ARSELINO TATTO,ASSINATURA DE JORNAIS E REVISTAS,S.A O ESTADO DE S. PAULO,61.533.949/0001-41,"97,50",10/2017
 ARSELINO TATTO,COMBUSTIVEL,POSTO DE SERVIÇOS ANTONIO PAES LTDA,62.409.305/0001-09,"1.742,73",10/2017
 ARSELINO TATTO,COMPOSIÇÃO/ARTE/DIAGRAMAÇÃO/PRODUÇÃO/IMPRESSAO GRAFICA,FÁBRICA SETE GRÁFICA E EDITORA LTDA - ME,00.651.238/0001-87,"2.500,00",10/2017
 ARSELINO TATTO,COMPOSIÇÃO/ARTE/DIAGRAMAÇÃO/PRODUÇÃO/IMPRESSAO GRAFICA,VISTAR PRESTAÇÃO DE SERVIÇOS DE DIGITAÇÃO LTDA ME,08.689.647/0001-84,"3.000,00",10/2017
 ARSELINO TATTO,COMPOSIÇÃO/ARTE/DIAGRAMAÇÃO/PRODUÇÃO/IMPRESSAO GRAFICA,ANDRE COSTA DESIGNER -ME,13.554.502/0001-06,"1.500,00",10/2017
 ARSELINO TATTO,ELABORAÇÃO/MANUTENÇAO DE SITE/HOSPEDAGEM,VISTAR PRESTAÇÃO DE SERVIÇOS DE DIGITAÇÃO LTDA ME,08.689.647/0001-84,"2.500,00",10/2017
 ARSELINO TATTO,INTERMEDIADO - CORREIOS,CAMARA MUNICIPAL DE SÃO PAULO,50.176.288/0001-28,"180,01",10/2017
 ARSELINO TATTO,INTERMEDIADO - LOCAÇÃO DE VEÍCULOS,CAMARA MUNICIPAL DE SÃO PAULO,50.176.288/0001-28,"2.101,17",10/2017
 ARSELINO TATTO,INTERMEDIADO - REPROGRAFIA (XEROX/ENCADERNAÇÃO),CAMARA MUNICIPAL DE SÃO PAULO,50.176.288/0001-28,"0,56",10/2017
 ARSELINO TATTO,LOCAÇÃO DE MOVEIS E EQUIPAMENTOS,SINALL COM E SERV DE MÁQUINAS LTDA,69.064.053/0001-72,"1.029,48",10/2017
 ARSELINO TATTO,LUBRIFICANTE,POSTO DE SERVIÇOS ANTONIO PAES LTDA,62.409.305/0001-09,"36,50",10/2017
 ARSELINO TATTO,MATERIAL DE ESCRITORIO E OUTROS MATERIAIS DE CONSUMO,CENTER PAPEIS COMERCIAL LTDA.,06.226.820/0001-82,"658,50",10/2017
 ARSELINO TATTO,MATERIAL DE ESCRITORIO E OUTROS MATERIAIS DE CONSUMO,NOVA VIDA PAPELARIA E COLETOR DIGITAL LTDA ME,25.321.968/0001-40,"2.657,20",10/2017
 ARSELINO TATTO,ASSINATURA DE JORNAIS E REVISTAS,S.A O ESTADO DE S. PAULO,61.533.949/0001-41,"97,50",11/2017
 ARSELINO TATTO,COMBUSTIVEL,POSTO DE SERVIÇOS ANTONIO PAES LTDA,62.409.305/0001-09,"1.761,69",11/2017
 ARSELINO TATTO,COMPOSIÇÃO/ARTE/DIAGRAMAÇÃO/PRODUÇÃO/IMPRESSAO GRAFICA,FÁBRICA SETE GRÁFICA E EDITORA LTDA - ME,00.651.238/0001-87,"3.150,00",11/2017
 ARSELINO TATTO,COMPOSIÇÃO/ARTE/DIAGRAMAÇÃO/PRODUÇÃO/IMPRESSAO GRAFICA,VISTAR PRESTAÇÃO DE SERVIÇOS DE DIGITAÇÃO LTDA ME,08.689.647/0001-84,"3.000,00",11/2017
 ARSELINO TATTO,COMPOSIÇÃO/ARTE/DIAGRAMAÇÃO/PRODUÇÃO/IMPRESSAO GRAFICA,ANDRE COSTA DESIGNER -ME,13.554.502/0001-06,"1.850,00",11/2017
 ARSELINO TATTO,ELABORAÇÃO/MANUTENÇAO DE SITE/HOSPEDAGEM,VISTAR PRESTAÇÃO DE SERVIÇOS DE DIGITAÇÃO LTDA ME,08.689.647/0001-84,"2.500,00",11/2017
 ARSELINO TATTO,INTERMEDIADO - CORREIOS,CAMARA MUNICIPAL DE SÃO PAULO,50.176.288/0001-28,"174,75",11/2017
 ARSELINO TATTO,INTERMEDIADO - LOCAÇÃO DE VEÍCULOS,CAMARA MUNICIPAL DE SÃO PAULO,50.176.288/0001-28,"2.101,17",11/2017
 ARSELINO TATTO,INTERMEDIADO - REPROGRAFIA (XEROX/ENCADERNAÇÃO),CAMARA MUNICIPAL DE SÃO PAULO,50.176.288/0001-28,"290,00",11/2017
 ARSELINO TATTO,LOCAÇÃO DE MOVEIS E EQUIPAMENTOS,SINALL COM E SERV DE MÁQUINAS LTDA,69.064.053/0001-72,"2.464,48",11/2017
 ARSELINO TATTO,MATERIAL DE ESCRITORIO E OUTROS MATERIAIS DE CONSUMO,CENTER PAPEIS COMERCIAL LTDA.,06.226.820/0001-82,"957,95",11/2017
 ARSELINO TATTO,MATERIAL DE ESCRITORIO E OUTROS MATERIAIS DE CONSUMO,NOVA VIDA PAPELARIA E COLETOR DIGITAL LTDA ME,25.321.968/0001-40,"2.803,20",11/2017
 ARSELINO TATTO,COMBUSTIVEL,POSTO DE SERVIÇOS ANTONIO PAES LTDA,62.409.305/0001-09,"1.614,80",12/2017
 ARSELINO TATTO,COMPOSIÇÃO/ARTE/DIAGRAMAÇÃO/PRODUÇÃO/IMPRESSAO GRAFICA,FÁBRICA SETE GRÁFICA E EDITORA LTDA - ME,00.651.238/0001-87,"3.600,00",12/2017
 ARSELINO TATTO,COMPOSIÇÃO/ARTE/DIAGRAMAÇÃO/PRODUÇÃO/IMPRESSAO GRAFICA,VISTAR PRESTAÇÃO DE SERVIÇOS DE DIGITAÇÃO LTDA ME,08.689.647/0001-84,"3.000,00",12/2017
 ARSELINO TATTO,COMPOSIÇÃO/ARTE/DIAGRAMAÇÃO/PRODUÇÃO/IMPRESSAO GRAFICA,ANDRE COSTA DESIGNER -ME,13.554.502/0001-06,"1.400,00",12/2017
 ARSELINO TATTO,ELABORAÇÃO/MANUTENÇAO DE SITE/HOSPEDAGEM,VISTAR PRESTAÇÃO DE SERVIÇOS DE DIGITAÇÃO LTDA ME,08.689.647/0001-84,"2.500,00",12/2017
 ARSELINO TATTO,INTERMEDIADO - CORREIOS,CAMARA MUNICIPAL DE SÃO PAULO,50.176.288/0001-28,"80,35",12/2017
 ARSELINO TATTO,INTERMEDIADO - LOCAÇÃO DE VEÍCULOS,CAMARA MUNICIPAL DE SÃO PAULO,50.176.288/0001-28,"2.101,17",12/2017
 ARSELINO TATTO,LOCAÇÃO DE MOVEIS E EQUIPAMENTOS,SINALL COM E SERV DE MÁQUINAS LTDA,69.064.053/0001-72,"1.583,00",12/2017
 ARSELINO TATTO,MATERIAL DE ESCRITORIO E OUTROS MATERIAIS DE CONSUMO,CENTER PAPEIS COMERCIAL LTDA.,06.226.820/0001-82,"2.097,70",12/2017
 ARSELINO TATTO,TELEFONE MOVEL,TELEFONICA BRASIL S/A,02.558.157/0001-62,"158,04",12/2017
 ARSELINO TATTO,ASSINATURA DE JORNAIS E REVISTAS,S.A O ESTADO DE S. PAULO,61.533.949/0001-41,"97,50",01/2018
 ARSELINO TATTO,COMBUSTIVEL,POSTO DE SERVIÇOS ANTONIO PAES LTDA,62.409.305/0001-09,"1.886,77",01/2018
 ARSELINO TATTO,COMPOSIÇÃO/ARTE/DIAGRAMAÇÃO/PRODUÇÃO/IMPRESSAO GRAFICA,FÁBRICA SETE GRÁFICA E EDITORA LTDA - ME,00.651.238/0001-87,"3.800,00",01/2018
 ARSELINO TATTO,COMPOSIÇÃO/ARTE/DIAGRAMAÇÃO/PRODUÇÃO/IMPRESSAO GRAFICA,VISTAR PRESTAÇÃO DE SERVIÇOS DE DIGITAÇÃO LTDA ME,08.689.647/0001-84,"3.000,00",01/2018
 ARSELINO TATTO,COMPOSIÇÃO/ARTE/DIAGRAMAÇÃO/PRODUÇÃO/IMPRESSAO GRAFICA,ANDRE COSTA DESIGNER -ME,13.554.502/0001-06,"1.200,00",01/2018
 ARSELINO TATTO,ELABORAÇÃO/MANUTENÇAO DE SITE/HOSPEDAGEM,VISTAR PRESTAÇÃO DE SERVIÇOS DE DIGITAÇÃO LTDA ME,08.689.647/0001-84,"2.500,00",01/2018
 ARSELINO TATTO,INTERMEDIADO - CORREIOS,CAMARA MUNICIPAL DE SÃO PAULO,50.176.288/0001-28,"137,15",01/2018
 ARSELINO TATTO,INTERMEDIADO - LOCAÇÃO DE VEÍCULOS,CAMARA MUNICIPAL DE SÃO PAULO,50.176.288/0001-28,"2.137,42",01/2018
 ARSELINO TATTO,LOCAÇÃO DE MOVEIS E EQUIPAMENTOS,SINALL COM E SERV DE MÁQUINAS LTDA,69.064.053/0001-72,"1.029,48",01/2018
 ARSELINO TATTO,MATERIAL DE ESCRITORIO E OUTROS MATERIAIS DE CONSUMO,CENTER PAPEIS COMERCIAL LTDA.,06.226.820/0001-82,"1.082,55",01/2018
 ARSELINO TATTO,MATERIAL DE ESCRITORIO E OUTROS MATERIAIS DE CONSUMO,NOVA VIDA PAPELARIA E COLETOR DIGITAL LTDA ME,25.321.968/0001-40,"2.572,00",01/2018
 ARSELINO TATTO,TELEFONE MOVEL,TELEFONICA BRASIL S/A,02.558.157/0001-62,"315,55",01/2018
 ARSELINO TATTO,ASSINATURA DE JORNAIS E REVISTAS,EMPRESA FOLHA DA MANHÃ S.A.,60.579.703/0031-63,"614,70",02/2018
 ARSELINO TATTO,ASSINATURA DE JORNAIS E REVISTAS,S.A O ESTADO DE S. PAULO,61.533.949/0001-41,"97,50",02/2018
 ARSELINO TATTO,COMBUSTIVEL,POSTO DE SERVIÇOS ANTONIO PAES LTDA,62.409.305/0001-09,"1.709,30",02/2018
 ARSELINO TATTO,COMPOSIÇÃO/ARTE/DIAGRAMAÇÃO/PRODUÇÃO/IMPRESSAO GRAFICA,FÁBRICA SETE GRÁFICA E EDITORA LTDA - ME,00.651.238/0001-87,"3.800,00",02/2018
 ARSELINO TATTO,COMPOSIÇÃO/ARTE/DIAGRAMAÇÃO/PRODUÇÃO/IMPRESSAO GRAFICA,VISTAR PRESTAÇÃO DE SERVIÇOS DE DIGITAÇÃO LTDA ME,08.689.647/0001-84,"3.000,00",02/2018
 ARSELINO TATTO,ELABORAÇÃO/MANUTENÇAO DE SITE/HOSPEDAGEM,VISTAR PRESTAÇÃO DE SERVIÇOS DE DIGITAÇÃO LTDA ME,08.689.647/0001-84,"2.500,00",02/2018
 ARSELINO TATTO,INTERMEDIADO - CORREIOS,CAMARA MUNICIPAL DE SÃO PAULO,50.176.288/0001-28,"159,25",02/2018
 ARSELINO TATTO,INTERMEDIADO - LOCAÇÃO DE VEÍCULOS,CAMARA MUNICIPAL DE SÃO PAULO,50.176.288/0001-28,"2.148,45",02/2018
 ARSELINO TATTO,LOCAÇÃO DE MOVEIS E EQUIPAMENTOS,SINALL COM E SERV DE MÁQUINAS LTDA,69.064.053/0001-72,"1.748,41",02/2018
 ARSELINO TATTO,MATERIAL DE ESCRITORIO E OUTROS MATERIAIS DE CONSUMO,CENTER PAPEIS COMERCIAL LTDA.,06.226.820/0001-82,"1.785,30",02/2018
 ARSELINO TATTO,TELEFONE MOVEL,TELEFONICA BRASIL S/A,02.558.157/0001-62,"153,22",02/2018
 ARSELINO TATTO,COMBUSTIVEL,POSTO DE SERVIÇOS ANTONIO PAES LTDA,62.409.305/0001-09,"1.785,46",03/2018
 ARSELINO TATTO,COMPOSIÇÃO/ARTE/DIAGRAMAÇÃO/PRODUÇÃO/IMPRESSAO GRAFICA,FÁBRICA SETE GRÁFICA E EDITORA LTDA - ME,00.651.238/0001-87,"3.600,00",03/2018
 ARSELINO TATTO,COMPOSIÇÃO/ARTE/DIAGRAMAÇÃO/PRODUÇÃO/IMPRESSAO GRAFICA,VISTAR PRESTAÇÃO DE SERVIÇOS DE DIGITAÇÃO LTDA ME,08.689.647/0001-84,"3.000,00",03/2018
 ARSELINO TATTO,COMPOSIÇÃO/ARTE/DIAGRAMAÇÃO/PRODUÇÃO/IMPRESSAO GRAFICA,ANDRE COSTA DESIGNER -ME,13.554.502/0001-06,"1.200,00",03/2018
 ARSELINO TATTO,ELABORAÇÃO/MANUTENÇAO DE SITE/HOSPEDAGEM,VISTAR PRESTAÇÃO DE SERVIÇOS DE DIGITAÇÃO LTDA ME,08.689.647/0001-84,"2.500,00",03/2018
 ARSELINO TATTO,INTERMEDIADO - CORREIOS,CAMARA MUNICIPAL DE SÃO PAULO,50.176.288/0001-28,"350,30",03/2018
 ARSELINO TATTO,INTERMEDIADO - LOCAÇÃO DE VEÍCULOS,CAMARA MUNICIPAL DE SÃO PAULO,50.176.288/0001-28,"2.148,45",03/2018
 ARSELINO TATTO,LOCAÇÃO DE MOVEIS E EQUIPAMENTOS,SINALL COM E SERV DE MÁQUINAS LTDA,69.064.053/0001-72,"3.080,03",03/2018
 ARSELINO TATTO,MATERIAL DE ESCRITORIO E OUTROS MATERIAIS DE CONSUMO,CENTER PAPEIS COMERCIAL LTDA.,06.226.820/0001-82,"2.395,90",03/2018
 ARSELINO TATTO,TELEFONE MOVEL,TELEFONICA BRASIL S/A,02.558.157/0001-62,"161,55",03/2018
 ARSELINO TATTO,ASSINATURA DE JORNAIS E REVISTAS,S.A O ESTADO DE S. PAULO,61.533.949/0001-41,"104,90",04/2018
 ARSELINO TATTO,COMBUSTIVEL,POSTO DE SERVIÇOS ANTONIO PAES LTDA,62.409.305/0001-09,"1.900,70",04/2018
 ARSELINO TATTO,COMPOSIÇÃO/ARTE/DIAGRAMAÇÃO/PRODUÇÃO/IMPRESSAO GRAFICA,FÁBRICA SETE GRÁFICA E EDITORA LTDA - ME,00.651.238/0001-87,"3.600,00",04/2018
 ARSELINO TATTO,COMPOSIÇÃO/ARTE/DIAGRAMAÇÃO/PRODUÇÃO/IMPRESSAO GRAFICA,VISTAR PRESTAÇÃO DE SERVIÇOS DE DIGITAÇÃO LTDA ME,08.689.647/0001-84,"3.000,00",04/2018
 ARSELINO TATTO,COMPOSIÇÃO/ARTE/DIAGRAMAÇÃO/PRODUÇÃO/IMPRESSAO GRAFICA,ANDRE COSTA DESIGNER -ME,13.554.502/0001-06,"1.200,00",04/2018
 ARSELINO TATTO,ELABORAÇÃO/MANUTENÇAO DE SITE/HOSPEDAGEM,VISTAR PRESTAÇÃO DE SERVIÇOS DE DIGITAÇÃO LTDA ME,08.689.647/0001-84,"2.500,00",04/2018
 ARSELINO TATTO,INTERMEDIADO - CORREIOS,CAMARA MUNICIPAL DE SÃO PAULO,50.176.288/0001-28,"389,60",04/2018
 ARSELINO TATTO,INTERMEDIADO - LOCAÇÃO DE VEÍCULOS,CAMARA MUNICIPAL DE SÃO PAULO,50.176.288/0001-28,"2.148,45",04/2018
 ARSELINO TATTO,LOCAÇÃO DE MOVEIS E EQUIPAMENTOS,SINALL COM E SERV DE MÁQUINAS LTDA,69.064.053/0001-72,"2.611,14",04/2018
 ARSELINO TATTO,MATERIAL DE ESCRITORIO E OUTROS MATERIAIS DE CONSUMO,CENTER PAPEIS COMERCIAL LTDA.,06.226.820/0001-82,"3.451,55",04/2018
 ARSELINO TATTO,TELEFONE MOVEL,TELEFONICA BRASIL S/A,02.558.157/0001-62,"191,46",04/2018
 ARSELINO TATTO,ASSINATURA DE JORNAIS E REVISTAS,S.A O ESTADO DE S. PAULO,61.533.949/0001-41,"104,90",05/2018
 ARSELINO TATTO,COMBUSTIVEL,POSTO DE SERVIÇOS ANTONIO PAES LTDA,62.409.305/0001-09,"1.776,28",05/2018
 ARSELINO TATTO,COMPOSIÇÃO/ARTE/DIAGRAMAÇÃO/PRODUÇÃO/IMPRESSAO GRAFICA,FÁBRICA SETE GRÁFICA E EDITORA LTDA - ME,00.651.238/0001-87,"2.921,00",05/2018
 ARSELINO TATTO,COMPOSIÇÃO/ARTE/DIAGRAMAÇÃO/PRODUÇÃO/IMPRESSAO GRAFICA,VISTAR PRESTAÇÃO DE SERVIÇOS DE DIGITAÇÃO LTDA ME,08.689.647/0001-84,"3.000,00",05/2018
 ARSELINO TATTO,COMPOSIÇÃO/ARTE/DIAGRAMAÇÃO/PRODUÇÃO/IMPRESSAO GRAFICA,ANDRE COSTA DESIGNER -ME,13.554.502/0001-06,"1.200,00",05/2018
 ARSELINO TATTO,ELABORAÇÃO/MANUTENÇAO DE SITE/HOSPEDAGEM,VISTAR PRESTAÇÃO DE SERVIÇOS DE DIGITAÇÃO LTDA ME,08.689.647/0001-84,"2.500,00",05/2018
 ARSELINO TATTO,INTERMEDIADO - CORREIOS,CAMARA MUNICIPAL DE SÃO PAULO,50.176.288/0001-28,"306,30",05/2018
 ARSELINO TATTO,INTERMEDIADO - LOCAÇÃO DE VEÍCULOS,CAMARA MUNICIPAL DE SÃO PAULO,50.176.288/0001-28,"2.148,45",05/2018
 ARSELINO TATTO,LOCAÇÃO DE MOVEIS E EQUIPAMENTOS,SINALL COM E SERV DE MÁQUINAS LTDA,69.064.053/0001-72,"3.903,27",05/2018
 ARSELINO TATTO,MATERIAL DE ESCRITORIO E OUTROS MATERIAIS DE CONSUMO,CENTER PAPEIS COMERCIAL LTDA.,06.226.820/0001-82,"3.884,95",05/2018
 ARSELINO TATTO,TELEFONE MOVEL,TELEFONICA BRASIL S/A,02.558.157/0001-62,"135,08",05/2018
 ARSELINO TATTO,ASSINATURA DE JORNAIS E REVISTAS,S.A O ESTADO DE S. PAULO,61.533.949/0001-41,"104,90",06/2018
 ARSELINO TATTO,COMBUSTIVEL,POSTO DE SERVIÇOS ANTONIO PAES LTDA,62.409.305/0001-09,"1.556,31",06/2018
 ARSELINO TATTO,COMPOSIÇÃO/ARTE/DIAGRAMAÇÃO/PRODUÇÃO/IMPRESSAO GRAFICA,FÁBRICA SETE GRÁFICA E EDITORA LTDA - ME,00.651.238/0001-87,"3.175,00",06/2018
 ARSELINO TATTO,COMPOSIÇÃO/ARTE/DIAGRAMAÇÃO/PRODUÇÃO/IMPRESSAO GRAFICA,VISTAR PRESTAÇÃO DE SERVIÇOS DE DIGITAÇÃO LTDA ME,08.689.647/0001-84,"3.000,00",06/2018
 ARSELINO TATTO,COMPOSIÇÃO/ARTE/DIAGRAMAÇÃO/PRODUÇÃO/IMPRESSAO GRAFICA,ANDRE COSTA DESIGNER -ME,13.554.502/0001-06,"1.200,00",06/2018
 ARSELINO TATTO,ELABORAÇÃO/MANUTENÇAO DE SITE/HOSPEDAGEM,VISTAR PRESTAÇÃO DE SERVIÇOS DE DIGITAÇÃO LTDA ME,08.689.647/0001-84,"2.500,00",06/2018
 ARSELINO TATTO,INTERMEDIADO - CORREIOS,CAMARA MUNICIPAL DE SÃO PAULO,50.176.288/0001-28,"252,30",06/2018
 ARSELINO TATTO,INTERMEDIADO - LOCAÇÃO DE VEÍCULOS,CAMARA MUNICIPAL DE SÃO PAULO,50.176.288/0001-28,"2.148,45",06/2018
 ARSELINO TATTO,LOCAÇÃO DE MOVEIS E EQUIPAMENTOS,SINALL COM E SERV DE MÁQUINAS LTDA,69.064.053/0001-72,"3.655,22",06/2018
 ARSELINO TATTO,MATERIAL DE ESCRITORIO E OUTROS MATERIAIS DE CONSUMO,CENTER PAPEIS COMERCIAL LTDA.,06.226.820/0001-82,"2.395,00",06/2018
 ARSELINO TATTO,MATERIAL DE ESCRITORIO E OUTROS MATERIAIS DE CONSUMO,NOVA VIDA PAPELARIA E COLETOR DIGITAL LTDA ME,25.321.968/0001-40,"1.644,90",06/2018
 ARSELINO TATTO,TELEFONE MOVEL,TELEFONICA BRASIL S/A,02.558.157/0001-62,"157,49",06/2018
 ARSELINO TATTO,ASSINATURA DE JORNAIS E REVISTAS,S.A O ESTADO DE S. PAULO,61.533.949/0001-41,"104,90",07/2018
 ARSELINO TATTO,COMBUSTIVEL,POSTO DE SERVIÇOS ANTONIO PAES LTDA,62.409.305/0001-09,"1.491,02",07/2018
 ARSELINO TATTO,COMPOSIÇÃO/ARTE/DIAGRAMAÇÃO/PRODUÇÃO/IMPRESSAO GRAFICA,FÁBRICA SETE GRÁFICA E EDITORA LTDA - ME,00.651.238/0001-87,"3.175,00",07/2018
 ARSELINO TATTO,COMPOSIÇÃO/ARTE/DIAGRAMAÇÃO/PRODUÇÃO/IMPRESSAO GRAFICA,VISTAR PRESTAÇÃO DE SERVIÇOS DE DIGITAÇÃO LTDA ME,08.689.647/0001-84,"3.000,00",07/2018
 ARSELINO TATTO,COMPOSIÇÃO/ARTE/DIAGRAMAÇÃO/PRODUÇÃO/IMPRESSAO GRAFICA,ANDRE COSTA DESIGNER -ME,13.554.502/0001-06,"1.200,00",07/2018
 ARSELINO TATTO,ELABORAÇÃO/MANUTENÇAO DE SITE/HOSPEDAGEM,VISTAR PRESTAÇÃO DE SERVIÇOS DE DIGITAÇÃO LTDA ME,08.689.647/0001-84,"2.500,00",07/2018
 ARSELINO TATTO,INTERMEDIADO - CORREIOS,CAMARA MUNICIPAL DE SÃO PAULO,50.176.288/0001-28,"231,97",07/2018
 ARSELINO TATTO,INTERMEDIADO - LOCAÇÃO DE VEÍCULOS,CAMARA MUNICIPAL DE SÃO PAULO,50.176.288/0001-28,"2.148,45",07/2018
 ARSELINO TATTO,LOCAÇÃO DE MOVEIS E EQUIPAMENTOS,SINALL COM E SERV DE MÁQUINAS LTDA,69.064.053/0001-72,"2.151,52",07/2018
 ARSELINO TATTO,MATERIAL DE ESCRITORIO E OUTROS MATERIAIS DE CONSUMO,CENTER PAPEIS COMERCIAL LTDA.,06.226.820/0001-82,"3.113,50",07/2018
 ARSELINO TATTO,MATERIAL DE ESCRITORIO E OUTROS MATERIAIS DE CONSUMO,NOVA VIDA PAPELARIA E COLETOR DIGITAL LTDA ME,25.321.968/0001-40,"1.618,20",07/2018
 ARSELINO TATTO,TELEFONE MOVEL,TELEFONICA BRASIL S/A,02.558.157/0001-62,"356,41",07/2018
 ARSELINO TATTO,ASSINATURA DE JORNAIS E REVISTAS,EMPRESA FOLHA DA MANHÃ S.A.,60.579.703/0031-63,"614,70",08/2018
 ARSELINO TATTO,ASSINATURA DE JORNAIS E REVISTAS,S.A O ESTADO DE S. PAULO,61.533.949/0001-41,"104,90",08/2018
 ARSELINO TATTO,COMBUSTIVEL,POSTO DE SERVIÇOS ANTONIO PAES LTDA,62.409.305/0001-09,"1.905,29",08/2018
 ARSELINO TATTO,COMPOSIÇÃO/ARTE/DIAGRAMAÇÃO/PRODUÇÃO/IMPRESSAO GRAFICA,FÁBRICA SETE GRÁFICA E EDITORA LTDA - ME,00.651.238/0001-87,"3.200,00",08/2018
 ARSELINO TATTO,COMPOSIÇÃO/ARTE/DIAGRAMAÇÃO/PRODUÇÃO/IMPRESSAO GRAFICA,VISTAR PRESTAÇÃO DE SERVIÇOS DE DIGITAÇÃO LTDA ME,08.689.647/0001-84,"3.000,00",08/2018
 ARSELINO TATTO,COMPOSIÇÃO/ARTE/DIAGRAMAÇÃO/PRODUÇÃO/IMPRESSAO GRAFICA,ANDRE COSTA DESIGNER -ME,13.554.502/0001-06,"1.200,00",08/2018
 ARSELINO TATTO,ELABORAÇÃO/MANUTENÇAO DE SITE/HOSPEDAGEM,VISTAR PRESTAÇÃO DE SERVIÇOS DE DIGITAÇÃO LTDA ME,08.689.647/0001-84,"2.500,00",08/2018
 ARSELINO TATTO,INTERMEDIADO - CORREIOS,CAMARA MUNICIPAL DE SÃO PAULO,50.176.288/0001-28,"320,80",08/2018
 ARSELINO TATTO,INTERMEDIADO - LOCAÇÃO DE VEÍCULOS,CAMARA MUNICIPAL DE SÃO PAULO,50.176.288/0001-28,"2.148,45",08/2018
 ARSELINO TATTO,LOCAÇÃO DE MOVEIS E EQUIPAMENTOS,SINALL COM E SERV DE MÁQUINAS LTDA,69.064.053/0001-72,"2.652,39",08/2018
 ARSELINO TATTO,MATERIAL DE ESCRITORIO E OUTROS MATERIAIS DE CONSUMO,CENTER PAPEIS COMERCIAL LTDA.,06.226.820/0001-82,"3.353,00",08/2018
 ARSELINO TATTO,MATERIAL DE ESCRITORIO E OUTROS MATERIAIS DE CONSUMO,NOVA VIDA PAPELARIA E COLETOR DIGITAL LTDA ME,25.321.968/0001-40,"1.341,30",08/2018
 ARSELINO TATTO,TELEFONE MOVEL,TELEFONICA BRASIL S/A,02.558.157/0001-62,"161,71",08/2018
 ARSELINO TATTO,ASSINATURA DE JORNAIS E REVISTAS,S.A O ESTADO DE S. PAULO,61.533.949/0001-41,"104,90",09/2018
 ARSELINO TATTO,COMBUSTIVEL,POSTO DE SERVIÇOS ANTONIO PAES LTDA,62.409.305/0001-09,"2.195,08",09/2018
 ARSELINO TATTO,COMPOSIÇÃO/ARTE/DIAGRAMAÇÃO/PRODUÇÃO/IMPRESSAO GRAFICA,FÁBRICA SETE GRÁFICA E EDITORA LTDA - ME,00.651.238/0001-87,"3.360,00",09/2018
 ARSELINO TATTO,COMPOSIÇÃO/ARTE/DIAGRAMAÇÃO/PRODUÇÃO/IMPRESSAO GRAFICA,VISTAR PRESTAÇÃO DE SERVIÇOS DE DIGITAÇÃO LTDA ME,08.689.647/0001-84,"3.000,00",09/2018
 ARSELINO TATTO,COMPOSIÇÃO/ARTE/DIAGRAMAÇÃO/PRODUÇÃO/IMPRESSAO GRAFICA,ANDRE COSTA DESIGNER -ME,13.554.502/0001-06,"1.200,00",09/2018
 ARSELINO TATTO,ELABORAÇÃO/MANUTENÇAO DE SITE/HOSPEDAGEM,VISTAR PRESTAÇÃO DE SERVIÇOS DE DIGITAÇÃO LTDA ME,08.689.647/0001-84,"2.500,00",09/2018
 ARSELINO TATTO,INTERMEDIADO - CORREIOS,CAMARA MUNICIPAL DE SÃO PAULO,50.176.288/0001-28,"512,30",09/2018
 ARSELINO TATTO,INTERMEDIADO - LOCAÇÃO DE VEÍCULOS,CAMARA MUNICIPAL DE SÃO PAULO,50.176.288/0001-28,"2.148,45",09/2018
 ARSELINO TATTO,LOCAÇÃO DE MOVEIS E EQUIPAMENTOS,SINALL COM E SERV DE MÁQUINAS LTDA,69.064.053/0001-72,"1.029,48",09/2018
 ARSELINO TATTO,MATERIAL DE ESCRITORIO E OUTROS MATERIAIS DE CONSUMO,CENTER PAPEIS COMERCIAL LTDA.,06.226.820/0001-82,"2.993,75",09/2018
 ARSELINO TATTO,TELEFONE MOVEL,TELEFONICA BRASIL S/A,02.558.157/0001-62,"127,73",09/2018
 ARSELINO TATTO,ASSINATURA DE JORNAIS E REVISTAS,S.A O ESTADO DE S. PAULO,61.533.949/0001-41,"104,90",10/2018
 ARSELINO TATTO,COMBUSTIVEL,POSTO DE SERVIÇOS ANTONIO PAES LTDA,62.409.305/0001-09,"2.237,76",10/2018
 ARSELINO TATTO,COMPOSIÇÃO/ARTE/DIAGRAMAÇÃO/PRODUÇÃO/IMPRESSAO GRAFICA,FÁBRICA SETE GRÁFICA E EDITORA LTDA - ME,00.651.238/0001-87,"3.360,00",10/2018
 ARSELINO TATTO,COMPOSIÇÃO/ARTE/DIAGRAMAÇÃO/PRODUÇÃO/IMPRESSAO GRAFICA,VISTAR PRESTAÇÃO DE SERVIÇOS DE DIGITAÇÃO LTDA ME,08.689.647/0001-84,"3.000,00",10/2018
 ARSELINO TATTO,COMPOSIÇÃO/ARTE/DIAGRAMAÇÃO/PRODUÇÃO/IMPRESSAO GRAFICA,ANDRE COSTA DESIGNER -ME,13.554.502/0001-06,"1.200,00",10/2018
 ARSELINO TATTO,ELABORAÇÃO/MANUTENÇAO DE SITE/HOSPEDAGEM,VISTAR PRESTAÇÃO DE SERVIÇOS DE DIGITAÇÃO LTDA ME,08.689.647/0001-84,"2.500,00",10/2018
 ARSELINO TATTO,INTERMEDIADO - CORREIOS,CAMARA MUNICIPAL DE SÃO PAULO,50.176.288/0001-28,"1.327,90",10/2018
 ARSELINO TATTO,INTERMEDIADO - LOCAÇÃO DE VEÍCULOS,CAMARA MUNICIPAL DE SÃO PAULO,50.176.288/0001-28,"2.148,45",10/2018
 ARSELINO TATTO,LOCAÇÃO DE MOVEIS E EQUIPAMENTOS,SINALL COM E SERV DE MÁQUINAS LTDA,69.064.053/0001-72,"2.377,38",10/2018
 ARSELINO TATTO,MATERIAL DE ESCRITORIO E OUTROS MATERIAIS DE CONSUMO,CENTER PAPEIS COMERCIAL LTDA.,06.226.820/0001-82,"3.209,30",10/2018
 ARSELINO TATTO,MATERIAL DE ESCRITORIO E OUTROS MATERIAIS DE CONSUMO,NOVA VIDA PAPELARIA E COLETOR DIGITAL LTDA ME,25.321.968/0001-40,"1.291,80",10/2018
 ARSELINO TATTO,TELEFONE MOVEL,TELEFONICA BRASIL S/A,02.558.157/0001-62,"161,98",10/2018
 ARSELINO TATTO,COMBUSTIVEL,POSTO DE SERVIÇOS ANTONIO PAES LTDA,62.409.305/0001-09,"1.877,62",11/2018
 ARSELINO TATTO,COMPOSIÇÃO/ARTE/DIAGRAMAÇÃO/PRODUÇÃO/IMPRESSAO GRAFICA,FÁBRICA SETE GRÁFICA E EDITORA LTDA - ME,00.651.238/0001-87,"3.360,00",11/2018
 ARSELINO TATTO,COMPOSIÇÃO/ARTE/DIAGRAMAÇÃO/PRODUÇÃO/IMPRESSAO GRAFICA,VISTAR PRESTAÇÃO DE SERVIÇOS DE DIGITAÇÃO LTDA ME,08.689.647/0001-84,"3.000,00",11/2018
 ARSELINO TATTO,COMPOSIÇÃO/ARTE/DIAGRAMAÇÃO/PRODUÇÃO/IMPRESSAO GRAFICA,ANDRE COSTA DESIGNER -ME,13.554.502/0001-06,"1.200,00",11/2018
 ARSELINO TATTO,ELABORAÇÃO/MANUTENÇAO DE SITE/HOSPEDAGEM,VISTAR PRESTAÇÃO DE SERVIÇOS DE DIGITAÇÃO LTDA ME,08.689.647/0001-84,"2.500,00",11/2018
 ARSELINO TATTO,INTERMEDIADO - CORREIOS,CAMARA MUNICIPAL DE SÃO PAULO,50.176.288/0001-28,"235,85",11/2018
 ARSELINO TATTO,INTERMEDIADO - LOCAÇÃO DE VEÍCULOS,CAMARA MUNICIPAL DE SÃO PAULO,50.176.288/0001-28,"2.148,45",11/2018
 ARSELINO TATTO,LOCAÇÃO DE MOVEIS E EQUIPAMENTOS,SINALL COM E SERV DE MÁQUINAS LTDA,69.064.053/0001-72,"1.029,48",11/2018
 ARSELINO TATTO,MATERIAL DE ESCRITORIO E OUTROS MATERIAIS DE CONSUMO,CENTER PAPEIS COMERCIAL LTDA.,06.226.820/0001-82,"4.149,50",11/2018
 ARSELINO TATTO,TELEFONE MOVEL,TELEFONICA BRASIL S/A,02.558.157/0001-62,"373,06",11/2018
 ARSELINO TATTO,COMBUSTIVEL,POSTO DE SERVIÇOS ANTONIO PAES LTDA,62.409.305/0001-09,"1.854,42",12/2018
 ARSELINO TATTO,COMPOSIÇÃO/ARTE/DIAGRAMAÇÃO/PRODUÇÃO/IMPRESSAO GRAFICA,FÁBRICA SETE GRÁFICA E EDITORA LTDA - ME,00.651.238/0001-87,"2.750,00",12/2018
 ARSELINO TATTO,COMPOSIÇÃO/ARTE/DIAGRAMAÇÃO/PRODUÇÃO/IMPRESSAO GRAFICA,VISTAR PRESTAÇÃO DE SERVIÇOS DE DIGITAÇÃO LTDA ME,08.689.647/0001-84,"3.000,00",12/2018
 ARSELINO TATTO,COMPOSIÇÃO/ARTE/DIAGRAMAÇÃO/PRODUÇÃO/IMPRESSAO GRAFICA,ANDRE COSTA DESIGNER -ME,13.554.502/0001-06,"1.200,00",12/2018
 ARSELINO TATTO,ELABORAÇÃO/MANUTENÇAO DE SITE/HOSPEDAGEM,VISTAR PRESTAÇÃO DE SERVIÇOS DE DIGITAÇÃO LTDA ME,08.689.647/0001-84,"2.500,00",12/2018
 ARSELINO TATTO,INTERMEDIADO - CORREIOS,CAMARA MUNICIPAL DE SÃO PAULO,50.176.288/0001-28,"125,92",12/2018
 ARSELINO TATTO,INTERMEDIADO - LOCAÇÃO DE VEÍCULOS,CAMARA MUNICIPAL DE SÃO PAULO,50.176.288/0001-28,"2.148,45",12/2018
 ARSELINO TATTO,LOCAÇÃO DE MOVEIS E EQUIPAMENTOS,SINALL COM E SERV DE MÁQUINAS LTDA,69.064.053/0001-72,"1.460,83",12/2018
 ARSELINO TATTO,MATERIAL DE ESCRITORIO E OUTROS MATERIAIS DE CONSUMO,CENTER PAPEIS COMERCIAL LTDA.,06.226.820/0001-82,"3.385,30",12/2018
 ARSELINO TATTO,TELEFONE MOVEL,TELEFONICA BRASIL S/A,02.558.157/0001-62,"175,29",12/2018
 ARSELINO TATTO,ASSINATURA DE JORNAIS E REVISTAS,S.A O ESTADO DE S. PAULO,61.533.949/0001-41,"104,90",01/2019
 ARSELINO TATTO,COMBUSTIVEL,POSTO DE SERVIÇOS ANTONIO PAES LTDA,62.409.305/0001-09,"1.758,71",01/2019
 ARSELINO TATTO,COMPOSIÇÃO/ARTE/DIAGRAMAÇÃO/PRODUÇÃO/IMPRESSAO GRAFICA,FÁBRICA SETE GRÁFICA E EDITORA LTDA - ME,00.651.238/0001-87,"3.000,00",01/2019
 ARSELINO TATTO,COMPOSIÇÃO/ARTE/DIAGRAMAÇÃO/PRODUÇÃO/IMPRESSAO GRAFICA,VISTAR PRESTAÇÃO DE SERVIÇOS DE DIGITAÇÃO LTDA ME,08.689.647/0001-84,"3.000,00",01/2019
 ARSELINO TATTO,COMPOSIÇÃO/ARTE/DIAGRAMAÇÃO/PRODUÇÃO/IMPRESSAO GRAFICA,ANDRE COSTA DESIGNER -ME,13.554.502/0001-06,"1.200,00",01/2019
 ARSELINO TATTO,ELABORAÇÃO/MANUTENÇAO DE SITE/HOSPEDAGEM,VISTAR PRESTAÇÃO DE SERVIÇOS DE DIGITAÇÃO LTDA ME,08.689.647/0001-84,"2.500,00",01/2019
 ARSELINO TATTO,INTERMEDIADO - CORREIOS,CAMARA MUNICIPAL DE SÃO PAULO,50.176.288/0001-28,"171,98",01/2019
 ARSELINO TATTO,INTERMEDIADO - LOCAÇÃO DE VEÍCULOS,CAMARA MUNICIPAL DE SÃO PAULO,50.176.288/0001-28,"2.199,17",01/2019
 ARSELINO TATTO,LOCAÇÃO DE MOVEIS E EQUIPAMENTOS,SINALL COM E SERV DE MÁQUINAS LTDA,69.064.053/0001-72,"1.029,48",01/2019
 ARSELINO TATTO,MATERIAL DE ESCRITORIO E OUTROS MATERIAIS DE CONSUMO,CENTER PAPEIS COMERCIAL LTDA.,06.226.820/0001-82,"3.619,45",01/2019
 ARSELINO TATTO,TELEFONE MOVEL,TELEFONICA BRASIL S/A,02.558.157/0001-62,"171,66",01/2019
 ARSELINO TATTO,COMBUSTIVEL,POSTO DE SERVIÇOS ANTONIO PAES LTDA,62.409.305/0001-09,"1.853,21",02/2019
 ARSELINO TATTO,COMPOSIÇÃO/ARTE/DIAGRAMAÇÃO/PRODUÇÃO/IMPRESSAO GRAFICA,VISTAR PRESTAÇÃO DE SERVIÇOS DE DIGITAÇÃO LTDA ME,08.689.647/0001-84,"3.000,00",02/2019
 ARSELINO TATTO,COMPOSIÇÃO/ARTE/DIAGRAMAÇÃO/PRODUÇÃO/IMPRESSAO GRAFICA,ANDRE COSTA DESIGNER -ME,13.554.502/0001-06,"1.200,00",02/2019
 ARSELINO TATTO,ELABORAÇÃO/MANUTENÇAO DE SITE/HOSPEDAGEM,VISTAR PRESTAÇÃO DE SERVIÇOS DE DIGITAÇÃO LTDA ME,08.689.647/0001-84,"2.500,00",02/2019
 ARSELINO TATTO,INTERMEDIADO - CORREIOS,CAMARA MUNICIPAL DE SÃO PAULO,50.176.288/0001-28,"267,45",02/2019
 ARSELINO TATTO,INTERMEDIADO - LOCAÇÃO DE VEÍCULOS,CAMARA MUNICIPAL DE SÃO PAULO,50.176.288/0001-28,"2.214,62",02/2019
 ARSELINO TATTO,LOCAÇÃO DE MOVEIS E EQUIPAMENTOS,SINALL COM E SERV DE MÁQUINAS LTDA,69.064.053/0001-72,"1.029,48",02/2019
 ARSELINO TATTO,MATERIAL DE ESCRITORIO E OUTROS MATERIAIS DE CONSUMO,CENTER PAPEIS COMERCIAL LTDA.,06.226.820/0001-82,"3.611,95",02/2019
 ARSELINO TATTO,TELEFONE MOVEL,TELEFONICA BRASIL S/A,02.558.157/0001-62,"300,91",02/2019
 ARSELINO TATTO,ASSINATURA DE JORNAIS E REVISTAS,EMPRESA FOLHA DA MANHÃ S.A.,60.579.703/0031-63,"671,70",03/2019
 ARSELINO TATTO,ASSINATURA DE JORNAIS E REVISTAS,S.A O ESTADO DE S. PAULO,61.533.949/0001-41,"104,90",03/2019
 ARSELINO TATTO,COMBUSTIVEL,POSTO DE SERVIÇOS ANTONIO PAES LTDA,62.409.305/0001-09,"1.768,16",03/2019
 ARSELINO TATTO,COMPOSIÇÃO/ARTE/DIAGRAMAÇÃO/PRODUÇÃO/IMPRESSAO GRAFICA,DIGRAF GRAFICA E EDITORA LTDA,03.188.474/0001-05,"5.500,00",03/2019
 ARSELINO TATTO,COMPOSIÇÃO/ARTE/DIAGRAMAÇÃO/PRODUÇÃO/IMPRESSAO GRAFICA,VISTAR PRESTAÇÃO DE SERVIÇOS DE DIGITAÇÃO LTDA ME,08.689.647/0001-84,"3.000,00",03/2019
 ARSELINO TATTO,COMPOSIÇÃO/ARTE/DIAGRAMAÇÃO/PRODUÇÃO/IMPRESSAO GRAFICA,ANDRE COSTA DESIGNER -ME,13.554.502/0001-06,"1.200,00",03/2019
 ARSELINO TATTO,ELABORAÇÃO/MANUTENÇAO DE SITE/HOSPEDAGEM,VISTAR PRESTAÇÃO DE SERVIÇOS DE DIGITAÇÃO LTDA ME,08.689.647/0001-84,"2.500,00",03/2019
 ARSELINO TATTO,INTERMEDIADO - CORREIOS,CAMARA MUNICIPAL DE SÃO PAULO,50.176.288/0001-28,"297,60",03/2019
 ARSELINO TATTO,INTERMEDIADO - LOCAÇÃO DE VEÍCULOS,CAMARA MUNICIPAL DE SÃO PAULO,50.176.288/0001-28,"2.214,62",03/2019
 ARSELINO TATTO,LOCAÇÃO DE MOVEIS E EQUIPAMENTOS,SINALL COM E SERV DE MÁQUINAS LTDA,69.064.053/0001-72,"1.445,70",03/2019
 ARSELINO TATTO,MATERIAL DE ESCRITORIO E OUTROS MATERIAIS DE CONSUMO,CENTER PAPEIS COMERCIAL LTDA.,06.226.820/0001-82,"4.496,10",03/2019
 ARSELINO TATTO,TELEFONE MOVEL,TELEFONICA BRASIL S/A,02.558.157/0001-62,"387,49",03/2019
 ARSELINO TATTO,COMBUSTIVEL,POSTO DE SERVIÇOS ANTONIO PAES LTDA,62.409.305/0001-09,"906,32",04/2019
 ARSELINO TATTO,COMPOSIÇÃO/ARTE/DIAGRAMAÇÃO/PRODUÇÃO/IMPRESSAO GRAFICA,DIGRAF GRAFICA E EDITORA LTDA,03.188.474/0001-05,"5.500,00",04/2019
 ARSELINO TATTO,COMPOSIÇÃO/ARTE/DIAGRAMAÇÃO/PRODUÇÃO/IMPRESSAO GRAFICA,VISTAR PRESTAÇÃO DE SERVIÇOS DE DIGITAÇÃO LTDA ME,08.689.647/0001-84,"3.000,00",04/2019
 ARSELINO TATTO,COMPOSIÇÃO/ARTE/DIAGRAMAÇÃO/PRODUÇÃO/IMPRESSAO GRAFICA,ANDRE COSTA DESIGNER -ME,13.554.502/0001-06,"1.200,00",04/2019
 ARSELINO TATTO,ELABORAÇÃO/MANUTENÇAO DE SITE/HOSPEDAGEM,VISTAR PRESTAÇÃO DE SERVIÇOS DE DIGITAÇÃO LTDA ME,08.689.647/0001-84,"2.500,00",04/2019
 ARSELINO TATTO,INTERMEDIADO - CORREIOS,CAMARA MUNICIPAL DE SÃO PAULO,50.176.288/0001-28,"448,47",04/2019
 ARSELINO TATTO,INTERMEDIADO - LOCAÇÃO DE VEÍCULOS,CAMARA MUNICIPAL DE SÃO PAULO,50.176.288/0001-28,"2.214,62",04/2019
 ARSELINO TATTO,LOCAÇÃO DE MOVEIS E EQUIPAMENTOS,SINALL COM E SERV DE MÁQUINAS LTDA,69.064.053/0001-72,"2.261,71",04/2019
 ARSELINO TATTO,MATERIAL DE ESCRITORIO E OUTROS MATERIAIS DE CONSUMO,CENTER PAPEIS COMERCIAL LTDA.,06.226.820/0001-82,"4.718,05",04/2019
 ARSELINO TATTO,TELEFONE MOVEL,TELEFONICA BRASIL S/A,02.558.157/0001-62,"213,00",04/2019
 ARSELINO TATTO,ASSINATURA DE JORNAIS E REVISTAS,S.A O ESTADO DE S. PAULO,61.533.949/0001-41,"119,90",05/2019
 ARSELINO TATTO,COMBUSTIVEL,POSTO DE SERVIÇOS ANTONIO PAES LTDA,62.409.305/0001-09,"1.878,75",05/2019
 ARSELINO TATTO,COMPOSIÇÃO/ARTE/DIAGRAMAÇÃO/PRODUÇÃO/IMPRESSAO GRAFICA,DIGRAF GRAFICA E EDITORA LTDA,03.188.474/0001-05,"5.500,00",05/2019
 ARSELINO TATTO,COMPOSIÇÃO/ARTE/DIAGRAMAÇÃO/PRODUÇÃO/IMPRESSAO GRAFICA,VISTAR PRESTAÇÃO DE SERVIÇOS DE DIGITAÇÃO LTDA ME,08.689.647/0001-84,"3.000,00",05/2019
 ARSELINO TATTO,COMPOSIÇÃO/ARTE/DIAGRAMAÇÃO/PRODUÇÃO/IMPRESSAO GRAFICA,ANDRE COSTA DESIGNER -ME,13.554.502/0001-06,"1.200,00",05/2019
 ARSELINO TATTO,ELABORAÇÃO/MANUTENÇAO DE SITE/HOSPEDAGEM,VISTAR PRESTAÇÃO DE SERVIÇOS DE DIGITAÇÃO LTDA ME,08.689.647/0001-84,"2.500,00",05/2019
 ARSELINO TATTO,INTERMEDIADO - CORREIOS,CAMARA MUNICIPAL DE SÃO PAULO,50.176.288/0001-28,"653,21",05/2019
 ARSELINO TATTO,INTERMEDIADO - LOCAÇÃO DE VEÍCULOS,CAMARA MUNICIPAL DE SÃO PAULO,50.176.288/0001-28,"2.214,62",05/2019
 ARSELINO TATTO,LOCAÇÃO DE MOVEIS E EQUIPAMENTOS,SINALL COM E SERV DE MÁQUINAS LTDA,69.064.053/0001-72,"2.381,35",05/2019
 ARSELINO TATTO,MATERIAL DE ESCRITORIO E OUTROS MATERIAIS DE CONSUMO,CENTER PAPEIS COMERCIAL LTDA.,06.226.820/0001-82,"4.598,15",05/2019
 ARSELINO TATTO,TELEFONE MOVEL,TELEFONICA BRASIL S/A,02.558.157/0001-62,"489,91",05/2019
 ARSELINO TATTO,ASSINATURA DE JORNAIS E REVISTAS,S.A O ESTADO DE S. PAULO,61.533.949/0001-41,"119,90",06/2019
 ARSELINO TATTO,COMBUSTIVEL,POSTO DE SERVIÇOS ANTONIO PAES LTDA,62.409.305/0001-09,"1.488,78",06/2019
 ARSELINO TATTO,COMPOSIÇÃO/ARTE/DIAGRAMAÇÃO/PRODUÇÃO/IMPRESSAO GRAFICA,DIGRAF GRAFICA E EDITORA LTDA,03.188.474/0001-05,"5.580,00",06/2019
 ARSELINO TATTO,COMPOSIÇÃO/ARTE/DIAGRAMAÇÃO/PRODUÇÃO/IMPRESSAO GRAFICA,VISTAR PRESTAÇÃO DE SERVIÇOS DE DIGITAÇÃO LTDA ME,08.689.647/0001-84,"3.000,00",06/2019
 ARSELINO TATTO,COMPOSIÇÃO/ARTE/DIAGRAMAÇÃO/PRODUÇÃO/IMPRESSAO GRAFICA,ANDRE COSTA DESIGNER -ME,13.554.502/0001-06,"1.200,00",06/2019
 ARSELINO TATTO,CONTRATAÇAO DE PESSOA JURIDICA,ELEFANTE DIGITAL MARKETING PROMOCIONAL LTDA ME,10.629.634/0001-61,"1.949,00",06/2019
 ARSELINO TATTO,ELABORAÇÃO/MANUTENÇAO DE SITE/HOSPEDAGEM,VISTAR PRESTAÇÃO DE SERVIÇOS DE DIGITAÇÃO LTDA ME,08.689.647/0001-84,"2.500,00",06/2019
 ARSELINO TATTO,INTERMEDIADO - CORREIOS,CAMARA MUNICIPAL DE SÃO PAULO,50.176.288/0001-28,"1.068,01",06/2019
 ARSELINO TATTO,INTERMEDIADO - LOCAÇÃO DE VEÍCULOS,CAMARA MUNICIPAL DE SÃO PAULO,50.176.288/0001-28,"2.214,62",06/2019
 ARSELINO TATTO,LOCAÇÃO DE MOVEIS E EQUIPAMENTOS,SINALL COM E SERV DE MÁQUINAS LTDA,69.064.053/0001-72,"3.392,91",06/2019
 ARSELINO TATTO,MATERIAL DE ESCRITORIO E OUTROS MATERIAIS DE CONSUMO,CENTER PAPEIS COMERCIAL LTDA.,06.226.820/0001-82,"4.512,95",06/2019
 ARSELINO TATTO,TELEFONE MOVEL,TELEFONICA BRASIL S/A,02.558.157/0001-62,"249,97",06/2019
 ARSELINO TATTO,COMBUSTIVEL,POSTO DE SERVIÇOS ANTONIO PAES LTDA,62.409.305/0001-09,"1.476,24",07/2019
 ARSELINO TATTO,COMPOSIÇÃO/ARTE/DIAGRAMAÇÃO/PRODUÇÃO/IMPRESSAO GRAFICA,DIGRAF GRAFICA E EDITORA LTDA,03.188.474/0001-05,"5.500,00",07/2019
 ARSELINO TATTO,COMPOSIÇÃO/ARTE/DIAGRAMAÇÃO/PRODUÇÃO/IMPRESSAO GRAFICA,VISTAR PRESTAÇÃO DE SERVIÇOS DE DIGITAÇÃO LTDA ME,08.689.647/0001-84,"3.000,00",07/2019
 ARSELINO TATTO,COMPOSIÇÃO/ARTE/DIAGRAMAÇÃO/PRODUÇÃO/IMPRESSAO GRAFICA,ANDRE COSTA DESIGNER -ME,13.554.502/0001-06,"1.200,00",07/2019
 ARSELINO TATTO,CONTRATAÇAO DE PESSOA JURIDICA,ELEFANTE DIGITAL MARKETING PROMOCIONAL LTDA ME,10.629.634/0001-61,"1.949,00",07/2019
 ARSELINO TATTO,CONTRATAÇAO DE PESSOA JURIDICA,FACEBOOK SERVICOS ON LINE DO BRASIL LTDA,13.347.016/0001-17,"323,09",07/2019
 ARSELINO TATTO,ELABORAÇÃO/MANUTENÇAO DE SITE/HOSPEDAGEM,VISTAR PRESTAÇÃO DE SERVIÇOS DE DIGITAÇÃO LTDA ME,08.689.647/0001-84,"2.500,00",07/2019
 ARSELINO TATTO,INTERMEDIADO - CORREIOS,CAMARA MUNICIPAL DE SÃO PAULO,50.176.288/0001-28,"530,40",07/2019
 ARSELINO TATTO,INTERMEDIADO - LOCAÇÃO DE VEÍCULOS,CAMARA MUNICIPAL DE SÃO PAULO,50.176.288/0001-28,"2.214,62",07/2019
 ARSELINO TATTO,LOCAÇÃO DE MOVEIS E EQUIPAMENTOS,SINALL COM E SERV DE MÁQUINAS LTDA,69.064.053/0001-72,"2.104,91",07/2019
 ARSELINO TATTO,MATERIAL DE ESCRITORIO E OUTROS MATERIAIS DE CONSUMO,CENTER PAPEIS COMERCIAL LTDA.,06.226.820/0001-82,"6.380,70",07/2019
 ARSELINO TATTO,TELEFONE MOVEL,TELEFONICA BRASIL S/A,02.558.157/0001-62,"171,08",07/2019
 ARSELINO TATTO,ASSINATURA DE JORNAIS E REVISTAS,EMPRESA FOLHA DA MANHÃ S.A.,60.579.703/0031-63,"177,28",08/2019
 ARSELINO TATTO,COMBUSTIVEL,POSTO DE SERVIÇOS ANTONIO PAES LTDA,62.409.305/0001-09,"2.033,06",08/2019
 ARSELINO TATTO,COMPOSIÇÃO/ARTE/DIAGRAMAÇÃO/PRODUÇÃO/IMPRESSAO GRAFICA,DIGRAF GRAFICA E EDITORA LTDA,03.188.474/0001-05,"5.500,00",08/2019
 ARSELINO TATTO,COMPOSIÇÃO/ARTE/DIAGRAMAÇÃO/PRODUÇÃO/IMPRESSAO GRAFICA,VISTAR PRESTAÇÃO DE SERVIÇOS DE DIGITAÇÃO LTDA ME,08.689.647/0001-84,"3.000,00",08/2019
 ARSELINO TATTO,COMPOSIÇÃO/ARTE/DIAGRAMAÇÃO/PRODUÇÃO/IMPRESSAO GRAFICA,ANDRE COSTA DESIGNER -ME,13.554.502/0001-06,"1.200,00",08/2019
 ARSELINO TATTO,CONTRATAÇAO DE PESSOA JURIDICA,ELEFANTE DIGITAL MARKETING PROMOCIONAL LTDA ME,10.629.634/0001-61,"1.949,00",08/2019
 ARSELINO TATTO,CONTRATAÇAO DE PESSOA JURIDICA,FACEBOOK SERVICOS ON LINE DO BRASIL LTDA,13.347.016/0001-17,"459,24",08/2019
 ARSELINO TATTO,ELABORAÇÃO/MANUTENÇAO DE SITE/HOSPEDAGEM,VISTAR PRESTAÇÃO DE SERVIÇOS DE DIGITAÇÃO LTDA ME,08.689.647/0001-84,"2.500,00",08/2019
 ARSELINO TATTO,INTERMEDIADO - CORREIOS,CAMARA MUNICIPAL DE SÃO PAULO,50.176.288/0001-28,"801,60",08/2019
 ARSELINO TATTO,INTERMEDIADO - LOCAÇÃO DE VEÍCULOS,CAMARA MUNICIPAL DE SÃO PAULO,50.176.288/0001-28,"2.214,62",08/2019
 ARSELINO TATTO,LOCAÇÃO DE MOVEIS E EQUIPAMENTOS,SINALL COM E SERV DE MÁQUINAS LTDA,69.064.053/0001-72,"3.264,23",08/2019
 ARSELINO TATTO,MATERIAL DE ESCRITORIO E OUTROS MATERIAIS DE CONSUMO,CENTER PAPEIS COMERCIAL LTDA.,06.226.820/0001-82,"6.546,05",08/2019
 ARSELINO TATTO,TELEFONE MOVEL,TELEFONICA BRASIL S/A,02.558.157/0001-62,"195,76",08/2019
 ARSELINO TATTO,COMBUSTIVEL,POSTO DE SERVIÇOS ANTONIO PAES LTDA,62.409.305/0001-09,"1.650,34",09/2019
 ARSELINO TATTO,COMPOSIÇÃO/ARTE/DIAGRAMAÇÃO/PRODUÇÃO/IMPRESSAO GRAFICA,DIGRAF GRAFICA E EDITORA LTDA,03.188.474/0001-05,"5.500,00",09/2019
 ARSELINO TATTO,COMPOSIÇÃO/ARTE/DIAGRAMAÇÃO/PRODUÇÃO/IMPRESSAO GRAFICA,VISTAR PRESTAÇÃO DE SERVIÇOS DE DIGITAÇÃO LTDA ME,08.689.647/0001-84,"3.000,00",09/2019
 ARSELINO TATTO,COMPOSIÇÃO/ARTE/DIAGRAMAÇÃO/PRODUÇÃO/IMPRESSAO GRAFICA,ANDRE COSTA DESIGNER -ME,13.554.502/0001-06,"1.800,00",09/2019
 ARSELINO TATTO,CONTRATAÇAO DE PESSOA JURIDICA,ELEFANTE DIGITAL MARKETING PROMOCIONAL LTDA ME,10.629.634/0001-61,"1.949,00",09/2019
 ARSELINO TATTO,CONTRATAÇAO DE PESSOA JURIDICA,FACEBOOK SERVICOS ON LINE DO BRASIL LTDA,13.347.016/0001-17,"244,45",09/2019
 ARSELINO TATTO,ELABORAÇÃO/MANUTENÇAO DE SITE/HOSPEDAGEM,VISTAR PRESTAÇÃO DE SERVIÇOS DE DIGITAÇÃO LTDA ME,08.689.647/0001-84,"2.500,00",09/2019
 ARSELINO TATTO,INTERMEDIADO - CORREIOS,CAMARA MUNICIPAL DE SÃO PAULO,50.176.288/0001-28,"265,05",09/2019
 ARSELINO TATTO,INTERMEDIADO - LOCAÇÃO DE VEÍCULOS,CAMARA MUNICIPAL DE SÃO PAULO,50.176.288/0001-28,"2.214,62",09/2019
 ARSELINO TATTO,LOCAÇÃO DE MOVEIS E EQUIPAMENTOS,SINALL COM E SERV DE MÁQUINAS LTDA,69.064.053/0001-72,"4.018,97",09/2019
 ARSELINO TATTO,MATERIAL DE ESCRITORIO E OUTROS MATERIAIS DE CONSUMO,CENTER PAPEIS COMERCIAL LTDA.,06.226.820/0001-82,"6.281,05",09/2019
 ARSELINO TATTO,TELEFONE MOVEL,TELEFONICA BRASIL S/A,02.558.157/0001-62,"192,59",09/2019
 ARSELINO TATTO,COMPOSIÇÃO/ARTE/DIAGRAMAÇÃO/PRODUÇÃO/IMPRESSAO GRAFICA,DIGRAF GRAFICA E EDITORA LTDA,03.188.474/0001-05,"5.500,00",10/2019
 ARSELINO TATTO,COMPOSIÇÃO/ARTE/DIAGRAMAÇÃO/PRODUÇÃO/IMPRESSAO GRAFICA,VISTAR PRESTAÇÃO DE SERVIÇOS DE DIGITAÇÃO LTDA ME,08.689.647/0001-84,"3.000,00",10/2019
 ARSELINO TATTO,COMPOSIÇÃO/ARTE/DIAGRAMAÇÃO/PRODUÇÃO/IMPRESSAO GRAFICA,ANDRE COSTA DESIGNER -ME,13.554.502/0001-06,"1.800,00",10/2019
 ARSELINO TATTO,CONTRATAÇAO DE PESSOA JURIDICA,ELEFANTE DIGITAL MARKETING PROMOCIONAL LTDA ME,10.629.634/0001-61,"1.949,00",10/2019
 ARSELINO TATTO,ELABORAÇÃO/MANUTENÇAO DE SITE/HOSPEDAGEM,VISTAR PRESTAÇÃO DE SERVIÇOS DE DIGITAÇÃO LTDA ME,08.689.647/0001-84,"2.500,00",10/2019
 ARSELINO TATTO,INTERMEDIADO - CORREIOS,CAMARA MUNICIPAL DE SÃO PAULO,50.176.288/0001-28,"514,65",10/2019
 ARSELINO TATTO,INTERMEDIADO - LOCAÇÃO DE VEÍCULOS,CAMARA MUNICIPAL DE SÃO PAULO,50.176.288/0001-28,"2.214,62",10/2019
 ARSELINO TATTO,LOCAÇÃO DE MOVEIS E EQUIPAMENTOS,SINALL COM E SERV DE MÁQUINAS LTDA,69.064.053/0001-72,"3.482,15",10/2019
 ARSELINO TATTO,MATERIAL DE ESCRITORIO E OUTROS MATERIAIS DE CONSUMO,CENTER PAPEIS COMERCIAL LTDA.,06.226.820/0001-82,"6.198,25",10/2019
 ARSELINO TATTO,TELEFONE MOVEL,TELEFONICA BRASIL S/A,02.558.157/0001-62,"202,55",10/2019
 ARSELINO TATTO,COMPOSIÇÃO/ARTE/DIAGRAMAÇÃO/PRODUÇÃO/IMPRESSAO GRAFICA,DIGRAF GRAFICA E EDITORA LTDA,03.188.474/0001-05,"5.500,00",11/2019
 ARSELINO TATTO,COMPOSIÇÃO/ARTE/DIAGRAMAÇÃO/PRODUÇÃO/IMPRESSAO GRAFICA,VISTAR PRESTAÇÃO DE SERVIÇOS DE DIGITAÇÃO LTDA ME,08.689.647/0001-84,"3.000,00",11/2019
 ARSELINO TATTO,COMPOSIÇÃO/ARTE/DIAGRAMAÇÃO/PRODUÇÃO/IMPRESSAO GRAFICA,ANDRE COSTA DESIGNER -ME,13.554.502/0001-06,"1.950,00",11/2019
 ARSELINO TATTO,CONTRATAÇAO DE PESSOA JURIDICA,ELEFANTE DIGITAL MARKETING PROMOCIONAL LTDA ME,10.629.634/0001-61,"1.796,82",11/2019
 ARSELINO TATTO,ELABORAÇÃO/MANUTENÇAO DE SITE/HOSPEDAGEM,VISTAR PRESTAÇÃO DE SERVIÇOS DE DIGITAÇÃO LTDA ME,08.689.647/0001-84,"2.500,00",11/2019
 ARSELINO TATTO,INTERMEDIADO - CORREIOS,CAMARA MUNICIPAL DE SÃO PAULO,50.176.288/0001-28,"231,45",11/2019
 ARSELINO TATTO,INTERMEDIADO - LOCAÇÃO DE VEÍCULOS,CAMARA MUNICIPAL DE SÃO PAULO,50.176.288/0001-28,"2.214,62",11/2019
 ARSELINO TATTO,LOCAÇÃO DE MOVEIS E EQUIPAMENTOS,SINALL COM E SERV DE MÁQUINAS LTDA,69.064.053/0001-72,"2.964,88",11/2019
 ARSELINO TATTO,MATERIAL DE ESCRITORIO E OUTROS MATERIAIS DE CONSUMO,CENTER PAPEIS COMERCIAL LTDA.,06.226.820/0001-82,"6.171,30",11/2019
 ARSELINO TATTO,COMBUSTIVEL,POSTO DE SERVIÇOS ANTONIO PAES LTDA,62.409.305/0001-09,"2.143,61",12/2019
 ARSELINO TATTO,COMPOSIÇÃO/ARTE/DIAGRAMAÇÃO/PRODUÇÃO/IMPRESSAO GRAFICA,VISTAR PRESTAÇÃO DE SERVIÇOS DE DIGITAÇÃO LTDA ME,08.689.647/0001-84,"3.000,00",12/2019
 ARSELINO TATTO,COMPOSIÇÃO/ARTE/DIAGRAMAÇÃO/PRODUÇÃO/IMPRESSAO GRAFICA,ANDRE COSTA DESIGNER -ME,13.554.502/0001-06,"1.800,00",12/2019
 ARSELINO TATTO,CONTRATAÇAO DE PESSOA JURIDICA,ELEFANTE DIGITAL MARKETING PROMOCIONAL LTDA ME,10.629.634/0001-61,"1.949,00",12/2019
 ARSELINO TATTO,CONTRATAÇAO DE PESSOA JURIDICA,FACEBOOK SERVICOS ON LINE DO BRASIL LTDA,13.347.016/0001-17,"581,02",12/2019
 ARSELINO TATTO,ELABORAÇÃO/MANUTENÇAO DE SITE/HOSPEDAGEM,VISTAR PRESTAÇÃO DE SERVIÇOS DE DIGITAÇÃO LTDA ME,08.689.647/0001-84,"2.500,00",12/2019
 ARSELINO TATTO,INTERMEDIADO - CORREIOS,CAMARA MUNICIPAL DE SÃO PAULO,50.176.288/0001-28,"219,87",12/2019
 ARSELINO TATTO,INTERMEDIADO - LOCAÇÃO DE VEÍCULOS,CAMARA MUNICIPAL DE SÃO PAULO,50.176.288/0001-28,"2.214,62",12/2019
 ARSELINO TATTO,LOCAÇÃO DE MOVEIS E EQUIPAMENTOS,SINALL COM E SERV DE MÁQUINAS LTDA,69.064.053/0001-72,"1.360,40",12/2019
 ARSELINO TATTO,MATERIAL DE ESCRITORIO E OUTROS MATERIAIS DE CONSUMO,CENTER PAPEIS COMERCIAL LTDA.,06.226.820/0001-82,"6.098,30",12/2019
 ARSELINO TATTO,TELEFONE MOVEL,TELEFONICA BRASIL S/A,02.558.157/0001-62,"189,99",12/2019
 ARSELINO TATTO,COMBUSTIVEL,POSTO DE SERVIÇOS ANTONIO PAES LTDA,62.409.305/0001-09,"2.102,16",01/2020
 ARSELINO TATTO,COMPOSIÇÃO/ARTE/DIAGRAMAÇÃO/PRODUÇÃO/IMPRESSAO GRAFICA,DIGRAF GRAFICA E EDITORA LTDA,03.188.474/0001-05,"5.192,78",01/2020
 ARSELINO TATTO,COMPOSIÇÃO/ARTE/DIAGRAMAÇÃO/PRODUÇÃO/IMPRESSAO GRAFICA,VISTAR PRESTAÇÃO DE SERVIÇOS DE DIGITAÇÃO LTDA ME,08.689.647/0001-84,"3.000,00",01/2020
 ARSELINO TATTO,CONTRATAÇAO DE PESSOA JURIDICA,ELEFANTE DIGITAL MARKETING PROMOCIONAL LTDA ME,10.629.634/0001-61,"1.949,00",01/2020
 ARSELINO TATTO,CONTRATAÇAO DE PESSOA JURIDICA,FACEBOOK SERVICOS ON LINE DO BRASIL LTDA,13.347.016/0001-17,"420,01",01/2020
 ARSELINO TATTO,ELABORAÇÃO/MANUTENÇAO DE SITE/HOSPEDAGEM,VISTAR PRESTAÇÃO DE SERVIÇOS DE DIGITAÇÃO LTDA ME,08.689.647/0001-84,"2.500,00",01/2020
 ARSELINO TATTO,INTERMEDIADO - CORREIOS,CAMARA MUNICIPAL DE SÃO PAULO,50.176.288/0001-28,"385,39",01/2020
 ARSELINO TATTO,INTERMEDIADO - LOCAÇÃO DE VEÍCULOS,CAMARA MUNICIPAL DE SÃO PAULO,50.176.288/0001-28,"2.249,41",01/2020
 ARSELINO TATTO,LOCAÇÃO DE MOVEIS E EQUIPAMENTOS,SINALL COM E SERV DE MÁQUINAS LTDA,69.064.053/0001-72,"1.108,32",01/2020
 ARSELINO TATTO,MATERIAL DE ESCRITORIO E OUTROS MATERIAIS DE CONSUMO,CENTER PAPEIS COMERCIAL LTDA.,06.226.820/0001-82,"4.096,50",01/2020
 ARSELINO TATTO,TELEFONE MOVEL,TELEFONICA BRASIL S/A,02.558.157/0001-62,"229,98",01/2020
 ARSELINO TATTO,COMBUSTIVEL,POSTO DE SERVIÇOS ANTONIO PAES LTDA,62.409.305/0001-09,"1.794,32",02/2020
 ARSELINO TATTO,COMPOSIÇÃO/ARTE/DIAGRAMAÇÃO/PRODUÇÃO/IMPRESSAO GRAFICA,DIGRAF GRAFICA E EDITORA LTDA,03.188.474/0001-05,"5.500,00",02/2020
 ARSELINO TATTO,COMPOSIÇÃO/ARTE/DIAGRAMAÇÃO/PRODUÇÃO/IMPRESSAO GRAFICA,VISTAR PRESTAÇÃO DE SERVIÇOS DE DIGITAÇÃO LTDA ME,08.689.647/0001-84,"3.000,00",02/2020
 ARSELINO TATTO,COMPOSIÇÃO/ARTE/DIAGRAMAÇÃO/PRODUÇÃO/IMPRESSAO GRAFICA,ANDRE COSTA DESIGNER -ME,13.554.502/0001-06,"1.800,00",02/2020
 ARSELINO TATTO,CONTRATAÇAO DE PESSOA JURIDICA,VISTAR PRESTAÇÃO DE SERVIÇOS DE DIGITAÇÃO LTDA ME,08.689.647/0001-84,"1.800,00",02/2020
 ARSELINO TATTO,CONTRATAÇAO DE PESSOA JURIDICA,ELEFANTE DIGITAL MARKETING PROMOCIONAL LTDA ME,10.629.634/0001-61,"1.949,00",02/2020
 ARSELINO TATTO,ELABORAÇÃO/MANUTENÇAO DE SITE/HOSPEDAGEM,VISTAR PRESTAÇÃO DE SERVIÇOS DE DIGITAÇÃO LTDA ME,08.689.647/0001-84,"2.500,00",02/2020
 ARSELINO TATTO,INTERMEDIADO - CORREIOS,CAMARA MUNICIPAL DE SÃO PAULO,50.176.288/0001-28,"401,55",02/2020
 ARSELINO TATTO,INTERMEDIADO - LOCAÇÃO DE VEÍCULOS,CAMARA MUNICIPAL DE SÃO PAULO,50.176.288/0001-28,"1.958,67",02/2020
 ARSELINO TATTO,INTERMEDIADO - LOCAÇÃO VEICULOS HIBRIDOS,CAMARA MUNICIPAL DE SÃO PAULO,50.176.288/0001-28,"640,00",02/2020
 ARSELINO TATTO,LOCAÇÃO DE MOVEIS E EQUIPAMENTOS,SINALL COM E SERV DE MÁQUINAS LTDA,69.064.053/0001-72,"1.108,32",02/2020
 ARSELINO TATTO,MATERIAL DE ESCRITORIO E OUTROS MATERIAIS DE CONSUMO,CENTER PAPEIS COMERCIAL LTDA.,06.226.820/0001-82,"5.769,05",02/2020
 ARSELINO TATTO,TELEFONE MOVEL,TELEFONICA BRASIL S/A,02.558.157/0001-62,"314,30",02/2020
 ARSELINO TATTO,COMBUSTIVEL,POSTO DE SERVIÇOS ANTONIO PAES LTDA,62.409.305/0001-09,"1.253,45",03/2020
 ARSELINO TATTO,COMPOSIÇÃO/ARTE/DIAGRAMAÇÃO/PRODUÇÃO/IMPRESSAO GRAFICA,VISTAR PRESTAÇÃO DE SERVIÇOS DE DIGITAÇÃO LTDA ME,08.689.647/0001-84,"3.000,00",03/2020
 ARSELINO TATTO,COMPOSIÇÃO/ARTE/DIAGRAMAÇÃO/PRODUÇÃO/IMPRESSAO GRAFICA,ANDRE COSTA DESIGNER -ME,13.554.502/0001-06,"1.800,00",03/2020
 ARSELINO TATTO,CONTRATAÇAO DE PESSOA JURIDICA,ELEFANTE DIGITAL MARKETING PROMOCIONAL LTDA ME,10.629.634/0001-61,"1.949,00",03/2020
 ARSELINO TATTO,ELABORAÇÃO/MANUTENÇAO DE SITE/HOSPEDAGEM,VISTAR PRESTAÇÃO DE SERVIÇOS DE DIGITAÇÃO LTDA ME,08.689.647/0001-84,"2.500,00",03/2020
 ARSELINO TATTO,INTERMEDIADO - CORREIOS,CAMARA MUNICIPAL DE SÃO PAULO,50.176.288/0001-28,"172,20",03/2020
 ARSELINO TATTO,INTERMEDIADO - LOCAÇÃO VEICULOS HIBRIDOS,CAMARA MUNICIPAL DE SÃO PAULO,50.176.288/0001-28,"4.800,00",03/2020
 ARSELINO TATTO,LOCAÇÃO DE MOVEIS E EQUIPAMENTOS,SINALL COM E SERV DE MÁQUINAS LTDA,69.064.053/0001-72,"2.216,64",03/2020
 ARSELINO TATTO,MATERIAL DE ESCRITORIO E OUTROS MATERIAIS DE CONSUMO,CENTER PAPEIS COMERCIAL LTDA.,06.226.820/0001-82,"4.111,90",03/2020
 ARSELINO TATTO,TELEFONE MOVEL,TELEFONICA BRASIL S/A,02.558.157/0001-62,"189,99",03/2020
 ARSELINO TATTO,COMBUSTIVEL,POSTO DE SERVIÇOS ANTONIO PAES LTDA,62.409.305/0001-09,"1.551,19",04/2020
 ARSELINO TATTO,COMPOSIÇÃO/ARTE/DIAGRAMAÇÃO/PRODUÇÃO/IMPRESSAO GRAFICA,VISTAR PRESTAÇÃO DE SERVIÇOS DE DIGITAÇÃO LTDA ME,08.689.647/0001-84,"3.000,00",04/2020
 ARSELINO TATTO,COMPOSIÇÃO/ARTE/DIAGRAMAÇÃO/PRODUÇÃO/IMPRESSAO GRAFICA,EDUARDO RAMOS COSTA 22815221802,29.619.150/0001-60,"1.800,00",04/2020
 ARSELINO TATTO,ELABORAÇÃO/MANUTENÇAO DE SITE/HOSPEDAGEM,VISTAR PRESTAÇÃO DE SERVIÇOS DE DIGITAÇÃO LTDA ME,08.689.647/0001-84,"2.500,00",04/2020
 ARSELINO TATTO,INTERMEDIADO - LOCAÇÃO VEICULOS HIBRIDOS,CAMARA MUNICIPAL DE SÃO PAULO,50.176.288/0001-28,"4.800,00",04/2020
 ARSELINO TATTO,LOCAÇÃO DE MOVEIS E EQUIPAMENTOS,SINALL COM E SERV DE MÁQUINAS LTDA,69.064.053/0001-72,"2.216,64",04/2020
