 TONINHO PAIVA,COMBUSTIVEL,CENTRO AUTOMOTIVO FENIX LTDA,00.533.599/0001-29,"1.148,96",01/2017
 TONINHO PAIVA,COMPOSI츒/ARTE/DIAGRAMA츒/PRODU츒/IMPRESSAO GRAFICA,ARTE LU E RO GRAFICA EIRELI,18.588.528/0001-99,"1.248,66",01/2017
 TONINHO PAIVA,COMPOSI츒/ARTE/DIAGRAMA츒/PRODU츒/IMPRESSAO GRAFICA,MILTON LAFALCE  JUNIOR,21.958.147/0001-69,"297,30",01/2017
 TONINHO PAIVA,CONTRATA큐O DE PESSOA JURIDICA,WORK LINE SYSTEM INFORM쳆ICA LTDA,67.002.329/0001-62,"3.484,36",01/2017
 TONINHO PAIVA,ELABORA츒/MANUTEN큐O DE SITE/HOSPEDAGEM,SPT SERVI큞S EMPRESARIAIS LTDA EPP,14.419.909/0001-93,"3.829,23",01/2017
 TONINHO PAIVA,INTERMEDIADO - CORREIOS,CAMARA MUNICIPAL DE S츒 PAULO,50.176.288/0001-28,"5.704,16",01/2017
 TONINHO PAIVA,INTERMEDIADO - LOCA츒 DE VE펚ULOS,CAMARA MUNICIPAL DE S츒 PAULO,50.176.288/0001-28,"2.058,08",01/2017
 TONINHO PAIVA,LOCA츒 DE MOVEIS E EQUIPAMENTOS,SOLUTION AUTOMA츒 EMPRESARIAL LTDA,39.006.762/0001-30,"400,00",01/2017
 TONINHO PAIVA,MATERIAL DE ESCRITORIO E OUTROS MATERIAIS DE CONSUMO,NOVA VIDA PAPELARIA E COLETOR DIGITAL LTDA ME,25.321.968/0001-40,"1.474,30",01/2017
 TONINHO PAIVA,MATERIAL DE ESCRITORIO E OUTROS MATERIAIS DE CONSUMO,PAPELARIA ESTAD츒 LTDA.,62.067.384/0001-17,"534,20",01/2017
 TONINHO PAIVA,TELEFONE FIXO,TELEFONICA BRASIL S/A,02.558.157/0001-62,"362,71",01/2017
 TONINHO PAIVA,TELEFONE MOVEL,TELEFONICA BRASIL S/A,02.558.157/0001-62,"411,27",01/2017
 TONINHO PAIVA,COMBUSTIVEL,CENTRO AUTOMOTIVO FENIX LTDA,00.533.599/0001-29,"1.222,16",02/2017
 TONINHO PAIVA,COMPOSI츒/ARTE/DIAGRAMA츒/PRODU츒/IMPRESSAO GRAFICA,ARTE LU E RO GRAFICA EIRELI,18.588.528/0001-99,"1.863,08",02/2017
 TONINHO PAIVA,CONTRATA큐O DE PESSOA JURIDICA,VALIENTE RODRIGUES SOCIEDADE INDIVIDUAL DE ADVOCACIA EIRELI,24.779.279/0001-11,"5.500,05",02/2017
 TONINHO PAIVA,CONTRATA큐O DE PESSOA JURIDICA,WORK LINE SYSTEM INFORM쳆ICA LTDA,67.002.329/0001-62,"931,54",02/2017
 TONINHO PAIVA,INTERMEDIADO - CORREIOS,CAMARA MUNICIPAL DE S츒 PAULO,50.176.288/0001-28,"7.678,42",02/2017
 TONINHO PAIVA,INTERMEDIADO - LOCA츒 DE VE펚ULOS,CAMARA MUNICIPAL DE S츒 PAULO,50.176.288/0001-28,"2.101,17",02/2017
 TONINHO PAIVA,LOCA츒 DE MOVEIS E EQUIPAMENTOS,SOLUTION AUTOMA츒 EMPRESARIAL LTDA,39.006.762/0001-30,"428,68",02/2017
 TONINHO PAIVA,MATERIAL DE ESCRITORIO E OUTROS MATERIAIS DE CONSUMO,PRINTER INK DO BRASIL LTDA. - E.P.P.,00.024.933/0001-19,"824,00",02/2017
 TONINHO PAIVA,MATERIAL DE ESCRITORIO E OUTROS MATERIAIS DE CONSUMO,NOVA VIDA PAPELARIA E COLETOR DIGITAL LTDA ME,25.321.968/0001-40,"1.912,50",02/2017
 TONINHO PAIVA,MATERIAL DE ESCRITORIO E OUTROS MATERIAIS DE CONSUMO,KALUNGA COMRCIO INDUSTRIA GR첹ICA LTDA,43.283.811/0139-95,"128,60",02/2017
 TONINHO PAIVA,TELEFONE FIXO,TELEFONICA BRASIL S/A,02.558.157/0001-62,"212,66",02/2017
 TONINHO PAIVA,TELEFONE MOVEL,TELEFONICA BRASIL S/A,02.558.157/0001-62,"374,55",02/2017
 TONINHO PAIVA,COMBUSTIVEL,CENTRO AUTOMOTIVO FENIX LTDA,00.533.599/0001-29,"1.371,08",03/2017
 TONINHO PAIVA,COMPOSI츒/ARTE/DIAGRAMA츒/PRODU츒/IMPRESSAO GRAFICA,MILTON LAFALCE  JUNIOR,21.958.147/0001-69,"2.500,00",03/2017
 TONINHO PAIVA,CONTRATA큐O DE PESSOA JURIDICA,WORK LINE SYSTEM INFORM쳆ICA LTDA,67.002.329/0001-62,"2.412,00",03/2017
 TONINHO PAIVA,ELABORA츒/MANUTEN큐O DE SITE/HOSPEDAGEM,DANIELA PIRES ZECCHINI -ME,24.616.561/0001-88,"834,00",03/2017
 TONINHO PAIVA,EVENTOS/SEMINARIOS,ARTE LU E RO GRAFICA EIRELI,18.588.528/0001-99,"3.750,00",03/2017
 TONINHO PAIVA,INTERMEDIADO - CORREIOS,CAMARA MUNICIPAL DE S츒 PAULO,50.176.288/0001-28,"5.897,65",03/2017
 TONINHO PAIVA,INTERMEDIADO - LOCA츒 DE VE펚ULOS,CAMARA MUNICIPAL DE S츒 PAULO,50.176.288/0001-28,"2.101,17",03/2017
 TONINHO PAIVA,LOCA츒 DE MOVEIS E EQUIPAMENTOS,SOLUTION AUTOMA츒 EMPRESARIAL LTDA,39.006.762/0001-30,"428,68",03/2017
 TONINHO PAIVA,MATERIAL DE ESCRITORIO E OUTROS MATERIAIS DE CONSUMO,KALUNGA COMRCIO INDUSTRIA GR첹ICA LTDA,43.283.811/0139-95,"112,60",03/2017
 TONINHO PAIVA,MATERIAL DE ESCRITORIO E OUTROS MATERIAIS DE CONSUMO,PAPELARIA ESTAD츒 LTDA.,62.067.384/0001-17,"358,00",03/2017
 TONINHO PAIVA,TELEFONE MOVEL,TELEFONICA BRASIL S/A,02.558.157/0001-62,"370,59",03/2017
 TONINHO PAIVA,COMBUSTIVEL,CENTRO AUTOMOTIVO FENIX LTDA,00.533.599/0001-29,"1.143,70",04/2017
 TONINHO PAIVA,CONTRATA큐O DE PESSOA JURIDICA,INFOPLUS INFORMACOES CADASTRAIS E ANALISE DE CREDITO EIRELI,00.119.393/0001-57,"1.500,00",04/2017
 TONINHO PAIVA,CONTRATA큐O DE PESSOA JURIDICA,VALIENTE RODRIGUES SOCIEDADE INDIVIDUAL DE ADVOCACIA EIRELI,24.779.279/0001-11,"6.500,00",04/2017
 TONINHO PAIVA,ELABORA츒/MANUTEN큐O DE SITE/HOSPEDAGEM,DANIELA PIRES ZECCHINI -ME,24.616.561/0001-88,"834,00",04/2017
 TONINHO PAIVA,EVENTOS/SEMINARIOS,ARTE LU E RO GRAFICA EIRELI,18.588.528/0001-99,"1.775,00",04/2017
 TONINHO PAIVA,INTERMEDIADO - CORREIOS,CAMARA MUNICIPAL DE S츒 PAULO,50.176.288/0001-28,"4.665,08",04/2017
 TONINHO PAIVA,INTERMEDIADO - LOCA츒 DE VE펚ULOS,CAMARA MUNICIPAL DE S츒 PAULO,50.176.288/0001-28,"2.101,17",04/2017
 TONINHO PAIVA,LOCA츒 DE MOVEIS E EQUIPAMENTOS,SOLUTION AUTOMA츒 EMPRESARIAL LTDA,39.006.762/0001-30,"428,68",04/2017
 TONINHO PAIVA,MATERIAL DE ESCRITORIO E OUTROS MATERIAIS DE CONSUMO,NOVA VIDA PAPELARIA E COLETOR DIGITAL LTDA ME,25.321.968/0001-40,"1.686,00",04/2017
 TONINHO PAIVA,MATERIAL DE ESCRITORIO E OUTROS MATERIAIS DE CONSUMO,KALUNGA COMRCIO INDUSTRIA GR첹ICA LTDA,43.283.811/0139-95,"128,60",04/2017
 TONINHO PAIVA,MATERIAL DE ESCRITORIO E OUTROS MATERIAIS DE CONSUMO,PAPELARIA ESTAD츒 LTDA.,62.067.384/0001-17,"771,60",04/2017
 TONINHO PAIVA,TELEFONE FIXO,TELEFONICA BRASIL S/A,02.558.157/0001-62,"247,62",04/2017
 TONINHO PAIVA,TELEFONE MOVEL,TELEFONICA BRASIL S/A,02.558.157/0001-62,"373,07",04/2017
 TONINHO PAIVA,COMBUSTIVEL,CENTRO AUTOMOTIVO FENIX LTDA,00.533.599/0001-29,"1.117,14",05/2017
 TONINHO PAIVA,COMPOSI츒/ARTE/DIAGRAMA츒/PRODU츒/IMPRESSAO GRAFICA,MILTON LAFALCE  JUNIOR,21.958.147/0001-69,"3.500,00",05/2017
 TONINHO PAIVA,CONTRATA큐O DE PESSOA JURIDICA,WORK LINE SYSTEM INFORM쳆ICA LTDA,67.002.329/0001-62,"940,00",05/2017
 TONINHO PAIVA,ELABORA츒/MANUTEN큐O DE SITE/HOSPEDAGEM,SPT SERVI큞S EMPRESARIAIS LTDA EPP,14.419.909/0001-93,"2.392,00",05/2017
 TONINHO PAIVA,ELABORA츒/MANUTEN큐O DE SITE/HOSPEDAGEM,DANIELA PIRES ZECCHINI -ME,24.616.561/0001-88,"834,00",05/2017
 TONINHO PAIVA,EVENTOS/SEMINARIOS,ARTE LU E RO GRAFICA EIRELI,18.588.528/0001-99,"2.915,00",05/2017
 TONINHO PAIVA,INTERMEDIADO - CORREIOS,CAMARA MUNICIPAL DE S츒 PAULO,50.176.288/0001-28,"5.922,78",05/2017
 TONINHO PAIVA,INTERMEDIADO - LOCA츒 DE VE펚ULOS,CAMARA MUNICIPAL DE S츒 PAULO,50.176.288/0001-28,"2.101,17",05/2017
 TONINHO PAIVA,MATERIAL DE ESCRITORIO E OUTROS MATERIAIS DE CONSUMO,PRINTER SUPPORT DO BRASIL LOCAES LTDA,10.563.779/0001-07,"1.954,00",05/2017
 TONINHO PAIVA,MATERIAL DE ESCRITORIO E OUTROS MATERIAIS DE CONSUMO,PAPELARIA ESTAD츒 LTDA.,62.067.384/0001-17,"375,15",05/2017
 TONINHO PAIVA,TELEFONE FIXO,TELEFONICA BRASIL S/A,02.558.157/0001-62,"223,56",05/2017
 TONINHO PAIVA,TELEFONE MOVEL,TELEFONICA BRASIL S/A,02.558.157/0001-62,"380,89",05/2017
 TONINHO PAIVA,COMBUSTIVEL,CENTRO AUTOMOTIVO FENIX LTDA,00.533.599/0001-29,"938,74",06/2017
 TONINHO PAIVA,COMPOSI츒/ARTE/DIAGRAMA츒/PRODU츒/IMPRESSAO GRAFICA,MILTON LAFALCE  JUNIOR,21.958.147/0001-69,"4.000,00",06/2017
 TONINHO PAIVA,CONTRATA큐O DE PESSOA JURIDICA,VALIENTE RODRIGUES SOCIEDADE INDIVIDUAL DE ADVOCACIA EIRELI,24.779.279/0001-11,"5.600,00",06/2017
 TONINHO PAIVA,CONTRATA큐O DE PESSOA JURIDICA,WORK LINE SYSTEM INFORM쳆ICA LTDA,67.002.329/0001-62,"940,00",06/2017
 TONINHO PAIVA,ELABORA츒/MANUTEN큐O DE SITE/HOSPEDAGEM,SPT SERVI큞S EMPRESARIAIS LTDA EPP,14.419.909/0001-93,"4.140,00",06/2017
 TONINHO PAIVA,INTERMEDIADO - CORREIOS,CAMARA MUNICIPAL DE S츒 PAULO,50.176.288/0001-28,"5.908,19",06/2017
 TONINHO PAIVA,INTERMEDIADO - LOCA츒 DE VE펚ULOS,CAMARA MUNICIPAL DE S츒 PAULO,50.176.288/0001-28,"2.101,17",06/2017
 TONINHO PAIVA,LOCA츒 DE MOVEIS E EQUIPAMENTOS,SOLUTION AUTOMA츒 EMPRESARIAL LTDA,39.006.762/0001-30,"446,61",06/2017
 TONINHO PAIVA,MATERIAL DE ESCRITORIO E OUTROS MATERIAIS DE CONSUMO,NOVA VIDA PAPELARIA E COLETOR DIGITAL LTDA ME,25.321.968/0001-40,"2.970,00",06/2017
 TONINHO PAIVA,MATERIAL DE ESCRITORIO E OUTROS MATERIAIS DE CONSUMO,KALUNGA COMRCIO INDUSTRIA GR첹ICA LTDA,43.283.811/0139-95,"128,60",06/2017
 TONINHO PAIVA,MATERIAL DE ESCRITORIO E OUTROS MATERIAIS DE CONSUMO,PAPELARIA ESTAD츒 LTDA.,62.067.384/0001-17,"1.096,90",06/2017
 TONINHO PAIVA,TELEFONE FIXO,TELEFONICA BRASIL S/A,02.558.157/0001-62,"217,61",06/2017
 TONINHO PAIVA,TELEFONE MOVEL,TELEFONICA BRASIL S/A,02.558.157/0001-62,"430,51",06/2017
 TONINHO PAIVA,COMBUSTIVEL,CENTRO AUTOMOTIVO FENIX LTDA,00.533.599/0001-29,"867,48",07/2017
 TONINHO PAIVA,COMPOSI츒/ARTE/DIAGRAMA츒/PRODU츒/IMPRESSAO GRAFICA,MILTON LAFALCE  JUNIOR,21.958.147/0001-69,"2.750,00",07/2017
 TONINHO PAIVA,CONTRATA큐O DE PESSOA JURIDICA,WORK LINE SYSTEM INFORM쳆ICA LTDA,67.002.329/0001-62,"4.344,00",07/2017
 TONINHO PAIVA,INTERMEDIADO - CORREIOS,CAMARA MUNICIPAL DE S츒 PAULO,50.176.288/0001-28,"3.598,07",07/2017
 TONINHO PAIVA,INTERMEDIADO - LOCA츒 DE VE펚ULOS,CAMARA MUNICIPAL DE S츒 PAULO,50.176.288/0001-28,"2.101,17",07/2017
 TONINHO PAIVA,LOCA츒 DE MOVEIS E EQUIPAMENTOS,SOLUTION AUTOMA츒 EMPRESARIAL LTDA,39.006.762/0001-30,"428,68",07/2017
 TONINHO PAIVA,MATERIAL DE ESCRITORIO E OUTROS MATERIAIS DE CONSUMO,HWA JOON LEE ME,15.028.158/0001-47,"197,96",07/2017
 TONINHO PAIVA,MATERIAL DE ESCRITORIO E OUTROS MATERIAIS DE CONSUMO,NOVA VIDA PAPELARIA E COLETOR DIGITAL LTDA ME,25.321.968/0001-40,"2.471,00",07/2017
 TONINHO PAIVA,TELEFONE FIXO,TELEFONICA BRASIL S/A,02.558.157/0001-62,"215,42",07/2017
 TONINHO PAIVA,TELEFONE MOVEL,TELEFONICA BRASIL S/A,02.558.157/0001-62,"443,43",07/2017
 TONINHO PAIVA,COMBUSTIVEL,CENTRO AUTOMOTIVO FENIX LTDA,00.533.599/0001-29,"1.205,69",08/2017
 TONINHO PAIVA,COMPOSI츒/ARTE/DIAGRAMA츒/PRODU츒/IMPRESSAO GRAFICA,MILTON LAFALCE  JUNIOR,21.958.147/0001-69,"1.000,00",08/2017
 TONINHO PAIVA,CONTRATA큐O DE PESSOA JURIDICA,VALIENTE RODRIGUES SOCIEDADE INDIVIDUAL DE ADVOCACIA EIRELI,24.779.279/0001-11,"6.285,00",08/2017
 TONINHO PAIVA,CONTRATA큐O DE PESSOA JURIDICA,WORK LINE SYSTEM INFORM쳆ICA LTDA,67.002.329/0001-62,"940,00",08/2017
 TONINHO PAIVA,EVENTOS/SEMINARIOS,ARTE LU E RO GRAFICA EIRELI,18.588.528/0001-99,"7.360,00",08/2017
 TONINHO PAIVA,INTERMEDIADO - CORREIOS,CAMARA MUNICIPAL DE S츒 PAULO,50.176.288/0001-28,"5.588,49",08/2017
 TONINHO PAIVA,INTERMEDIADO - LOCA츒 DE VE펚ULOS,CAMARA MUNICIPAL DE S츒 PAULO,50.176.288/0001-28,"2.101,17",08/2017
 TONINHO PAIVA,LOCA츒 DE MOVEIS E EQUIPAMENTOS,SOLUTION AUTOMA츒 EMPRESARIAL LTDA,39.006.762/0001-30,"428,68",08/2017
 TONINHO PAIVA,MATERIAL DE ESCRITORIO E OUTROS MATERIAIS DE CONSUMO,KALUNGA COMRCIO INDUSTRIA GR첹ICA LTDA,43.283.811/0139-95,"257,20",08/2017
 TONINHO PAIVA,MATERIAL DE ESCRITORIO E OUTROS MATERIAIS DE CONSUMO,PAPELARIA ESTAD츒 LTDA.,62.067.384/0001-17,"1.064,20",08/2017
 TONINHO PAIVA,TELEFONE FIXO,TELEFONICA BRASIL S/A,02.558.157/0001-62,"221,80",08/2017
 TONINHO PAIVA,TELEFONE MOVEL,TELEFONICA BRASIL S/A,02.558.157/0001-62,"441,33",08/2017
 TONINHO PAIVA,COMBUSTIVEL,CENTRO AUTOMOTIVO FENIX LTDA,00.533.599/0001-29,"1.063,60",09/2017
 TONINHO PAIVA,COMPOSI츒/ARTE/DIAGRAMA츒/PRODU츒/IMPRESSAO GRAFICA,ARTE LU E RO GRAFICA EIRELI,18.588.528/0001-99,"3.840,00",09/2017
 TONINHO PAIVA,CONTRATA큐O DE PESSOA JURIDICA,VALIENTE RODRIGUES SOCIEDADE INDIVIDUAL DE ADVOCACIA EIRELI,24.779.279/0001-11,"6.578,00",09/2017
 TONINHO PAIVA,CONTRATA큐O DE PESSOA JURIDICA,WORK LINE SYSTEM INFORM쳆ICA LTDA,67.002.329/0001-62,"940,00",09/2017
 TONINHO PAIVA,EVENTOS/SEMINARIOS,ARTE LU E RO GRAFICA EIRELI,18.588.528/0001-99,"5.305,00",09/2017
 TONINHO PAIVA,INTERMEDIADO - CORREIOS,CAMARA MUNICIPAL DE S츒 PAULO,50.176.288/0001-28,"5.055,51",09/2017
 TONINHO PAIVA,INTERMEDIADO - LOCA츒 DE VE펚ULOS,CAMARA MUNICIPAL DE S츒 PAULO,50.176.288/0001-28,"2.101,17",09/2017
 TONINHO PAIVA,MATERIAL DE ESCRITORIO E OUTROS MATERIAIS DE CONSUMO,CENTER PAPEIS COMERCIAL LTDA.,06.226.820/0001-82,"892,95",09/2017
 TONINHO PAIVA,MATERIAL DE ESCRITORIO E OUTROS MATERIAIS DE CONSUMO,NOVA VIDA PAPELARIA E COLETOR DIGITAL LTDA ME,25.321.968/0001-40,"1.538,00",09/2017
 TONINHO PAIVA,MATERIAL DE ESCRITORIO E OUTROS MATERIAIS DE CONSUMO,PAPELARIA ESTAD츒 LTDA.,62.067.384/0001-17,"350,60",09/2017
 TONINHO PAIVA,TELEFONE FIXO,TELEFONICA BRASIL S/A,02.558.157/0001-62,"217,60",09/2017
 TONINHO PAIVA,TELEFONE MOVEL,TELEFONICA BRASIL S/A,02.558.157/0001-62,"442,12",09/2017
 TONINHO PAIVA,COMBUSTIVEL,CENTRO AUTOMOTIVO FENIX LTDA,00.533.599/0001-29,"1.478,61",10/2017
 TONINHO PAIVA,CONTRATA큐O DE PESSOA JURIDICA,VALIENTE RODRIGUES SOCIEDADE INDIVIDUAL DE ADVOCACIA EIRELI,24.779.279/0001-11,"5.250,00",10/2017
 TONINHO PAIVA,CONTRATA큐O DE PESSOA JURIDICA,WORK LINE SYSTEM INFORM쳆ICA LTDA,67.002.329/0001-62,"940,00",10/2017
 TONINHO PAIVA,ELABORA츒/MANUTEN큐O DE SITE/HOSPEDAGEM,SPT SERVI큞S EMPRESARIAIS LTDA EPP,14.419.909/0001-93,"4.140,00",10/2017
 TONINHO PAIVA,INTERMEDIADO - CORREIOS,CAMARA MUNICIPAL DE S츒 PAULO,50.176.288/0001-28,"5.779,60",10/2017
 TONINHO PAIVA,INTERMEDIADO - LOCA츒 DE VE펚ULOS,CAMARA MUNICIPAL DE S츒 PAULO,50.176.288/0001-28,"2.101,17",10/2017
 TONINHO PAIVA,LOCA츒 DE MOVEIS E EQUIPAMENTOS,SOLUTION AUTOMA츒 EMPRESARIAL LTDA,39.006.762/0001-30,"428,68",10/2017
 TONINHO PAIVA,MATERIAL DE ESCRITORIO E OUTROS MATERIAIS DE CONSUMO,NOVA VIDA PAPELARIA E COLETOR DIGITAL LTDA ME,25.321.968/0001-40,"1.978,10",10/2017
 TONINHO PAIVA,MATERIAL DE ESCRITORIO E OUTROS MATERIAIS DE CONSUMO,PAPELARIA ESTAD츒 LTDA.,62.067.384/0001-17,"903,90",10/2017
 TONINHO PAIVA,TELEFONE FIXO,TELEFONICA BRASIL S/A,02.558.157/0001-62,"251,32",10/2017
 TONINHO PAIVA,TELEFONE MOVEL,TELEFONICA BRASIL S/A,02.558.157/0001-62,"485,36",10/2017
 TONINHO PAIVA,COMBUSTIVEL,CENTRO AUTOMOTIVO FENIX LTDA,00.533.599/0001-29,"1.153,62",11/2017
 TONINHO PAIVA,COMPOSI츒/ARTE/DIAGRAMA츒/PRODU츒/IMPRESSAO GRAFICA,ARTE LU E RO GRAFICA EIRELI,18.588.528/0001-99,"6.128,00",11/2017
 TONINHO PAIVA,CONTRATA큐O DE PESSOA JURIDICA,WORK LINE SYSTEM INFORM쳆ICA LTDA,67.002.329/0001-62,"940,00",11/2017
 TONINHO PAIVA,EVENTOS/SEMINARIOS,ARTE LU E RO GRAFICA EIRELI,18.588.528/0001-99,"5.460,00",11/2017
 TONINHO PAIVA,INTERMEDIADO - CORREIOS,CAMARA MUNICIPAL DE S츒 PAULO,50.176.288/0001-28,"5.747,80",11/2017
 TONINHO PAIVA,INTERMEDIADO - LOCA츒 DE VE펚ULOS,CAMARA MUNICIPAL DE S츒 PAULO,50.176.288/0001-28,"2.101,17",11/2017
 TONINHO PAIVA,MATERIAL DE ESCRITORIO E OUTROS MATERIAIS DE CONSUMO,KALUNGA COMRCIO INDUSTRIA GR첹ICA LTDA,43.283.811/0139-95,"128,60",11/2017
 TONINHO PAIVA,MATERIAL DE ESCRITORIO E OUTROS MATERIAIS DE CONSUMO,PAPELARIA ESTAD츒 LTDA.,62.067.384/0001-17,"771,50",11/2017
 TONINHO PAIVA,TELEFONE FIXO,TELEFONICA BRASIL S/A,02.558.157/0001-62,"193,10",11/2017
 TONINHO PAIVA,TELEFONE MOVEL,TELEFONICA BRASIL S/A,02.558.157/0001-62,"494,68",11/2017
 TONINHO PAIVA,COMBUSTIVEL,CENTRO AUTOMOTIVO FENIX LTDA,00.533.599/0001-29,"1.182,76",12/2017
 TONINHO PAIVA,COMPOSI츒/ARTE/DIAGRAMA츒/PRODU츒/IMPRESSAO GRAFICA,ARTE LU E RO GRAFICA EIRELI,18.588.528/0001-99,"3.100,00",12/2017
 TONINHO PAIVA,CONTRATA큐O DE PESSOA JURIDICA,VALIENTE RODRIGUES SOCIEDADE INDIVIDUAL DE ADVOCACIA EIRELI,24.779.279/0001-11,"4.195,00",12/2017
 TONINHO PAIVA,CONTRATA큐O DE PESSOA JURIDICA,WORK LINE SYSTEM INFORM쳆ICA LTDA,67.002.329/0001-62,"940,00",12/2017
 TONINHO PAIVA,INTERMEDIADO - CORREIOS,CAMARA MUNICIPAL DE S츒 PAULO,50.176.288/0001-28,"4.784,08",12/2017
 TONINHO PAIVA,INTERMEDIADO - LOCA츒 DE VE펚ULOS,CAMARA MUNICIPAL DE S츒 PAULO,50.176.288/0001-28,"2.101,17",12/2017
 TONINHO PAIVA,MATERIAL DE ESCRITORIO E OUTROS MATERIAIS DE CONSUMO,KALUNGA COM. E IND. GR첹ICA LTDA,43.283.811/0177-10,"113,50",12/2017
 TONINHO PAIVA,TELEFONE MOVEL,TELEFONICA BRASIL S/A,02.558.157/0001-62,"517,85",12/2017
 TONINHO PAIVA,COMBUSTIVEL,CENTRO AUTOMOTIVO FENIX LTDA,00.533.599/0001-29,"940,48",01/2018
 TONINHO PAIVA,COMPOSI츒/ARTE/DIAGRAMA츒/PRODU츒/IMPRESSAO GRAFICA,ARTE LU E RO GRAFICA EIRELI,18.588.528/0001-99,"4.880,00",01/2018
 TONINHO PAIVA,CONTRATA큐O DE PESSOA JURIDICA,WORK LINE SYSTEM INFORM쳆ICA LTDA,67.002.329/0001-62,"970,00",01/2018
 TONINHO PAIVA,INTERMEDIADO - CORREIOS,CAMARA MUNICIPAL DE S츒 PAULO,50.176.288/0001-28,"4.387,77",01/2018
 TONINHO PAIVA,INTERMEDIADO - LOCA츒 DE VE펚ULOS,CAMARA MUNICIPAL DE S츒 PAULO,50.176.288/0001-28,"2.137,42",01/2018
 TONINHO PAIVA,LOCA츒 DE MOVEIS E EQUIPAMENTOS,SOLUTION AUTOMA츒 EMPRESARIAL LTDA,39.006.762/0001-30,"428,68",01/2018
 TONINHO PAIVA,MATERIAL DE ESCRITORIO E OUTROS MATERIAIS DE CONSUMO,KALUNGA COM. E IND. GR첹ICA LTDA,43.283.811/0177-10,"26,20",01/2018
 TONINHO PAIVA,TELEFONE FIXO,TELEFONICA BRASIL S/A,02.558.157/0001-62,"224,34",01/2018
 TONINHO PAIVA,TELEFONE MOVEL,TELEFONICA BRASIL S/A,02.558.157/0001-62,"511,05",01/2018
 TONINHO PAIVA,COMBUSTIVEL,CENTRO AUTOMOTIVO FENIX LTDA,00.533.599/0001-29,"1.030,57",02/2018
 TONINHO PAIVA,COMPOSI츒/ARTE/DIAGRAMA츒/PRODU츒/IMPRESSAO GRAFICA,MILTON LAFALCE  JUNIOR,21.958.147/0001-69,"2.900,00",02/2018
 TONINHO PAIVA,CONTRATA큐O DE PESSOA JURIDICA,WORK LINE SYSTEM INFORM쳆ICA LTDA,67.002.329/0001-62,"4.834,00",02/2018
 TONINHO PAIVA,INTERMEDIADO - CORREIOS,CAMARA MUNICIPAL DE S츒 PAULO,50.176.288/0001-28,"3.586,03",02/2018
 TONINHO PAIVA,INTERMEDIADO - LOCA츒 DE VE펚ULOS,CAMARA MUNICIPAL DE S츒 PAULO,50.176.288/0001-28,"2.148,45",02/2018
 TONINHO PAIVA,LOCA츒 DE MOVEIS E EQUIPAMENTOS,SOLUTION AUTOMA츒 EMPRESARIAL LTDA,39.006.762/0001-30,"428,68",02/2018
 TONINHO PAIVA,MATERIAL DE ESCRITORIO E OUTROS MATERIAIS DE CONSUMO,CENTER PAPEIS COMERCIAL LTDA.,06.226.820/0001-82,"1.499,40",02/2018
 TONINHO PAIVA,MATERIAL DE ESCRITORIO E OUTROS MATERIAIS DE CONSUMO,ARMARINHOS FERNANDO LTDA,48.076.228/0014-06,"100,00",02/2018
 TONINHO PAIVA,TELEFONE FIXO,TELEFONICA BRASIL S/A,02.558.157/0001-62,"224,41",02/2018
 TONINHO PAIVA,TELEFONE MOVEL,TELEFONICA BRASIL S/A,02.558.157/0001-62,"508,70",02/2018
 TONINHO PAIVA,COMBUSTIVEL,CENTRO AUTOMOTIVO FENIX LTDA,00.533.599/0001-29,"1.503,21",03/2018
 TONINHO PAIVA,COMPOSI츒/ARTE/DIAGRAMA츒/PRODU츒/IMPRESSAO GRAFICA,IRISARA COMRCIO E SERVI큞S LTDA.,10.376.277/0001-77,"100,00",03/2018
 TONINHO PAIVA,EVENTOS/SEMINARIOS,ALAC IND.COM.ART.DE METAIS LTDA- EPP,04.191.842/0001-29,"830,00",03/2018
 TONINHO PAIVA,INTERMEDIADO - CORREIOS,CAMARA MUNICIPAL DE S츒 PAULO,50.176.288/0001-28,"5.724,29",03/2018
 TONINHO PAIVA,INTERMEDIADO - LOCA츒 DE VE펚ULOS,CAMARA MUNICIPAL DE S츒 PAULO,50.176.288/0001-28,"2.148,45",03/2018
 TONINHO PAIVA,LOCA츒 DE MOVEIS E EQUIPAMENTOS,SOLUTION AUTOMA츒 EMPRESARIAL LTDA,39.006.762/0001-30,"428,68",03/2018
 TONINHO PAIVA,MATERIAL DE ESCRITORIO E OUTROS MATERIAIS DE CONSUMO,PAINT COLOR LTDA,09.433.975/0001-88,"241,50",03/2018
 TONINHO PAIVA,MATERIAL DE ESCRITORIO E OUTROS MATERIAIS DE CONSUMO,KALUNGA COMRCIO INDUSTRIA GR첹ICA LTDA,43.283.811/0139-95,"65,30",03/2018
 TONINHO PAIVA,MATERIAL DE ESCRITORIO E OUTROS MATERIAIS DE CONSUMO,PAPELARIA ESTAD츒 LTDA.,62.067.384/0001-17,"502,60",03/2018
 TONINHO PAIVA,TELEFONE FIXO,TELEFONICA BRASIL S/A,02.558.157/0001-62,"200,24",03/2018
 TONINHO PAIVA,TELEFONE MOVEL,TELEFONICA BRASIL S/A,02.558.157/0001-62,"504,96",03/2018
 TONINHO PAIVA,COMBUSTIVEL,CENTRO AUTOMOTIVO FENIX LTDA,00.533.599/0001-29,"1.785,01",04/2018
 TONINHO PAIVA,COMPOSI츒/ARTE/DIAGRAMA츒/PRODU츒/IMPRESSAO GRAFICA,MILTON LAFALCE  JUNIOR,21.958.147/0001-69,"2.900,00",04/2018
 TONINHO PAIVA,CONTRATA큐O DE PESSOA JURIDICA,MOBYWAY DESENVOLVIMENTO DE APLICATIVOS LTDA,23.114.094/0001-25,"300,00",04/2018
 TONINHO PAIVA,CONTRATA큐O DE PESSOA JURIDICA,WORK LINE SYSTEM INFORM쳆ICA LTDA,67.002.329/0001-62,"3.914,00",04/2018
 TONINHO PAIVA,INTERMEDIADO - CORREIOS,CAMARA MUNICIPAL DE S츒 PAULO,50.176.288/0001-28,"4.209,75",04/2018
 TONINHO PAIVA,INTERMEDIADO - LOCA츒 DE VE펚ULOS,CAMARA MUNICIPAL DE S츒 PAULO,50.176.288/0001-28,"2.148,45",04/2018
 TONINHO PAIVA,LOCA츒 DE MOVEIS E EQUIPAMENTOS,SOLUTION AUTOMA츒 EMPRESARIAL LTDA,39.006.762/0001-30,"428,68",04/2018
 TONINHO PAIVA,MATERIAL DE ESCRITORIO E OUTROS MATERIAIS DE CONSUMO,PRINTER SUPPORT DO BRASIL LOCAES LTDA,10.563.779/0001-07,"408,00",04/2018
 TONINHO PAIVA,MATERIAL DE ESCRITORIO E OUTROS MATERIAIS DE CONSUMO,PAPELARIA ESTAD츒 LTDA.,62.067.384/0001-17,"387,20",04/2018
 TONINHO PAIVA,TELEFONE FIXO,TELEFONICA BRASIL S/A,02.558.157/0001-62,"174,43",04/2018
 TONINHO PAIVA,TELEFONE MOVEL,TELEFONICA BRASIL S/A,02.558.157/0001-62,"504,98",04/2018
 TONINHO PAIVA,ASSINATURA DE JORNAIS E REVISTAS,S.A O ESTADO DE S. PAULO,61.533.949/0001-41,"89,90",05/2018
 TONINHO PAIVA,COMBUSTIVEL,CENTRO AUTOMOTIVO FENIX LTDA,00.533.599/0001-29,"1.304,43",05/2018
 TONINHO PAIVA,COMPOSI츒/ARTE/DIAGRAMA츒/PRODU츒/IMPRESSAO GRAFICA,MILTON LAFALCE  JUNIOR,21.958.147/0001-69,"3.300,00",05/2018
 TONINHO PAIVA,CONTRATA큐O DE PESSOA JURIDICA,MOBYWAY DESENVOLVIMENTO DE APLICATIVOS LTDA,23.114.094/0001-25,"300,00",05/2018
 TONINHO PAIVA,CONTRATA큐O DE PESSOA JURIDICA,WORK LINE SYSTEM INFORM쳆ICA LTDA,67.002.329/0001-62,"5.018,00",05/2018
 TONINHO PAIVA,ELABORA츒/MANUTEN큐O DE SITE/HOSPEDAGEM,SPT SERVI큞S EMPRESARIAIS LTDA EPP,14.419.909/0001-93,"4.416,00",05/2018
 TONINHO PAIVA,INTERMEDIADO - CORREIOS,CAMARA MUNICIPAL DE S츒 PAULO,50.176.288/0001-28,"4.800,16",05/2018
 TONINHO PAIVA,INTERMEDIADO - LOCA츒 DE VE펚ULOS,CAMARA MUNICIPAL DE S츒 PAULO,50.176.288/0001-28,"2.148,45",05/2018
 TONINHO PAIVA,LOCA츒 DE MOVEIS E EQUIPAMENTOS,SOLUTION AUTOMA츒 EMPRESARIAL LTDA,39.006.762/0001-30,"428,68",05/2018
 TONINHO PAIVA,MATERIAL DE ESCRITORIO E OUTROS MATERIAIS DE CONSUMO,KIMS.TECNOLOGIA LTDA-ME,05.298.202/0001-85,"130,00",05/2018
 TONINHO PAIVA,MATERIAL DE ESCRITORIO E OUTROS MATERIAIS DE CONSUMO,PRINTER SUPPORT DO BRASIL LOCAES LTDA,10.563.779/0001-07,"742,00",05/2018
 TONINHO PAIVA,MATERIAL DE ESCRITORIO E OUTROS MATERIAIS DE CONSUMO,PAPELARIA ESTAD츒 LTDA.,62.067.384/0001-17,"781,20",05/2018
 TONINHO PAIVA,TELEFONE FIXO,TELEFONICA BRASIL S/A,02.558.157/0001-62,"224,33",05/2018
 TONINHO PAIVA,TELEFONE MOVEL,TELEFONICA BRASIL S/A,02.558.157/0001-62,"504,98",05/2018
 TONINHO PAIVA,COMBUSTIVEL,CENTRO AUTOMOTIVO FENIX LTDA,00.533.599/0001-29,"1.089,13",06/2018
 TONINHO PAIVA,CONTRATA큐O DE PESSOA JURIDICA,MOBYWAY DESENVOLVIMENTO DE APLICATIVOS LTDA,23.114.094/0001-25,"300,00",06/2018
 TONINHO PAIVA,CONTRATA큐O DE PESSOA JURIDICA,VALIENTE RODRIGUES SOCIEDADE INDIVIDUAL DE ADVOCACIA EIRELI,24.779.279/0001-11,"4.350,00",06/2018
 TONINHO PAIVA,CONTRATA큐O DE PESSOA JURIDICA,WORK LINE SYSTEM INFORM쳆ICA LTDA,67.002.329/0001-62,"970,00",06/2018
 TONINHO PAIVA,EVENTOS/SEMINARIOS,ALAC IND.COM.ART.DE METAIS LTDA- EPP,04.191.842/0001-29,"415,00",06/2018
 TONINHO PAIVA,INTERMEDIADO - CORREIOS,CAMARA MUNICIPAL DE S츒 PAULO,50.176.288/0001-28,"4.566,40",06/2018
 TONINHO PAIVA,INTERMEDIADO - LOCA츒 DE VE펚ULOS,CAMARA MUNICIPAL DE S츒 PAULO,50.176.288/0001-28,"2.148,45",06/2018
 TONINHO PAIVA,LOCA츒 DE MOVEIS E EQUIPAMENTOS,SOLUTION AUTOMA츒 EMPRESARIAL LTDA,39.006.762/0001-30,"428,68",06/2018
 TONINHO PAIVA,MATERIAL DE ESCRITORIO E OUTROS MATERIAIS DE CONSUMO,KALUNGA COMRCIO INDUSTRIA GR첹ICA LTDA,43.283.811/0139-95,"139,89",06/2018
 TONINHO PAIVA,MATERIAL DE ESCRITORIO E OUTROS MATERIAIS DE CONSUMO,PAPELARIA ESTAD츒 LTDA.,62.067.384/0001-17,"768,80",06/2018
 TONINHO PAIVA,TELEFONE FIXO,TELEFONICA BRASIL S/A,02.558.157/0001-62,"227,44",06/2018
 TONINHO PAIVA,TELEFONE MOVEL,TELEFONICA BRASIL S/A,02.558.157/0001-62,"504,98",06/2018
 TONINHO PAIVA,COMBUSTIVEL,CENTRO AUTOMOTIVO FENIX LTDA,00.533.599/0001-29,"1.176,00",07/2018
 TONINHO PAIVA,CONTRATA큐O DE PESSOA JURIDICA,MOBYWAY DESENVOLVIMENTO DE APLICATIVOS LTDA,23.114.094/0001-25,"300,00",07/2018
 TONINHO PAIVA,CONTRATA큐O DE PESSOA JURIDICA,WORK LINE SYSTEM INFORM쳆ICA LTDA,67.002.329/0001-62,"970,00",07/2018
 TONINHO PAIVA,INTERMEDIADO - CORREIOS,CAMARA MUNICIPAL DE S츒 PAULO,50.176.288/0001-28,"4.627,97",07/2018
 TONINHO PAIVA,INTERMEDIADO - LOCA츒 DE VE펚ULOS,CAMARA MUNICIPAL DE S츒 PAULO,50.176.288/0001-28,"2.148,45",07/2018
 TONINHO PAIVA,LOCA츒 DE MOVEIS E EQUIPAMENTOS,SOLUTION AUTOMA츒 EMPRESARIAL LTDA,39.006.762/0001-30,"428,68",07/2018
 TONINHO PAIVA,MATERIAL DE ESCRITORIO E OUTROS MATERIAIS DE CONSUMO,NOVA VIDA PAPELARIA E COLETOR DIGITAL LTDA ME,25.321.968/0001-40,"2.370,00",07/2018
 TONINHO PAIVA,TELEFONE FIXO,TELEFONICA BRASIL S/A,02.558.157/0001-62,"224,42",07/2018
 TONINHO PAIVA,TELEFONE MOVEL,TELEFONICA BRASIL S/A,02.558.157/0001-62,"504,98",07/2018
 TONINHO PAIVA,COMBUSTIVEL,CENTRO AUTOMOTIVO FENIX LTDA,00.533.599/0001-29,"1.296,77",08/2018
 TONINHO PAIVA,CONTRATA큐O DE PESSOA JURIDICA,MOBYWAY DESENVOLVIMENTO DE APLICATIVOS LTDA,23.114.094/0001-25,"300,00",08/2018
 TONINHO PAIVA,CONTRATA큐O DE PESSOA JURIDICA,WORK LINE SYSTEM INFORM쳆ICA LTDA,67.002.329/0001-62,"970,00",08/2018
 TONINHO PAIVA,ELABORA츒/MANUTEN큐O DE SITE/HOSPEDAGEM,SPT SERVI큞S EMPRESARIAIS LTDA EPP,14.419.909/0001-93,"4.692,00",08/2018
 TONINHO PAIVA,INTERMEDIADO - CORREIOS,CAMARA MUNICIPAL DE S츒 PAULO,50.176.288/0001-28,"4.836,13",08/2018
 TONINHO PAIVA,INTERMEDIADO - LOCA츒 DE VE펚ULOS,CAMARA MUNICIPAL DE S츒 PAULO,50.176.288/0001-28,"2.148,45",08/2018
 TONINHO PAIVA,LOCA츒 DE MOVEIS E EQUIPAMENTOS,SOLUTION AUTOMA츒 EMPRESARIAL LTDA,39.006.762/0001-30,"428,68",08/2018
 TONINHO PAIVA,MATERIAL DE ESCRITORIO E OUTROS MATERIAIS DE CONSUMO,KALUNGA COM. E IND. GR첹ICA LTDA,43.283.811/0177-10,"59,99",08/2018
 TONINHO PAIVA,MATERIAL DE ESCRITORIO E OUTROS MATERIAIS DE CONSUMO,PAPELARIA ESTAD츒 LTDA.,62.067.384/0001-17,"999,40",08/2018
 TONINHO PAIVA,TELEFONE FIXO,TELEFONICA BRASIL S/A,02.558.157/0001-62,"225,87",08/2018
 TONINHO PAIVA,TELEFONE MOVEL,TELEFONICA BRASIL S/A,02.558.157/0001-62,"504,98",08/2018
 TONINHO PAIVA,COMBUSTIVEL,CENTRO AUTOMOTIVO FENIX LTDA,00.533.599/0001-29,"1.166,49",09/2018
 TONINHO PAIVA,CONTRATA큐O DE PESSOA JURIDICA,SPT SERVI큞S EMPRESARIAIS LTDA EPP,14.419.909/0001-93,"4.600,00",09/2018
 TONINHO PAIVA,CONTRATA큐O DE PESSOA JURIDICA,MOBYWAY DESENVOLVIMENTO DE APLICATIVOS LTDA,23.114.094/0001-25,"300,00",09/2018
 TONINHO PAIVA,CONTRATA큐O DE PESSOA JURIDICA,WORK LINE SYSTEM INFORM쳆ICA LTDA,67.002.329/0001-62,"970,00",09/2018
 TONINHO PAIVA,INTERMEDIADO - CORREIOS,CAMARA MUNICIPAL DE S츒 PAULO,50.176.288/0001-28,"4.771,21",09/2018
 TONINHO PAIVA,INTERMEDIADO - LOCA츒 DE VE펚ULOS,CAMARA MUNICIPAL DE S츒 PAULO,50.176.288/0001-28,"2.148,45",09/2018
 TONINHO PAIVA,LOCA츒 DE MOVEIS E EQUIPAMENTOS,SOLUTION AUTOMA츒 EMPRESARIAL LTDA,39.006.762/0001-30,"428,68",09/2018
 TONINHO PAIVA,TELEFONE FIXO,TELEFONICA BRASIL S/A,02.558.157/0001-62,"226,97",09/2018
 TONINHO PAIVA,TELEFONE MOVEL,TELEFONICA BRASIL S/A,02.558.157/0001-62,"504,98",09/2018
 TONINHO PAIVA,COMBUSTIVEL,CENTRO AUTOMOTIVO FENIX LTDA,00.533.599/0001-29,"1.467,48",10/2018
 TONINHO PAIVA,CONTRATA큐O DE PESSOA JURIDICA,MOBYWAY DESENVOLVIMENTO DE APLICATIVOS LTDA,23.114.094/0001-25,"300,00",10/2018
 TONINHO PAIVA,CONTRATA큐O DE PESSOA JURIDICA,WORK LINE SYSTEM INFORM쳆ICA LTDA,67.002.329/0001-62,"970,00",10/2018
 TONINHO PAIVA,ELABORA츒/MANUTEN큐O DE SITE/HOSPEDAGEM,SPT SERVI큞S EMPRESARIAIS LTDA EPP,14.419.909/0001-93,"4.876,00",10/2018
 TONINHO PAIVA,INTERMEDIADO - CORREIOS,CAMARA MUNICIPAL DE S츒 PAULO,50.176.288/0001-28,"3.913,55",10/2018
 TONINHO PAIVA,INTERMEDIADO - LOCA츒 DE VE펚ULOS,CAMARA MUNICIPAL DE S츒 PAULO,50.176.288/0001-28,"2.148,45",10/2018
 TONINHO PAIVA,LOCA츒 DE MOVEIS E EQUIPAMENTOS,SOLUTION AUTOMA츒 EMPRESARIAL LTDA,39.006.762/0001-30,"428,68",10/2018
 TONINHO PAIVA,MATERIAL DE ESCRITORIO E OUTROS MATERIAIS DE CONSUMO,NOVA VIDA PAPELARIA E COLETOR DIGITAL LTDA ME,25.321.968/0001-40,"2.322,00",10/2018
 TONINHO PAIVA,MATERIAL DE ESCRITORIO E OUTROS MATERIAIS DE CONSUMO,KALUNGA COM. E IND. GR첹ICA LTDA,43.283.811/0177-10,"119,98",10/2018
 TONINHO PAIVA,MATERIAL DE ESCRITORIO E OUTROS MATERIAIS DE CONSUMO,PAPELARIA ESTAD츒 LTDA.,62.067.384/0001-17,"1.511,50",10/2018
 TONINHO PAIVA,TELEFONE FIXO,TELEFONICA BRASIL S/A,02.558.157/0001-62,"238,90",10/2018
 TONINHO PAIVA,TELEFONE MOVEL,TELEFONICA BRASIL S/A,02.558.157/0001-62,"505,59",10/2018
 TONINHO PAIVA,COMBUSTIVEL,CENTRO AUTOMOTIVO FENIX LTDA,00.533.599/0001-29,"1.131,28",11/2018
 TONINHO PAIVA,CONTRATA큐O DE PESSOA JURIDICA,MOBYWAY DESENVOLVIMENTO DE APLICATIVOS LTDA,23.114.094/0001-25,"300,00",11/2018
 TONINHO PAIVA,INTERMEDIADO - CORREIOS,CAMARA MUNICIPAL DE S츒 PAULO,50.176.288/0001-28,"4.848,25",11/2018
 TONINHO PAIVA,INTERMEDIADO - LOCA츒 DE VE펚ULOS,CAMARA MUNICIPAL DE S츒 PAULO,50.176.288/0001-28,"2.148,45",11/2018
 TONINHO PAIVA,LOCA츒 DE MOVEIS E EQUIPAMENTOS,SOLUTION AUTOMA츒 EMPRESARIAL LTDA,39.006.762/0001-30,"344,00",11/2018
 TONINHO PAIVA,MATERIAL DE ESCRITORIO E OUTROS MATERIAIS DE CONSUMO,PAINT COLOR LTDA,09.433.975/0001-88,"249,99",11/2018
 TONINHO PAIVA,TELEFONE FIXO,TELEFONICA BRASIL S/A,02.558.157/0001-62,"237,90",11/2018
 TONINHO PAIVA,TELEFONE MOVEL,TELEFONICA BRASIL S/A,02.558.157/0001-62,"514,98",11/2018
 TONINHO PAIVA,COMBUSTIVEL,CENTRO AUTOMOTIVO FENIX LTDA,00.533.599/0001-29,"1.466,82",12/2018
 TONINHO PAIVA,CONTRATA큐O DE PESSOA JURIDICA,MOBYWAY DESENVOLVIMENTO DE APLICATIVOS LTDA,23.114.094/0001-25,"300,00",12/2018
 TONINHO PAIVA,CONTRATA큐O DE PESSOA JURIDICA,VALIENTE RODRIGUES SOCIEDADE INDIVIDUAL DE ADVOCACIA EIRELI,24.779.279/0001-11,"4.500,00",12/2018
 TONINHO PAIVA,CONTRATA큐O DE PESSOA JURIDICA,WORK LINE SYSTEM INFORM쳆ICA LTDA,67.002.329/0001-62,"970,00",12/2018
 TONINHO PAIVA,ELABORA츒/MANUTEN큐O DE SITE/HOSPEDAGEM,SPT SERVI큞S EMPRESARIAIS LTDA EPP,14.419.909/0001-93,"4.968,00",12/2018
 TONINHO PAIVA,INTERMEDIADO - CORREIOS,CAMARA MUNICIPAL DE S츒 PAULO,50.176.288/0001-28,"4.980,35",12/2018
 TONINHO PAIVA,INTERMEDIADO - LOCA츒 DE VE펚ULOS,CAMARA MUNICIPAL DE S츒 PAULO,50.176.288/0001-28,"2.148,45",12/2018
 TONINHO PAIVA,LOCA츒 DE MOVEIS E EQUIPAMENTOS,SOLUTION AUTOMA츒 EMPRESARIAL LTDA,39.006.762/0001-30,"344,00",12/2018
 TONINHO PAIVA,MATERIAL DE ESCRITORIO E OUTROS MATERIAIS DE CONSUMO,NOVA VIDA PAPELARIA E COLETOR DIGITAL LTDA ME,25.321.968/0001-40,"5.008,50",12/2018
 TONINHO PAIVA,MATERIAL DE ESCRITORIO E OUTROS MATERIAIS DE CONSUMO,PAPELARIA ESTAD츒 LTDA.,62.067.384/0001-17,"1.949,05",12/2018
 TONINHO PAIVA,TELEFONE FIXO,TELEFONICA BRASIL S/A,02.558.157/0001-62,"238,33",12/2018
 TONINHO PAIVA,TELEFONE MOVEL,TELEFONICA BRASIL S/A,02.558.157/0001-62,"514,98",12/2018
 TONINHO PAIVA,COMBUSTIVEL,CENTRO AUTOMOTIVO FENIX LTDA,00.533.599/0001-29,"896,81",01/2019
 TONINHO PAIVA,CONTRATA큐O DE PESSOA JURIDICA,MOBYWAY DESENVOLVIMENTO DE APLICATIVOS LTDA,23.114.094/0001-25,"300,00",01/2019
 TONINHO PAIVA,CONTRATA큐O DE PESSOA JURIDICA,WORK LINE SYSTEM INFORM쳆ICA LTDA,67.002.329/0001-62,"1.960,00",01/2019
 TONINHO PAIVA,INTERMEDIADO - CORREIOS,CAMARA MUNICIPAL DE S츒 PAULO,50.176.288/0001-28,"4.050,07",01/2019
 TONINHO PAIVA,INTERMEDIADO - LOCA츒 DE VE펚ULOS,CAMARA MUNICIPAL DE S츒 PAULO,50.176.288/0001-28,"2.199,17",01/2019
 TONINHO PAIVA,LOCA츒 DE MOVEIS E EQUIPAMENTOS,SOLUTION AUTOMA츒 EMPRESARIAL LTDA,39.006.762/0001-30,"344,00",01/2019
 TONINHO PAIVA,MATERIAL DE ESCRITORIO E OUTROS MATERIAIS DE CONSUMO,NOVA VIDA PAPELARIA E COLETOR DIGITAL LTDA ME,25.321.968/0001-40,"2.991,00",01/2019
 TONINHO PAIVA,MATERIAL DE ESCRITORIO E OUTROS MATERIAIS DE CONSUMO,KALUNGA COM. E IND. GR첹ICA LTDA,43.283.811/0177-10,"16,60",01/2019
 TONINHO PAIVA,TELEFONE FIXO,TELEFONICA BRASIL S/A,02.558.157/0001-62,"230,01",01/2019
 TONINHO PAIVA,TELEFONE MOVEL,TELEFONICA BRASIL S/A,02.558.157/0001-62,"514,98",01/2019
 TONINHO PAIVA,COMBUSTIVEL,CENTRO AUTOMOTIVO FENIX LTDA,00.533.599/0001-29,"1.255,95",02/2019
 TONINHO PAIVA,CONTRATA큐O DE PESSOA JURIDICA,MOBYWAY DESENVOLVIMENTO DE APLICATIVOS LTDA,23.114.094/0001-25,"300,00",02/2019
 TONINHO PAIVA,CONTRATA큐O DE PESSOA JURIDICA,WORK LINE SYSTEM INFORM쳆ICA LTDA,67.002.329/0001-62,"3.280,00",02/2019
 TONINHO PAIVA,ELABORA츒/MANUTEN큐O DE SITE/HOSPEDAGEM,SPT SERVI큞S EMPRESARIAIS LTDA EPP,14.419.909/0001-93,"4.692,00",02/2019
 TONINHO PAIVA,INTERMEDIADO - CORREIOS,CAMARA MUNICIPAL DE S츒 PAULO,50.176.288/0001-28,"4.692,39",02/2019
 TONINHO PAIVA,INTERMEDIADO - LOCA츒 DE VE펚ULOS,CAMARA MUNICIPAL DE S츒 PAULO,50.176.288/0001-28,"2.214,62",02/2019
 TONINHO PAIVA,LOCA츒 DE MOVEIS E EQUIPAMENTOS,SOLUTION AUTOMA츒 EMPRESARIAL LTDA,39.006.762/0001-30,"344,00",02/2019
 TONINHO PAIVA,MATERIAL DE ESCRITORIO E OUTROS MATERIAIS DE CONSUMO,NOVA VIDA PAPELARIA E COLETOR DIGITAL LTDA ME,25.321.968/0001-40,"6.269,50",02/2019
 TONINHO PAIVA,MATERIAL DE ESCRITORIO E OUTROS MATERIAIS DE CONSUMO,PAPELARIA ESTAD츒 LTDA.,62.067.384/0001-17,"1.580,20",02/2019
 TONINHO PAIVA,TELEFONE FIXO,TELEFONICA BRASIL S/A,02.558.157/0001-62,"238,75",02/2019
 TONINHO PAIVA,TELEFONE MOVEL,TELEFONICA BRASIL S/A,02.558.157/0001-62,"514,98",02/2019
 TONINHO PAIVA,COMBUSTIVEL,CENTRO AUTOMOTIVO FENIX LTDA,00.533.599/0001-29,"1.188,12",03/2019
 TONINHO PAIVA,COMPOSI츒/ARTE/DIAGRAMA츒/PRODU츒/IMPRESSAO GRAFICA,RITA DE CASSIA LAFALCE,30.674.748/0001-30,"2.750,00",03/2019
 TONINHO PAIVA,CONTRATA큐O DE PESSOA JURIDICA,MOBYWAY DESENVOLVIMENTO DE APLICATIVOS LTDA,23.114.094/0001-25,"300,00",03/2019
 TONINHO PAIVA,CONTRATA큐O DE PESSOA JURIDICA,VALIENTE RODRIGUES SOCIEDADE INDIVIDUAL DE ADVOCACIA EIRELI,24.779.279/0001-11,"5.785,00",03/2019
 TONINHO PAIVA,CONTRATA큐O DE PESSOA JURIDICA,WORK LINE SYSTEM INFORM쳆ICA LTDA,67.002.329/0001-62,"980,00",03/2019
 TONINHO PAIVA,ELABORA츒/MANUTEN큐O DE SITE/HOSPEDAGEM,SPT SERVI큞S EMPRESARIAIS LTDA EPP,14.419.909/0001-93,"4.876,00",03/2019
 TONINHO PAIVA,EVENTOS/SEMINARIOS,ALAC IND.COM.ART.DE METAIS LTDA- EPP,04.191.842/0001-29,"599,00",03/2019
 TONINHO PAIVA,EVENTOS/SEMINARIOS,A.E. GUIMAR츈S-ME,62.342.613/0001-64,"180,00",03/2019
 TONINHO PAIVA,INTERMEDIADO - CORREIOS,CAMARA MUNICIPAL DE S츒 PAULO,50.176.288/0001-28,"4.118,57",03/2019
 TONINHO PAIVA,INTERMEDIADO - LOCA츒 DE VE펚ULOS,CAMARA MUNICIPAL DE S츒 PAULO,50.176.288/0001-28,"2.214,62",03/2019
 TONINHO PAIVA,LOCA츒 DE MOVEIS E EQUIPAMENTOS,SOLUTION AUTOMA츒 EMPRESARIAL LTDA,39.006.762/0001-30,"344,00",03/2019
 TONINHO PAIVA,MATERIAL DE ESCRITORIO E OUTROS MATERIAIS DE CONSUMO,PAINT COLOR LTDA,09.433.975/0001-88,"180,00",03/2019
 TONINHO PAIVA,MATERIAL DE ESCRITORIO E OUTROS MATERIAIS DE CONSUMO,NOVA VIDA PAPELARIA E COLETOR DIGITAL LTDA ME,25.321.968/0001-40,"5.500,00",03/2019
 TONINHO PAIVA,TELEFONE FIXO,TELEFONICA BRASIL S/A,02.558.157/0001-62,"238,47",03/2019
 TONINHO PAIVA,TELEFONE MOVEL,TELEFONICA BRASIL S/A,02.558.157/0001-62,"514,98",03/2019
 TONINHO PAIVA,COMBUSTIVEL,CENTRO AUTOMOTIVO FENIX LTDA,00.533.599/0001-29,"1.305,88",04/2019
 TONINHO PAIVA,COMPOSI츒/ARTE/DIAGRAMA츒/PRODU츒/IMPRESSAO GRAFICA,RITA DE CASSIA LAFALCE,30.674.748/0001-30,"2.750,00",04/2019
 TONINHO PAIVA,CONTRATA큐O DE PESSOA JURIDICA,MOBYWAY DESENVOLVIMENTO DE APLICATIVOS LTDA,23.114.094/0001-25,"300,00",04/2019
 TONINHO PAIVA,CONTRATA큐O DE PESSOA JURIDICA,WORK LINE SYSTEM INFORM쳆ICA LTDA,67.002.329/0001-62,"4.660,00",04/2019
 TONINHO PAIVA,INTERMEDIADO - CORREIOS,CAMARA MUNICIPAL DE S츒 PAULO,50.176.288/0001-28,"5.392,10",04/2019
 TONINHO PAIVA,INTERMEDIADO - LOCA츒 DE VE펚ULOS,CAMARA MUNICIPAL DE S츒 PAULO,50.176.288/0001-28,"2.214,62",04/2019
 TONINHO PAIVA,LOCA츒 DE MOVEIS E EQUIPAMENTOS,SOLUTION AUTOMA츒 EMPRESARIAL LTDA,39.006.762/0001-30,"344,00",04/2019
 TONINHO PAIVA,MATERIAL DE ESCRITORIO E OUTROS MATERIAIS DE CONSUMO,PRINTER SUPPORT DO BRASIL LOCAES LTDA,10.563.779/0001-07,"951,00",04/2019
 TONINHO PAIVA,MATERIAL DE ESCRITORIO E OUTROS MATERIAIS DE CONSUMO,NOVA VIDA PAPELARIA E COLETOR DIGITAL LTDA ME,25.321.968/0001-40,"2.902,00",04/2019
 TONINHO PAIVA,TELEFONE FIXO,TELEFONICA BRASIL S/A,02.558.157/0001-62,"229,55",04/2019
 TONINHO PAIVA,TELEFONE MOVEL,TELEFONICA BRASIL S/A,02.558.157/0001-62,"514,98",04/2019
 TONINHO PAIVA,COMBUSTIVEL,CENTRO AUTOMOTIVO FENIX LTDA,00.533.599/0001-29,"1.336,24",05/2019
 TONINHO PAIVA,COMPOSI츒/ARTE/DIAGRAMA츒/PRODU츒/IMPRESSAO GRAFICA,RITA DE CASSIA LAFALCE,30.674.748/0001-30,"2.895,00",05/2019
 TONINHO PAIVA,CONTRATA큐O DE PESSOA JURIDICA,MOBYWAY DESENVOLVIMENTO DE APLICATIVOS LTDA,23.114.094/0001-25,"300,00",05/2019
 TONINHO PAIVA,CONTRATA큐O DE PESSOA JURIDICA,VALIENTE RODRIGUES SOCIEDADE INDIVIDUAL DE ADVOCACIA EIRELI,24.779.279/0001-11,"5.435,00",05/2019
 TONINHO PAIVA,CONTRATA큐O DE PESSOA JURIDICA,WORK LINE SYSTEM INFORM쳆ICA LTDA,67.002.329/0001-62,"980,00",05/2019
 TONINHO PAIVA,EVENTOS/SEMINARIOS,ALAC IND.COM.ART.DE METAIS LTDA- EPP,04.191.842/0001-29,"599,00",05/2019
 TONINHO PAIVA,INTERMEDIADO - CORREIOS,CAMARA MUNICIPAL DE S츒 PAULO,50.176.288/0001-28,"4.650,37",05/2019
 TONINHO PAIVA,INTERMEDIADO - LOCA츒 DE VE펚ULOS,CAMARA MUNICIPAL DE S츒 PAULO,50.176.288/0001-28,"2.214,62",05/2019
 TONINHO PAIVA,LOCA츒 DE MOVEIS E EQUIPAMENTOS,SOLUTION AUTOMA츒 EMPRESARIAL LTDA,39.006.762/0001-30,"344,00",05/2019
 TONINHO PAIVA,MATERIAL DE ESCRITORIO E OUTROS MATERIAIS DE CONSUMO,NOVA VIDA PAPELARIA E COLETOR DIGITAL LTDA ME,25.321.968/0001-40,"1.200,00",05/2019
 TONINHO PAIVA,MATERIAL DE ESCRITORIO E OUTROS MATERIAIS DE CONSUMO,ARMARINHOS FERNANDO LTDA,48.076.228/0014-06,"44,97",05/2019
 TONINHO PAIVA,MATERIAL DE ESCRITORIO E OUTROS MATERIAIS DE CONSUMO,PAPELARIA ESTAD츒 LTDA.,62.067.384/0001-17,"1.806,20",05/2019
 TONINHO PAIVA,TELEFONE FIXO,TELEFONICA BRASIL S/A,02.558.157/0001-62,"239,18",05/2019
 TONINHO PAIVA,TELEFONE MOVEL,TELEFONICA BRASIL S/A,02.558.157/0001-62,"514,98",05/2019
 TONINHO PAIVA,COMBUSTIVEL,CENTRO AUTOMOTIVO FENIX LTDA,00.533.599/0001-29,"1.080,52",06/2019
 TONINHO PAIVA,CONTRATA큐O DE PESSOA JURIDICA,SPT SERVI큞S EMPRESARIAIS LTDA EPP,14.419.909/0001-93,"2.852,00",06/2019
 TONINHO PAIVA,CONTRATA큐O DE PESSOA JURIDICA,MOBYWAY DESENVOLVIMENTO DE APLICATIVOS LTDA,23.114.094/0001-25,"300,00",06/2019
 TONINHO PAIVA,CONTRATA큐O DE PESSOA JURIDICA,WORK LINE SYSTEM INFORM쳆ICA LTDA,67.002.329/0001-62,"980,00",06/2019
 TONINHO PAIVA,ELABORA츒/MANUTEN큐O DE SITE/HOSPEDAGEM,DANIELA PIRES ZECCHINI -ME,24.616.561/0001-88,"2.000,00",06/2019
 TONINHO PAIVA,INTERMEDIADO - CORREIOS,CAMARA MUNICIPAL DE S츒 PAULO,50.176.288/0001-28,"3.751,43",06/2019
 TONINHO PAIVA,INTERMEDIADO - LOCA츒 DE VE펚ULOS,CAMARA MUNICIPAL DE S츒 PAULO,50.176.288/0001-28,"2.214,62",06/2019
 TONINHO PAIVA,LOCA츒 DE MOVEIS E EQUIPAMENTOS,SOLUTION AUTOMA츒 EMPRESARIAL LTDA,39.006.762/0001-30,"352,38",06/2019
 TONINHO PAIVA,MATERIAL DE ESCRITORIO E OUTROS MATERIAIS DE CONSUMO,NOVA VIDA PAPELARIA E COLETOR DIGITAL LTDA ME,25.321.968/0001-40,"5.220,00",06/2019
 TONINHO PAIVA,MATERIAL DE ESCRITORIO E OUTROS MATERIAIS DE CONSUMO,PAPELARIA ESTAD츒 LTDA.,62.067.384/0001-17,"1.044,10",06/2019
 TONINHO PAIVA,TELEFONE FIXO,TELEFONICA BRASIL S/A,02.558.157/0001-62,"239,18",06/2019
 TONINHO PAIVA,TELEFONE MOVEL,TELEFONICA BRASIL S/A,02.558.157/0001-62,"514,98",06/2019
 TONINHO PAIVA,COMBUSTIVEL,CENTRO AUTOMOTIVO FENIX LTDA,00.533.599/0001-29,"979,97",07/2019
 TONINHO PAIVA,COMPOSI츒/ARTE/DIAGRAMA츒/PRODU츒/IMPRESSAO GRAFICA,RITA DE CASSIA LAFALCE,30.674.748/0001-30,"2.895,00",07/2019
 TONINHO PAIVA,CONTRATA큐O DE PESSOA JURIDICA,MOBYWAY DESENVOLVIMENTO DE APLICATIVOS LTDA,23.114.094/0001-25,"300,00",07/2019
 TONINHO PAIVA,CONTRATA큐O DE PESSOA JURIDICA,WORK LINE SYSTEM INFORM쳆ICA LTDA,67.002.329/0001-62,"4.016,00",07/2019
 TONINHO PAIVA,ELABORA츒/MANUTEN큐O DE SITE/HOSPEDAGEM,SPT SERVI큞S EMPRESARIAIS LTDA EPP,14.419.909/0001-93,"4.232,00",07/2019
 TONINHO PAIVA,INTERMEDIADO - CORREIOS,CAMARA MUNICIPAL DE S츒 PAULO,50.176.288/0001-28,"5.750,76",07/2019
 TONINHO PAIVA,INTERMEDIADO - LOCA츒 DE VE펚ULOS,CAMARA MUNICIPAL DE S츒 PAULO,50.176.288/0001-28,"2.214,62",07/2019
 TONINHO PAIVA,LOCA츒 DE MOVEIS E EQUIPAMENTOS,SOLUTION AUTOMA츒 EMPRESARIAL LTDA,39.006.762/0001-30,"344,00",07/2019
 TONINHO PAIVA,MATERIAL DE ESCRITORIO E OUTROS MATERIAIS DE CONSUMO,NOVA VIDA PAPELARIA E COLETOR DIGITAL LTDA ME,25.321.968/0001-40,"2.963,00",07/2019
 TONINHO PAIVA,TELEFONE FIXO,TELEFONICA BRASIL S/A,02.558.157/0001-62,"239,18",07/2019
 TONINHO PAIVA,TELEFONE MOVEL,TELEFONICA BRASIL S/A,02.558.157/0001-62,"514,98",07/2019
 TONINHO PAIVA,COMBUSTIVEL,CENTRO AUTOMOTIVO FENIX LTDA,00.533.599/0001-29,"1.043,30",08/2019
 TONINHO PAIVA,COMPOSI츒/ARTE/DIAGRAMA츒/PRODU츒/IMPRESSAO GRAFICA,RITA DE CASSIA LAFALCE,30.674.748/0001-30,"4.650,00",08/2019
 TONINHO PAIVA,CONTRATA큐O DE PESSOA JURIDICA,MOBYWAY DESENVOLVIMENTO DE APLICATIVOS LTDA,23.114.094/0001-25,"300,00",08/2019
 TONINHO PAIVA,CONTRATA큐O DE PESSOA JURIDICA,WORK LINE SYSTEM INFORM쳆ICA LTDA,67.002.329/0001-62,"980,00",08/2019
 TONINHO PAIVA,ELABORA츒/MANUTEN큐O DE SITE/HOSPEDAGEM,WORK LINE SYSTEM INFORM쳆ICA LTDA,67.002.329/0001-62,"2.576,00",08/2019
 TONINHO PAIVA,INTERMEDIADO - CORREIOS,CAMARA MUNICIPAL DE S츒 PAULO,50.176.288/0001-28,"4.164,01",08/2019
 TONINHO PAIVA,INTERMEDIADO - LOCA츒 DE VE펚ULOS,CAMARA MUNICIPAL DE S츒 PAULO,50.176.288/0001-28,"2.214,62",08/2019
 TONINHO PAIVA,MATERIAL DE ESCRITORIO E OUTROS MATERIAIS DE CONSUMO,NOVA VIDA PAPELARIA E COLETOR DIGITAL LTDA ME,25.321.968/0001-40,"2.136,00",08/2019
 TONINHO PAIVA,MATERIAL DE ESCRITORIO E OUTROS MATERIAIS DE CONSUMO,PAPELARIA ESTAD츒 LTDA.,62.067.384/0001-17,"1.442,00",08/2019
 TONINHO PAIVA,TELEFONE FIXO,TELEFONICA BRASIL S/A,02.558.157/0001-62,"239,18",08/2019
 TONINHO PAIVA,TELEFONE MOVEL,TELEFONICA BRASIL S/A,02.558.157/0001-62,"514,98",08/2019
 TONINHO PAIVA,COMBUSTIVEL,CENTRO AUTOMOTIVO FENIX LTDA,00.533.599/0001-29,"1.027,90",09/2019
 TONINHO PAIVA,COMPOSI츒/ARTE/DIAGRAMA츒/PRODU츒/IMPRESSAO GRAFICA,RITA DE CASSIA LAFALCE,30.674.748/0001-30,"2.895,00",09/2019
 TONINHO PAIVA,CONTRATA큐O DE PESSOA JURIDICA,MOBYWAY DESENVOLVIMENTO DE APLICATIVOS LTDA,23.114.094/0001-25,"300,00",09/2019
 TONINHO PAIVA,CONTRATA큐O DE PESSOA JURIDICA,WORK LINE SYSTEM INFORM쳆ICA LTDA,67.002.329/0001-62,"4.752,00",09/2019
 TONINHO PAIVA,INTERMEDIADO - CORREIOS,CAMARA MUNICIPAL DE S츒 PAULO,50.176.288/0001-28,"5.300,85",09/2019
 TONINHO PAIVA,INTERMEDIADO - LOCA츒 DE VE펚ULOS,CAMARA MUNICIPAL DE S츒 PAULO,50.176.288/0001-28,"2.214,62",09/2019
 TONINHO PAIVA,LOCA츒 DE MOVEIS E EQUIPAMENTOS,OFFICE TOTAL S.A,00.845.661/0007-03,"381,34",09/2019
 TONINHO PAIVA,MATERIAL DE ESCRITORIO E OUTROS MATERIAIS DE CONSUMO,NANO SERIES LTDA,15.028.158/0001-47,"228,00",09/2019
 TONINHO PAIVA,TELEFONE FIXO,TELEFONICA BRASIL S/A,02.558.157/0001-62,"239,18",09/2019
 TONINHO PAIVA,TELEFONE MOVEL,TELEFONICA BRASIL S/A,02.558.157/0001-62,"544,98",09/2019
 TONINHO PAIVA,COMBUSTIVEL,CENTRO AUTOMOTIVO FENIX LTDA,00.533.599/0001-29,"1.335,10",10/2019
 TONINHO PAIVA,COMPOSI츒/ARTE/DIAGRAMA츒/PRODU츒/IMPRESSAO GRAFICA,RITA DE CASSIA LAFALCE,30.674.748/0001-30,"2.895,00",10/2019
 TONINHO PAIVA,CONTRATA큐O DE PESSOA JURIDICA,MOBYWAY DESENVOLVIMENTO DE APLICATIVOS LTDA,23.114.094/0001-25,"300,00",10/2019
 TONINHO PAIVA,CONTRATA큐O DE PESSOA JURIDICA,VALIENTE RODRIGUES SOCIEDADE INDIVIDUAL DE ADVOCACIA EIRELI,24.779.279/0001-11,"6.154,00",10/2019
 TONINHO PAIVA,CONTRATA큐O DE PESSOA JURIDICA,WORK LINE SYSTEM INFORM쳆ICA LTDA,67.002.329/0001-62,"980,00",10/2019
 TONINHO PAIVA,ELABORA츒/MANUTEN큐O DE SITE/HOSPEDAGEM,SPT SERVI큞S EMPRESARIAIS LTDA EPP,14.419.909/0001-93,"4.876,00",10/2019
 TONINHO PAIVA,EVENTOS/SEMINARIOS,SUELI DA SILVA TEIXEIRA ME,00.757.676/0001-24,"195,00",10/2019
 TONINHO PAIVA,EVENTOS/SEMINARIOS,ARTE FLORA N. SRA. DA PENHA,01.293.300/0001-79,"100,00",10/2019
 TONINHO PAIVA,EVENTOS/SEMINARIOS,HUGO DANIEL DE JESUS SILVA- ME,22.548.679/0001-90,"799,00",10/2019
 TONINHO PAIVA,EVENTOS/SEMINARIOS,METALＢGICA SPORT BRINDES LTDA - EPP,48.782.007/0001-39,"599,00",10/2019
 TONINHO PAIVA,INTERMEDIADO - CORREIOS,CAMARA MUNICIPAL DE S츒 PAULO,50.176.288/0001-28,"4.526,88",10/2019
 TONINHO PAIVA,INTERMEDIADO - LOCA츒 DE VE펚ULOS,CAMARA MUNICIPAL DE S츒 PAULO,50.176.288/0001-28,"2.214,62",10/2019
 TONINHO PAIVA,LOCA츒 DE MOVEIS E EQUIPAMENTOS,OFFICE TOTAL S.A,00.845.661/0007-03,"356,15",10/2019
 TONINHO PAIVA,MATERIAL DE ESCRITORIO E OUTROS MATERIAIS DE CONSUMO,NOVA VIDA PAPELARIA E COLETOR DIGITAL LTDA ME,25.321.968/0001-40,"4.834,50",10/2019
 TONINHO PAIVA,MATERIAL DE ESCRITORIO E OUTROS MATERIAIS DE CONSUMO,PAPELARIA ESTAD츒 LTDA.,62.067.384/0001-17,"765,90",10/2019
 TONINHO PAIVA,TELEFONE FIXO,TELEFONICA BRASIL S/A,02.558.157/0001-62,"246,89",10/2019
 TONINHO PAIVA,TELEFONE MOVEL,TELEFONICA BRASIL S/A,02.558.157/0001-62,"544,98",10/2019
 TONINHO PAIVA,COMBUSTIVEL,CENTRO AUTOMOTIVO FENIX LTDA,00.533.599/0001-29,"1.228,55",11/2019
 TONINHO PAIVA,COMPOSI츒/ARTE/DIAGRAMA츒/PRODU츒/IMPRESSAO GRAFICA,RITA DE CASSIA LAFALCE,30.674.748/0001-30,"4.650,00",11/2019
 TONINHO PAIVA,CONTRATA큐O DE PESSOA JURIDICA,MOBYWAY DESENVOLVIMENTO DE APLICATIVOS LTDA,23.114.094/0001-25,"300,00",11/2019
 TONINHO PAIVA,CONTRATA큐O DE PESSOA JURIDICA,VALIENTE RODRIGUES SOCIEDADE INDIVIDUAL DE ADVOCACIA EIRELI,24.779.279/0001-11,"6.380,00",11/2019
 TONINHO PAIVA,CONTRATA큐O DE PESSOA JURIDICA,WORK LINE SYSTEM INFORM쳆ICA LTDA,67.002.329/0001-62,"980,00",11/2019
 TONINHO PAIVA,ELABORA츒/MANUTEN큐O DE SITE/HOSPEDAGEM,DANIELA PIRES ZECCHINI -ME,24.616.561/0001-88,"2.500,00",11/2019
 TONINHO PAIVA,INTERMEDIADO - CORREIOS,CAMARA MUNICIPAL DE S츒 PAULO,50.176.288/0001-28,"4.763,06",11/2019
 TONINHO PAIVA,INTERMEDIADO - LOCA츒 DE VE펚ULOS,CAMARA MUNICIPAL DE S츒 PAULO,50.176.288/0001-28,"2.214,62",11/2019
 TONINHO PAIVA,LOCA츒 DE MOVEIS E EQUIPAMENTOS,OFFICE TOTAL S.A,00.845.661/0007-03,"387,67",11/2019
 TONINHO PAIVA,MATERIAL DE ESCRITORIO E OUTROS MATERIAIS DE CONSUMO,NOVA VIDA PAPELARIA E COLETOR DIGITAL LTDA ME,25.321.968/0001-40,"2.963,00",11/2019
 TONINHO PAIVA,MATERIAL DE ESCRITORIO E OUTROS MATERIAIS DE CONSUMO,KALUNGA COMRCIO INDUSTRIA GR첹ICA LTDA,43.283.811/0139-95,"97,60",11/2019
 TONINHO PAIVA,MATERIAL DE ESCRITORIO E OUTROS MATERIAIS DE CONSUMO,PAPELARIA ESTAD츒 LTDA.,62.067.384/0001-17,"1.146,10",11/2019
 TONINHO PAIVA,TELEFONE FIXO,TELEFONICA BRASIL S/A,02.558.157/0001-62,"247,70",11/2019
 TONINHO PAIVA,TELEFONE MOVEL,TELEFONICA BRASIL S/A,02.558.157/0001-62,"544,98",11/2019
 TONINHO PAIVA,COMBUSTIVEL,CENTRO AUTOMOTIVO FENIX LTDA,00.533.599/0001-29,"1.279,89",12/2019
 TONINHO PAIVA,CONTRATA큐O DE PESSOA JURIDICA,MOBYWAY DESENVOLVIMENTO DE APLICATIVOS LTDA,23.114.094/0001-25,"300,00",12/2019
 TONINHO PAIVA,CONTRATA큐O DE PESSOA JURIDICA,WORK LINE SYSTEM INFORM쳆ICA LTDA,67.002.329/0001-62,"980,00",12/2019
 TONINHO PAIVA,ELABORA츒/MANUTEN큐O DE SITE/HOSPEDAGEM,DANIELA PIRES ZECCHINI -ME,24.616.561/0001-88,"2.500,00",12/2019
 TONINHO PAIVA,INTERMEDIADO - CORREIOS,CAMARA MUNICIPAL DE S츒 PAULO,50.176.288/0001-28,"3.809,34",12/2019
 TONINHO PAIVA,INTERMEDIADO - LOCA츒 DE VE펚ULOS,CAMARA MUNICIPAL DE S츒 PAULO,50.176.288/0001-28,"2.214,62",12/2019
 TONINHO PAIVA,MATERIAL DE ESCRITORIO E OUTROS MATERIAIS DE CONSUMO,RONALDO GON큐LVES CONTIM EIRELI - ME,19.731.584/0001-01,"1.182,00",12/2019
 TONINHO PAIVA,MATERIAL DE ESCRITORIO E OUTROS MATERIAIS DE CONSUMO,NOVA VIDA PAPELARIA E COLETOR DIGITAL LTDA ME,25.321.968/0001-40,"2.400,00",12/2019
 TONINHO PAIVA,MATERIAL DE ESCRITORIO E OUTROS MATERIAIS DE CONSUMO,PAPELARIA ESTAD츒 LTDA.,62.067.384/0001-17,"927,40",12/2019
 TONINHO PAIVA,TELEFONE FIXO,TELEFONICA BRASIL S/A,02.558.157/0001-62,"247,15",12/2019
 TONINHO PAIVA,TELEFONE MOVEL,TELEFONICA BRASIL S/A,02.558.157/0001-62,"544,98",12/2019
