 RINALDI DIGILIO,MATERIAL DE ESCRITORIO E OUTROS MATERIAIS DE CONSUMO,KALUNGA COM E IND GRAFICA LTDA,43.283.811/0064-33,"1.258,00",01/2017
 RINALDI DIGILIO,COMBUSTIVEL,ALMIRANTE VS AUTO POSTO LTDA,09.526.809/0001-26,"100,01",02/2017
 RINALDI DIGILIO,COMBUSTIVEL,AUTOPOSTO JUATINDIBA LTDA,62.466.370/0001-76,"345,00",02/2017
 RINALDI DIGILIO,INTERMEDIADO - LOCAÇÃO DE VEÍCULOS,CAMARA MUNICIPAL DE SÃO PAULO,50.176.288/0001-28,"1.540,86",02/2017
 RINALDI DIGILIO,MATERIAL DE ESCRITORIO E OUTROS MATERIAIS DE CONSUMO,RV PAPELARIA E BAZAR EIRELI ME,13.699.179/0001-69,"885,00",02/2017
 RINALDI DIGILIO,TELEFONE FIXO,TELEFONICA BRASIL S/A,02.558.157/0001-62,"72,00",02/2017
 RINALDI DIGILIO,TELEFONE MOVEL,TIM CELULAR S/A,04.206.050/0001-80,"466,30",02/2017
 RINALDI DIGILIO,ASSINATURA DE JORNAIS E REVISTAS,EDITORA GLOBO S/A,04.067.191/0001-60,"418,80",03/2017
 RINALDI DIGILIO,ASSINATURA DE JORNAIS E REVISTAS,ABRIL COMUNICAÇÕES S/A,44.597.052/0079-22,"694,40",03/2017
 RINALDI DIGILIO,ASSINATURA DE JORNAIS E REVISTAS,EMPRESA FOLHA DA MANHÃ S.A.,60.579.703/0031-63,"1.139,40",03/2017
 RINALDI DIGILIO,ASSINATURA DE JORNAIS E REVISTAS,S.A O ESTADO DE S. PAULO,61.533.949/0001-41,"742,56",03/2017
 RINALDI DIGILIO,COMBUSTIVEL,AUTOPOSTO JUATINDIBA LTDA,62.466.370/0001-76,"967,00",03/2017
 RINALDI DIGILIO,CONTRATAÇAO DE PESSOA JURIDICA,TECNEGOCIOS SOLUÇOES EM INFORMATICA LTDA- ME,11.521.613/0001-90,"500,00",03/2017
 RINALDI DIGILIO,INTERMEDIADO - LOCAÇÃO DE VEÍCULOS,CAMARA MUNICIPAL DE SÃO PAULO,50.176.288/0001-28,"2.101,17",03/2017
 RINALDI DIGILIO,MATERIAL DE ESCRITORIO E OUTROS MATERIAIS DE CONSUMO,KALUNGA COMÉRCIO INDÚSTRIA GRÁFICA LTDA,43.283.811/0030-94,"354,70",03/2017
 RINALDI DIGILIO,TELEFONE FIXO,TELEFONICA BRASIL S/A,02.558.157/0001-62,"151,08",03/2017
 RINALDI DIGILIO,COMBUSTIVEL,POSTO DE SERVIÇOS 23 DE MAIO LTDA.,18.811.994/0001-91,"100,00",04/2017
 RINALDI DIGILIO,COMBUSTIVEL,AUTOPOSTO JUATINDIBA LTDA,62.466.370/0001-76,"1.000,00",04/2017
 RINALDI DIGILIO,CONTRATAÇAO DE PESSOA JURIDICA,TECNEGOCIOS SOLUÇOES EM INFORMATICA LTDA- ME,11.521.613/0001-90,"249,00",04/2017
 RINALDI DIGILIO,INTERMEDIADO - LOCAÇÃO DE VEÍCULOS,CAMARA MUNICIPAL DE SÃO PAULO,50.176.288/0001-28,"2.101,17",04/2017
 RINALDI DIGILIO,TELEFONE FIXO,TELEFONICA BRASIL S/A,02.558.157/0001-62,"137,90",04/2017
 RINALDI DIGILIO,TELEFONE MOVEL,TIM CELULAR S/A,04.206.050/0001-80,"598,66",04/2017
 RINALDI DIGILIO,COMBUSTIVEL,AUTOPOSTO JUATINDIBA LTDA,62.466.370/0001-76,"1.635,00",05/2017
 RINALDI DIGILIO,COMPOSIÇÃO/ARTE/DIAGRAMAÇÃO/PRODUÇÃO/IMPRESSAO GRAFICA,CARLOS EDUARDO MAGALHÃES FRANCISCO ME,06.006.385/0001-80,"7.020,00",05/2017
 RINALDI DIGILIO,COMPOSIÇÃO/ARTE/DIAGRAMAÇÃO/PRODUÇÃO/IMPRESSAO GRAFICA,ARIANA DE PAULA CANTEIRO,11.828.188/0001-87,"845,00",05/2017
 RINALDI DIGILIO,CONTRATAÇAO DE PESSOA JURIDICA,TECNEGOCIOS SOLUÇOES EM INFORMATICA LTDA- ME,11.521.613/0001-90,"249,00",05/2017
 RINALDI DIGILIO,INTERMEDIADO - LOCAÇÃO DE VEÍCULOS,CAMARA MUNICIPAL DE SÃO PAULO,50.176.288/0001-28,"2.101,17",05/2017
 RINALDI DIGILIO,LOCAÇÃO DE MOVEIS E EQUIPAMENTOS,WAVE INFORMATICA LTDA EPP,11.090.241/0001-95,"670,00",05/2017
 RINALDI DIGILIO,TELEFONE FIXO,TELEFONICA BRASIL S/A,02.558.157/0001-62,"137,90",05/2017
 RINALDI DIGILIO,TELEFONE MOVEL,TIM CELULAR S/A,04.206.050/0001-80,"357,67",05/2017
 RINALDI DIGILIO,COMBUSTIVEL,AUTOPOSTO JUATINDIBA LTDA,62.466.370/0001-76,"1.173,00",06/2017
 RINALDI DIGILIO,CONTRATAÇAO DE PESSOA JURIDICA,WAVE INFORMATICA LTDA EPP,11.090.241/0001-95,"670,00",06/2017
 RINALDI DIGILIO,CONTRATAÇAO DE PESSOA JURIDICA,TECNEGOCIOS SOLUÇOES EM INFORMATICA LTDA- ME,11.521.613/0001-90,"249,00",06/2017
 RINALDI DIGILIO,INTERMEDIADO - LOCAÇÃO DE VEÍCULOS,CAMARA MUNICIPAL DE SÃO PAULO,50.176.288/0001-28,"2.101,17",06/2017
 RINALDI DIGILIO,MATERIAL DE ESCRITORIO E OUTROS MATERIAIS DE CONSUMO,NOVA VIDA PAPELARIA E COLETOR DIGITAL LTDA ME,25.321.968/0001-40,"395,00",06/2017
 RINALDI DIGILIO,MATERIAL DE ESCRITORIO E OUTROS MATERIAIS DE CONSUMO,KALUNGA COMÉRCIO INDUSTRIA GRÁFICA LTDA,43.283.811/0139-95,"236,70",06/2017
 RINALDI DIGILIO,TELEFONE FIXO,TELEFONICA BRASIL S/A,02.558.157/0001-62,"148,90",06/2017
 RINALDI DIGILIO,COMBUSTIVEL,AUTOPOSTO JUATINDIBA LTDA,62.466.370/0001-76,"1.399,00",07/2017
 RINALDI DIGILIO,CONTRATAÇAO DE PESSOA JURIDICA,TECNEGOCIOS SOLUÇOES EM INFORMATICA LTDA- ME,11.521.613/0001-90,"249,00",07/2017
 RINALDI DIGILIO,CONTRATAÇAO DE PESSOA JURIDICA,LEANDRO SOUZA FERREIRA ME,26.554.426/0001-80,"7.400,00",07/2017
 RINALDI DIGILIO,INTERMEDIADO - LOCAÇÃO DE VEÍCULOS,CAMARA MUNICIPAL DE SÃO PAULO,50.176.288/0001-28,"2.101,17",07/2017
 RINALDI DIGILIO,LOCAÇÃO DE MOVEIS E EQUIPAMENTOS,WAVE INFORMATICA LTDA EPP,11.090.241/0001-95,"670,00",07/2017
 RINALDI DIGILIO,TELEFONE FIXO,TELEFONICA BRASIL S/A,02.558.157/0001-62,"147,90",07/2017
 RINALDI DIGILIO,TELEFONE MOVEL,TELEFONICA BRASIL S/A,02.558.157/0001-62,"957,33",07/2017
 RINALDI DIGILIO,COMBUSTIVEL,AUTOPOSTO JUATINDIBA LTDA,62.466.370/0001-76,"1.398,00",08/2017
 RINALDI DIGILIO,CONTRATAÇAO DE PESSOA JURIDICA,TECNEGOCIOS SOLUÇOES EM INFORMATICA LTDA- ME,11.521.613/0001-90,"249,00",08/2017
 RINALDI DIGILIO,CONTRATAÇAO DE PESSOA JURIDICA,LEANDRO SOUZA FERREIRA ME,26.554.426/0001-80,"7.400,00",08/2017
 RINALDI DIGILIO,INTERMEDIADO - CORREIOS,CAMARA MUNICIPAL DE SÃO PAULO,50.176.288/0001-28,"45,54",08/2017
 RINALDI DIGILIO,INTERMEDIADO - LOCAÇÃO DE VEÍCULOS,CAMARA MUNICIPAL DE SÃO PAULO,50.176.288/0001-28,"2.101,17",08/2017
 RINALDI DIGILIO,LOCAÇÃO DE MOVEIS E EQUIPAMENTOS,WAVE INFORMATICA LTDA EPP,11.090.241/0001-95,"670,00",08/2017
 RINALDI DIGILIO,MATERIAL DE ESCRITORIO E OUTROS MATERIAIS DE CONSUMO,MICROSUPRI SP INFORMATICA LTDA,04.084.001/0001-12,"175,00",08/2017
 RINALDI DIGILIO,MATERIAL DE ESCRITORIO E OUTROS MATERIAIS DE CONSUMO,CENTER PAPEIS COMERCIAL LTDA.,06.226.820/0001-82,"59,95",08/2017
 RINALDI DIGILIO,MATERIAL DE ESCRITORIO E OUTROS MATERIAIS DE CONSUMO,KALUNGA COM. E IND. GRÁFICA LTDA,43.283.811/0177-10,"412,90",08/2017
 RINALDI DIGILIO,TELEFONE FIXO,TELEFONICA BRASIL S/A,02.558.157/0001-62,"147,90",08/2017
 RINALDI DIGILIO,TELEFONE MOVEL,TELEFONICA BRASIL S/A,02.558.157/0001-62,"1.335,22",08/2017
 RINALDI DIGILIO,COMBUSTIVEL,AUTOPOSTO JUATINDIBA LTDA,62.466.370/0001-76,"1.191,00",09/2017
 RINALDI DIGILIO,CONTRATAÇAO DE PESSOA JURIDICA,TECNEGOCIOS SOLUÇOES EM INFORMATICA LTDA- ME,11.521.613/0001-90,"249,00",09/2017
 RINALDI DIGILIO,CONTRATAÇAO DE PESSOA JURIDICA,LEANDRO SOUZA FERREIRA ME,26.554.426/0001-80,"7.400,00",09/2017
 RINALDI DIGILIO,INTERMEDIADO - LOCAÇÃO DE VEÍCULOS,CAMARA MUNICIPAL DE SÃO PAULO,50.176.288/0001-28,"2.101,17",09/2017
 RINALDI DIGILIO,LOCAÇÃO DE MOVEIS E EQUIPAMENTOS,WAVE INFORMATICA LTDA EPP,11.090.241/0001-95,"670,00",09/2017
 RINALDI DIGILIO,MATERIAL DE ESCRITORIO E OUTROS MATERIAIS DE CONSUMO,MICROSUPRI SP INFORMATICA LTDA,04.084.001/0001-12,"525,00",09/2017
 RINALDI DIGILIO,MATERIAL DE ESCRITORIO E OUTROS MATERIAIS DE CONSUMO,KALUNGA COM. E IND. GRÁFICA LTDA,43.283.811/0177-10,"119,70",09/2017
 RINALDI DIGILIO,TELEFONE FIXO,TELEFONICA BRASIL S/A,02.558.157/0001-62,"146,99",09/2017
 RINALDI DIGILIO,TELEFONE MOVEL,TELEFONICA BRASIL S/A,02.558.157/0001-62,"1.311,13",09/2017
 RINALDI DIGILIO,COMBUSTIVEL,AUTOPOSTO JUATINDIBA LTDA,62.466.370/0001-76,"928,00",10/2017
 RINALDI DIGILIO,CONTRATAÇAO DE PESSOA JURIDICA,TECNEGOCIOS SOLUÇOES EM INFORMATICA LTDA- ME,11.521.613/0001-90,"249,00",10/2017
 RINALDI DIGILIO,CONTRATAÇAO DE PESSOA JURIDICA,LEANDRO SOUZA FERREIRA ME,26.554.426/0001-80,"7.400,00",10/2017
 RINALDI DIGILIO,INTERMEDIADO - LOCAÇÃO DE VEÍCULOS,CAMARA MUNICIPAL DE SÃO PAULO,50.176.288/0001-28,"2.101,17",10/2017
 RINALDI DIGILIO,LOCAÇÃO DE MOVEIS E EQUIPAMENTOS,WAVE INFORMATICA LTDA EPP,11.090.241/0001-95,"670,00",10/2017
 RINALDI DIGILIO,MATERIAL DE ESCRITORIO E OUTROS MATERIAIS DE CONSUMO,MICROSUPRI SP INFORMATICA LTDA,04.084.001/0001-12,"754,70",10/2017
 RINALDI DIGILIO,MATERIAL DE ESCRITORIO E OUTROS MATERIAIS DE CONSUMO,KALUNGA COM. E IND. GRÁFICA LTDA,43.283.811/0177-10,"501,40",10/2017
 RINALDI DIGILIO,TELEFONE FIXO,TELEFONICA BRASIL S/A,02.558.157/0001-62,"155,36",10/2017
 RINALDI DIGILIO,TELEFONE MOVEL,TELEFONICA BRASIL S/A,02.558.157/0001-62,"1.329,28",10/2017
 RINALDI DIGILIO,ASSINATURA DE JORNAIS E REVISTAS,EDITORA GLOBO S/A,04.067.191/0001-60,"358,80",11/2017
 RINALDI DIGILIO,COMBUSTIVEL,AUTO POSTO RENOVAÇÃO LTDA,09.258.341/0001-36,"200,00",11/2017
 RINALDI DIGILIO,COMBUSTIVEL,AUTOPOSTO JUATINDIBA LTDA,62.466.370/0001-76,"632,00",11/2017
 RINALDI DIGILIO,CONTRATAÇAO DE PESSOA JURIDICA,TECNEGOCIOS SOLUÇOES EM INFORMATICA LTDA- ME,11.521.613/0001-90,"249,00",11/2017
 RINALDI DIGILIO,CONTRATAÇAO DE PESSOA JURIDICA,LEANDRO SOUZA FERREIRA ME,26.554.426/0001-80,"7.400,00",11/2017
 RINALDI DIGILIO,INTERMEDIADO - CORREIOS,CAMARA MUNICIPAL DE SÃO PAULO,50.176.288/0001-28,"77,60",11/2017
 RINALDI DIGILIO,INTERMEDIADO - LOCAÇÃO DE VEÍCULOS,CAMARA MUNICIPAL DE SÃO PAULO,50.176.288/0001-28,"2.101,17",11/2017
 RINALDI DIGILIO,LOCAÇÃO DE MOVEIS E EQUIPAMENTOS,WAVE INFORMATICA LTDA EPP,11.090.241/0001-95,"670,00",11/2017
 RINALDI DIGILIO,MATERIAL DE ESCRITORIO E OUTROS MATERIAIS DE CONSUMO,MICROSUPRI SP INFORMATICA LTDA,04.084.001/0001-12,"199,90",11/2017
 RINALDI DIGILIO,MATERIAL DE ESCRITORIO E OUTROS MATERIAIS DE CONSUMO,KALUNGA COM. E IND. GRÁFICA LTDA,43.283.811/0144-52,"157,90",11/2017
 RINALDI DIGILIO,MATERIAL DE ESCRITORIO E OUTROS MATERIAIS DE CONSUMO,KALUNGA COM. E IND. GRÁFICA LTDA,43.283.811/0177-10,"465,00",11/2017
 RINALDI DIGILIO,TELEFONE FIXO,TELEFONICA BRASIL S/A,02.558.157/0001-62,"155,30",11/2017
 RINALDI DIGILIO,TELEFONE MOVEL,TELEFONICA BRASIL S/A,02.558.157/0001-62,"1.340,13",11/2017
 RINALDI DIGILIO,COMBUSTIVEL,POSTO DE SERVIÇO RALLY LTDA,02.650.094/0001-70,"100,02",12/2017
 RINALDI DIGILIO,COMBUSTIVEL,AUTOPOSTO JUATINDIBA LTDA,62.466.370/0001-76,"458,18",12/2017
 RINALDI DIGILIO,COMPOSIÇÃO/ARTE/DIAGRAMAÇÃO/PRODUÇÃO/IMPRESSAO GRAFICA,CARLOS EDUARDO MAGALHÃES FRANCISCO ME,06.006.385/0001-80,"7.540,00",12/2017
 RINALDI DIGILIO,CONTRATAÇAO DE PESSOA JURIDICA,TECNEGOCIOS SOLUÇOES EM INFORMATICA LTDA- ME,11.521.613/0001-90,"249,00",12/2017
 RINALDI DIGILIO,CONTRATAÇAO DE PESSOA JURIDICA,LEANDRO SOUZA FERREIRA ME,26.554.426/0001-80,"7.400,00",12/2017
 RINALDI DIGILIO,INTERMEDIADO - CORREIOS,CAMARA MUNICIPAL DE SÃO PAULO,50.176.288/0001-28,"13,11",12/2017
 RINALDI DIGILIO,INTERMEDIADO - LOCAÇÃO DE VEÍCULOS,CAMARA MUNICIPAL DE SÃO PAULO,50.176.288/0001-28,"2.101,17",12/2017
 RINALDI DIGILIO,LOCAÇÃO DE MOVEIS E EQUIPAMENTOS,WAVE INFORMATICA LTDA EPP,11.090.241/0001-95,"670,00",12/2017
 RINALDI DIGILIO,TELEFONE FIXO,TELEFONICA BRASIL S/A,02.558.157/0001-62,"157,75",12/2017
 RINALDI DIGILIO,TELEFONE MOVEL,TELEFONICA BRASIL S/A,02.558.157/0001-62,"1.306,89",12/2017
 RINALDI DIGILIO,COMBUSTIVEL,POSTO DE SERVIÇO RALLY LTDA,02.650.094/0001-70,"188,00",01/2018
 RINALDI DIGILIO,COMBUSTIVEL,AUTOPOSTO JUATINDIBA LTDA,62.466.370/0001-76,"194,00",01/2018
 RINALDI DIGILIO,CONTRATAÇAO DE PESSOA JURIDICA,TECNEGOCIOS SOLUÇOES EM INFORMATICA LTDA- ME,11.521.613/0001-90,"249,00",01/2018
 RINALDI DIGILIO,CONTRATAÇAO DE PESSOA JURIDICA,LEANDRO SOUZA FERREIRA ME,26.554.426/0001-80,"7.400,00",01/2018
 RINALDI DIGILIO,INTERMEDIADO - LOCAÇÃO DE VEÍCULOS,CAMARA MUNICIPAL DE SÃO PAULO,50.176.288/0001-28,"2.137,42",01/2018
 RINALDI DIGILIO,LOCAÇÃO DE MOVEIS E EQUIPAMENTOS,WAVE INFORMATICA LTDA EPP,11.090.241/0001-95,"670,00",01/2018
 RINALDI DIGILIO,TELEFONE FIXO,TELEFONICA BRASIL S/A,02.558.157/0001-62,"157,75",01/2018
 RINALDI DIGILIO,TELEFONE MOVEL,TELEFONICA BRASIL S/A,02.558.157/0001-62,"1.269,60",01/2018
 RINALDI DIGILIO,COMBUSTIVEL,AUTOPOSTO JUATINDIBA LTDA,62.466.370/0001-76,"803,20",02/2018
 RINALDI DIGILIO,CONTRATAÇAO DE PESSOA JURIDICA,TECNEGOCIOS SOLUÇOES EM INFORMATICA LTDA- ME,11.521.613/0001-90,"249,00",02/2018
 RINALDI DIGILIO,CONTRATAÇAO DE PESSOA JURIDICA,LEANDRO SOUZA FERREIRA ME,26.554.426/0001-80,"7.400,00",02/2018
 RINALDI DIGILIO,INTERMEDIADO - CORREIOS,CAMARA MUNICIPAL DE SÃO PAULO,50.176.288/0001-28,"132,77",02/2018
 RINALDI DIGILIO,INTERMEDIADO - LOCAÇÃO DE VEÍCULOS,CAMARA MUNICIPAL DE SÃO PAULO,50.176.288/0001-28,"2.148,45",02/2018
 RINALDI DIGILIO,INTERMEDIADO - REPROGRAFIA (XEROX/ENCADERNAÇÃO),CAMARA MUNICIPAL DE SÃO PAULO,50.176.288/0001-28,"105,00",02/2018
 RINALDI DIGILIO,LOCAÇÃO DE MOVEIS E EQUIPAMENTOS,WAVE INFORMATICA LTDA EPP,11.090.241/0001-95,"670,00",02/2018
 RINALDI DIGILIO,MATERIAL DE ESCRITORIO E OUTROS MATERIAIS DE CONSUMO,MICROSUPRI SP INFORMATICA LTDA,04.084.001/0001-12,"199,00",02/2018
 RINALDI DIGILIO,MATERIAL DE ESCRITORIO E OUTROS MATERIAIS DE CONSUMO,KALUNGA COM. E IND. GRÁFICA LTDA,43.283.811/0177-10,"33,60",02/2018
 RINALDI DIGILIO,TELEFONE FIXO,TELEFONICA BRASIL S/A,02.558.157/0001-62,"157,75",02/2018
 RINALDI DIGILIO,TELEFONE MOVEL,TELEFONICA BRASIL S/A,02.558.157/0001-62,"1.418,55",02/2018
 RINALDI DIGILIO,ASSINATURA DE JORNAIS E REVISTAS,EMPRESA FOLHA DA MANHÃ S.A.,60.579.703/0031-63,"1.199,40",03/2018
 RINALDI DIGILIO,COMBUSTIVEL,AUTOPOSTO JUATINDIBA LTDA,62.466.370/0001-76,"844,00",03/2018
 RINALDI DIGILIO,CONTRATAÇAO DE PESSOA JURIDICA,TECNEGOCIOS SOLUÇOES EM INFORMATICA LTDA- ME,11.521.613/0001-90,"249,00",03/2018
 RINALDI DIGILIO,CONTRATAÇAO DE PESSOA JURIDICA,LEANDRO SOUZA FERREIRA ME,26.554.426/0001-80,"7.400,00",03/2018
 RINALDI DIGILIO,INTERMEDIADO - CORREIOS,CAMARA MUNICIPAL DE SÃO PAULO,50.176.288/0001-28,"129,93",03/2018
 RINALDI DIGILIO,INTERMEDIADO - LOCAÇÃO DE VEÍCULOS,CAMARA MUNICIPAL DE SÃO PAULO,50.176.288/0001-28,"2.148,45",03/2018
 RINALDI DIGILIO,LOCAÇÃO DE MOVEIS E EQUIPAMENTOS,WAVE INFORMATICA LTDA EPP,11.090.241/0001-95,"670,00",03/2018
 RINALDI DIGILIO,TELEFONE FIXO,TELEFONICA BRASIL S/A,02.558.157/0001-62,"157,75",03/2018
 RINALDI DIGILIO,TELEFONE MOVEL,TELEFONICA BRASIL S/A,02.558.157/0001-62,"1.320,68",03/2018
 RINALDI DIGILIO,ASSINATURA DE JORNAIS E REVISTAS,ABRIL COMUNICAÇÕES S/A,44.597.052/0079-22,"610,10",04/2018
 RINALDI DIGILIO,COMBUSTIVEL,AUTOPOSTO JUATINDIBA LTDA,62.466.370/0001-76,"1.078,50",04/2018
 RINALDI DIGILIO,COMPOSIÇÃO/ARTE/DIAGRAMAÇÃO/PRODUÇÃO/IMPRESSAO GRAFICA,CARLOS EDUARDO MAGALHÃES FRANCISCO ME,06.006.385/0001-80,"5.840,00",04/2018
 RINALDI DIGILIO,CONTRATAÇAO DE PESSOA JURIDICA,TECNEGOCIOS SOLUÇOES EM INFORMATICA LTDA- ME,11.521.613/0001-90,"249,00",04/2018
 RINALDI DIGILIO,CONTRATAÇAO DE PESSOA JURIDICA,LEANDRO SOUZA FERREIRA ME,26.554.426/0001-80,"7.400,00",04/2018
 RINALDI DIGILIO,INTERMEDIADO - CORREIOS,CAMARA MUNICIPAL DE SÃO PAULO,50.176.288/0001-28,"292,80",04/2018
 RINALDI DIGILIO,INTERMEDIADO - LOCAÇÃO DE VEÍCULOS,CAMARA MUNICIPAL DE SÃO PAULO,50.176.288/0001-28,"2.148,45",04/2018
 RINALDI DIGILIO,LOCAÇÃO DE MOVEIS E EQUIPAMENTOS,WAVE INFORMATICA LTDA EPP,11.090.241/0001-95,"1.361,00",04/2018
 RINALDI DIGILIO,TELEFONE FIXO,TELEFONICA BRASIL S/A,02.558.157/0001-62,"157,75",04/2018
 RINALDI DIGILIO,TELEFONE MOVEL,TELEFONICA BRASIL S/A,02.558.157/0001-62,"1.003,14",04/2018
 RINALDI DIGILIO,COMBUSTIVEL,AUTOPOSTO JUATINDIBA LTDA,62.466.370/0001-76,"1.475,00",05/2018
 RINALDI DIGILIO,CONTRATAÇAO DE PESSOA JURIDICA,TECNEGOCIOS SOLUÇOES EM INFORMATICA LTDA- ME,11.521.613/0001-90,"249,00",05/2018
 RINALDI DIGILIO,CONTRATAÇAO DE PESSOA JURIDICA,LEANDRO SOUZA FERREIRA ME,26.554.426/0001-80,"7.400,00",05/2018
 RINALDI DIGILIO,INTERMEDIADO - CORREIOS,CAMARA MUNICIPAL DE SÃO PAULO,50.176.288/0001-28,"302,46",05/2018
 RINALDI DIGILIO,INTERMEDIADO - LOCAÇÃO DE VEÍCULOS,CAMARA MUNICIPAL DE SÃO PAULO,50.176.288/0001-28,"2.148,45",05/2018
 RINALDI DIGILIO,LOCAÇÃO DE MOVEIS E EQUIPAMENTOS,WAVE INFORMATICA LTDA EPP,11.090.241/0001-95,"1.361,00",05/2018
 RINALDI DIGILIO,MATERIAL DE ESCRITORIO E OUTROS MATERIAIS DE CONSUMO,MICROSUPRI SP INFORMATICA LTDA,04.084.001/0001-12,"239,90",05/2018
 RINALDI DIGILIO,MATERIAL DE ESCRITORIO E OUTROS MATERIAIS DE CONSUMO,PAPELARIA E BAZAR POLGRYMAS LTDA,43.899.665/0001-91,"261,02",05/2018
 RINALDI DIGILIO,TELEFONE FIXO,TELEFONICA BRASIL S/A,02.558.157/0001-62,"157,75",05/2018
 RINALDI DIGILIO,TELEFONE MOVEL,TELEFONICA BRASIL S/A,02.558.157/0001-62,"1.028,34",05/2018
 RINALDI DIGILIO,ASSINATURA DE JORNAIS E REVISTAS,ABRIL COMUNICAÇÕES S/A,44.597.052/0079-22,"428,82",06/2018
 RINALDI DIGILIO,COMBUSTIVEL,AUTOPOSTO JUATINDIBA LTDA,62.466.370/0001-76,"934,00",06/2018
 RINALDI DIGILIO,COMPOSIÇÃO/ARTE/DIAGRAMAÇÃO/PRODUÇÃO/IMPRESSAO GRAFICA,CARLOS EDUARDO MAGALHÃES FRANCISCO ME,06.006.385/0001-80,"7.560,00",06/2018
 RINALDI DIGILIO,CONTRATAÇAO DE PESSOA JURIDICA,TECNEGOCIOS SOLUÇOES EM INFORMATICA LTDA- ME,11.521.613/0001-90,"249,00",06/2018
 RINALDI DIGILIO,CONTRATAÇAO DE PESSOA JURIDICA,LEANDRO SOUZA FERREIRA ME,26.554.426/0001-80,"7.400,00",06/2018
 RINALDI DIGILIO,INTERMEDIADO - CORREIOS,CAMARA MUNICIPAL DE SÃO PAULO,50.176.288/0001-28,"207,32",06/2018
 RINALDI DIGILIO,INTERMEDIADO - LOCAÇÃO DE VEÍCULOS,CAMARA MUNICIPAL DE SÃO PAULO,50.176.288/0001-28,"2.148,45",06/2018
 RINALDI DIGILIO,LOCAÇÃO DE MOVEIS E EQUIPAMENTOS,WAVE INFORMATICA LTDA EPP,11.090.241/0001-95,"1.361,00",06/2018
 RINALDI DIGILIO,TELEFONE FIXO,TELEFONICA BRASIL S/A,02.558.157/0001-62,"157,75",06/2018
 RINALDI DIGILIO,TELEFONE MOVEL,TELEFONICA BRASIL S/A,02.558.157/0001-62,"986,31",06/2018
 RINALDI DIGILIO,COMBUSTIVEL,AUTOPOSTO JUATINDIBA LTDA,62.466.370/0001-76,"1.463,00",07/2018
 RINALDI DIGILIO,CONTRATAÇAO DE PESSOA JURIDICA,TECNEGOCIOS SOLUÇOES EM INFORMATICA LTDA- ME,11.521.613/0001-90,"249,00",07/2018
 RINALDI DIGILIO,CONTRATAÇAO DE PESSOA JURIDICA,LEANDRO SOUZA FERREIRA ME,26.554.426/0001-80,"7.400,00",07/2018
 RINALDI DIGILIO,INTERMEDIADO - CORREIOS,CAMARA MUNICIPAL DE SÃO PAULO,50.176.288/0001-28,"270,51",07/2018
 RINALDI DIGILIO,INTERMEDIADO - LOCAÇÃO DE VEÍCULOS,CAMARA MUNICIPAL DE SÃO PAULO,50.176.288/0001-28,"2.148,45",07/2018
 RINALDI DIGILIO,LOCAÇÃO DE MOVEIS E EQUIPAMENTOS,WAVE INFORMATICA LTDA EPP,11.090.241/0001-95,"1.361,00",07/2018
 RINALDI DIGILIO,TELEFONE MOVEL,TELEFONICA BRASIL S/A,02.558.157/0001-62,"993,64",07/2018
 RINALDI DIGILIO,COMBUSTIVEL,AUTOPOSTO JUATINDIBA LTDA,62.466.370/0001-76,"684,00",08/2018
 RINALDI DIGILIO,CONTRATAÇAO DE PESSOA JURIDICA,TECNEGOCIOS SOLUÇOES EM INFORMATICA LTDA- ME,11.521.613/0001-90,"249,00",08/2018
 RINALDI DIGILIO,CONTRATAÇAO DE PESSOA JURIDICA,LEANDRO SOUZA FERREIRA ME,26.554.426/0001-80,"7.400,00",08/2018
 RINALDI DIGILIO,INTERMEDIADO - CORREIOS,CAMARA MUNICIPAL DE SÃO PAULO,50.176.288/0001-28,"284,94",08/2018
 RINALDI DIGILIO,INTERMEDIADO - LOCAÇÃO DE VEÍCULOS,CAMARA MUNICIPAL DE SÃO PAULO,50.176.288/0001-28,"2.148,45",08/2018
 RINALDI DIGILIO,LOCAÇÃO DE MOVEIS E EQUIPAMENTOS,WAVE INFORMATICA LTDA EPP,11.090.241/0001-95,"1.361,00",08/2018
 RINALDI DIGILIO,TELEFONE FIXO,TELEFONICA BRASIL S/A,02.558.157/0001-62,"157,75",08/2018
 RINALDI DIGILIO,TELEFONE MOVEL,TELEFONICA BRASIL S/A,02.558.157/0001-62,"1.027,22",08/2018
 RINALDI DIGILIO,COMBUSTIVEL,AUTOPOSTO JUATINDIBA LTDA,62.466.370/0001-76,"1.631,00",09/2018
 RINALDI DIGILIO,CONTRATAÇAO DE PESSOA JURIDICA,TECNEGOCIOS SOLUÇOES EM INFORMATICA LTDA- ME,11.521.613/0001-90,"249,00",09/2018
 RINALDI DIGILIO,CONTRATAÇAO DE PESSOA JURIDICA,LEANDRO SOUZA FERREIRA ME,26.554.426/0001-80,"7.400,00",09/2018
 RINALDI DIGILIO,INTERMEDIADO - CORREIOS,CAMARA MUNICIPAL DE SÃO PAULO,50.176.288/0001-28,"248,52",09/2018
 RINALDI DIGILIO,INTERMEDIADO - LOCAÇÃO DE VEÍCULOS,CAMARA MUNICIPAL DE SÃO PAULO,50.176.288/0001-28,"2.148,45",09/2018
 RINALDI DIGILIO,LOCAÇÃO DE MOVEIS E EQUIPAMENTOS,WAVE INFORMATICA LTDA EPP,11.090.241/0001-95,"1.361,00",09/2018
 RINALDI DIGILIO,MATERIAL DE ESCRITORIO E OUTROS MATERIAIS DE CONSUMO,MICROSUPRI SP INFORMATICA LTDA,04.084.001/0001-12,"239,90",09/2018
 RINALDI DIGILIO,MATERIAL DE ESCRITORIO E OUTROS MATERIAIS DE CONSUMO,PAPELARIA E BAZAR POLGRYMAS LTDA,43.899.665/0001-91,"186,90",09/2018
 RINALDI DIGILIO,TELEFONE FIXO,TELEFONICA BRASIL S/A,02.558.157/0001-62,"157,75",09/2018
 RINALDI DIGILIO,TELEFONE MOVEL,TELEFONICA BRASIL S/A,02.558.157/0001-62,"1.007,46",09/2018
 RINALDI DIGILIO,COMBUSTIVEL,AUTOPOSTO JUATINDIBA LTDA,62.466.370/0001-76,"1.637,00",10/2018
 RINALDI DIGILIO,CONTRATAÇAO DE PESSOA JURIDICA,TECNEGOCIOS SOLUÇOES EM INFORMATICA LTDA- ME,11.521.613/0001-90,"249,00",10/2018
 RINALDI DIGILIO,CONTRATAÇAO DE PESSOA JURIDICA,LEANDRO SOUZA FERREIRA ME,26.554.426/0001-80,"7.400,00",10/2018
 RINALDI DIGILIO,INTERMEDIADO - CORREIOS,CAMARA MUNICIPAL DE SÃO PAULO,50.176.288/0001-28,"127,80",10/2018
 RINALDI DIGILIO,INTERMEDIADO - LOCAÇÃO DE VEÍCULOS,CAMARA MUNICIPAL DE SÃO PAULO,50.176.288/0001-28,"2.148,45",10/2018
 RINALDI DIGILIO,LOCAÇÃO DE MOVEIS E EQUIPAMENTOS,WAVE INFORMATICA LTDA EPP,11.090.241/0001-95,"1.361,00",10/2018
 RINALDI DIGILIO,TELEFONE FIXO,TELEFONICA BRASIL S/A,02.558.157/0001-62,"167,59",10/2018
 RINALDI DIGILIO,TELEFONE MOVEL,TELEFONICA BRASIL S/A,02.558.157/0001-62,"1.018,41",10/2018
 RINALDI DIGILIO,COMBUSTIVEL,AUTOPOSTO JUATINDIBA LTDA,62.466.370/0001-76,"1.110,90",11/2018
 RINALDI DIGILIO,CONTRATAÇAO DE PESSOA JURIDICA,TECNEGOCIOS SOLUÇOES EM INFORMATICA LTDA- ME,11.521.613/0001-90,"249,00",11/2018
 RINALDI DIGILIO,CONTRATAÇAO DE PESSOA JURIDICA,LEANDRO SOUZA FERREIRA ME,26.554.426/0001-80,"7.400,00",11/2018
 RINALDI DIGILIO,INTERMEDIADO - CORREIOS,CAMARA MUNICIPAL DE SÃO PAULO,50.176.288/0001-28,"465,76",11/2018
 RINALDI DIGILIO,INTERMEDIADO - LOCAÇÃO DE VEÍCULOS,CAMARA MUNICIPAL DE SÃO PAULO,50.176.288/0001-28,"2.148,45",11/2018
 RINALDI DIGILIO,LOCAÇÃO DE MOVEIS E EQUIPAMENTOS,WAVE INFORMATICA LTDA EPP,11.090.241/0001-95,"1.361,00",11/2018
 RINALDI DIGILIO,MATERIAL DE ESCRITORIO E OUTROS MATERIAIS DE CONSUMO,MICROSUPRI SP INFORMATICA LTDA,04.084.001/0001-12,"345,00",11/2018
 RINALDI DIGILIO,MATERIAL DE ESCRITORIO E OUTROS MATERIAIS DE CONSUMO,PAPELARIA E BAZAR POLGRYMAS LTDA,43.899.665/0001-91,"461,23",11/2018
 RINALDI DIGILIO,TELEFONE FIXO,TELEFONICA BRASIL S/A,02.558.157/0001-62,"167,59",11/2018
 RINALDI DIGILIO,TELEFONE MOVEL,TELEFONICA BRASIL S/A,02.558.157/0001-62,"415,41",11/2018
 RINALDI DIGILIO,COMBUSTIVEL,AUTOPOSTO JUATINDIBA LTDA,62.466.370/0001-76,"994,00",12/2018
 RINALDI DIGILIO,COMPOSIÇÃO/ARTE/DIAGRAMAÇÃO/PRODUÇÃO/IMPRESSAO GRAFICA,MK TRABALHOS DE ARTE LTDA. ME,12.627.224/0001-07,"676,08",12/2018
 RINALDI DIGILIO,CONTRATAÇAO DE PESSOA JURIDICA,TECNEGOCIOS SOLUÇOES EM INFORMATICA LTDA- ME,11.521.613/0001-90,"249,00",12/2018
 RINALDI DIGILIO,CONTRATAÇAO DE PESSOA JURIDICA,LEANDRO SOUZA FERREIRA ME,26.554.426/0001-80,"7.400,00",12/2018
 RINALDI DIGILIO,INTERMEDIADO - CORREIOS,CAMARA MUNICIPAL DE SÃO PAULO,50.176.288/0001-28,"517,44",12/2018
 RINALDI DIGILIO,INTERMEDIADO - LOCAÇÃO DE VEÍCULOS,CAMARA MUNICIPAL DE SÃO PAULO,50.176.288/0001-28,"2.148,45",12/2018
 RINALDI DIGILIO,LOCAÇÃO DE MOVEIS E EQUIPAMENTOS,WAVE INFORMATICA LTDA EPP,11.090.241/0001-95,"1.361,00",12/2018
 RINALDI DIGILIO,ASSINATURA DE JORNAIS E REVISTAS,EDITORA GLOBO S.A. PARQUE GRÁFICO,04.067.191/0007-55,"418,74",01/2019
 RINALDI DIGILIO,COMBUSTIVEL,AUTOPOSTO JUATINDIBA LTDA,62.466.370/0001-76,"200,00",01/2019
 RINALDI DIGILIO,CONTRATAÇAO DE PESSOA JURIDICA,TECNEGOCIOS SOLUÇOES EM INFORMATICA LTDA- ME,11.521.613/0001-90,"249,00",01/2019
 RINALDI DIGILIO,CONTRATAÇAO DE PESSOA JURIDICA,LEANDRO SOUZA FERREIRA ME,26.554.426/0001-80,"7.400,00",01/2019
 RINALDI DIGILIO,INTERMEDIADO - CORREIOS,CAMARA MUNICIPAL DE SÃO PAULO,50.176.288/0001-28,"548,12",01/2019
 RINALDI DIGILIO,INTERMEDIADO - LOCAÇÃO DE VEÍCULOS,CAMARA MUNICIPAL DE SÃO PAULO,50.176.288/0001-28,"2.199,17",01/2019
 RINALDI DIGILIO,LOCAÇÃO DE MOVEIS E EQUIPAMENTOS,WAVE INFORMATICA LTDA EPP,11.090.241/0001-95,"1.361,00",01/2019
 RINALDI DIGILIO,TELEFONE FIXO,TELEFONICA BRASIL S/A,02.558.157/0001-62,"167,59",01/2019
 RINALDI DIGILIO,ASSINATURA DE JORNAIS E REVISTAS,EMPRESA FOLHA DA MANHÃ S.A.,60.579.703/0031-63,"1.313,40",02/2019
 RINALDI DIGILIO,CONTRATAÇAO DE PESSOA JURIDICA,TECNEGOCIOS SOLUÇOES EM INFORMATICA LTDA- ME,11.521.613/0001-90,"249,00",02/2019
 RINALDI DIGILIO,CONTRATAÇAO DE PESSOA JURIDICA,LEANDRO SOUZA FERREIRA ME,26.554.426/0001-80,"7.400,00",02/2019
 RINALDI DIGILIO,INTERMEDIADO - CORREIOS,CAMARA MUNICIPAL DE SÃO PAULO,50.176.288/0001-28,"340,80",02/2019
 RINALDI DIGILIO,INTERMEDIADO - LOCAÇÃO DE VEÍCULOS,CAMARA MUNICIPAL DE SÃO PAULO,50.176.288/0001-28,"2.214,62",02/2019
 RINALDI DIGILIO,LOCAÇÃO DE MOVEIS E EQUIPAMENTOS,WAVE INFORMATICA LTDA EPP,11.090.241/0001-95,"1.361,00",02/2019
 RINALDI DIGILIO,COMBUSTIVEL,AUTOPOSTO JUATINDIBA LTDA,62.466.370/0001-76,"1.020,00",03/2019
 RINALDI DIGILIO,CONTRATAÇAO DE PESSOA JURIDICA,TECNEGOCIOS SOLUÇOES EM INFORMATICA LTDA- ME,11.521.613/0001-90,"249,00",03/2019
 RINALDI DIGILIO,CONTRATAÇAO DE PESSOA JURIDICA,LEANDRO SOUZA FERREIRA ME,26.554.426/0001-80,"7.400,00",03/2019
 RINALDI DIGILIO,INTERMEDIADO - CORREIOS,CAMARA MUNICIPAL DE SÃO PAULO,50.176.288/0001-28,"276,90",03/2019
 RINALDI DIGILIO,INTERMEDIADO - LOCAÇÃO DE VEÍCULOS,CAMARA MUNICIPAL DE SÃO PAULO,50.176.288/0001-28,"2.214,62",03/2019
 RINALDI DIGILIO,LOCAÇÃO DE MOVEIS E EQUIPAMENTOS,WAVE INFORMATICA LTDA EPP,11.090.241/0001-95,"1.361,00",03/2019
 RINALDI DIGILIO,TELEFONE FIXO,TELEFONICA BRASIL S/A,02.558.157/0001-62,"167,59",03/2019
 RINALDI DIGILIO,COMBUSTIVEL,AUTOPOSTO JUATINDIBA LTDA,62.466.370/0001-76,"1.294,00",04/2019
 RINALDI DIGILIO,COMPOSIÇÃO/ARTE/DIAGRAMAÇÃO/PRODUÇÃO/IMPRESSAO GRAFICA,CARLOS EDUARDO MAGALHÃES FRANCISCO ME,06.006.385/0001-80,"7.345,00",04/2019
 RINALDI DIGILIO,CONTRATAÇAO DE PESSOA JURIDICA,TECNEGOCIOS SOLUÇOES EM INFORMATICA LTDA- ME,11.521.613/0001-90,"249,00",04/2019
 RINALDI DIGILIO,CONTRATAÇAO DE PESSOA JURIDICA,LEANDRO SOUZA FERREIRA ME,26.554.426/0001-80,"7.400,00",04/2019
 RINALDI DIGILIO,INTERMEDIADO - CORREIOS,CAMARA MUNICIPAL DE SÃO PAULO,50.176.288/0001-28,"1.322,65",04/2019
 RINALDI DIGILIO,INTERMEDIADO - LOCAÇÃO DE VEÍCULOS,CAMARA MUNICIPAL DE SÃO PAULO,50.176.288/0001-28,"2.214,62",04/2019
 RINALDI DIGILIO,LOCAÇÃO DE MOVEIS E EQUIPAMENTOS,WAVE INFORMATICA LTDA EPP,11.090.241/0001-95,"1.361,00",04/2019
 RINALDI DIGILIO,MATERIAL DE ESCRITORIO E OUTROS MATERIAIS DE CONSUMO,PAPELARIA E BAZAR POLGRYMAS LTDA,43.899.665/0001-91,"455,32",04/2019
 RINALDI DIGILIO,TELEFONE FIXO,TELEFONICA BRASIL S/A,02.558.157/0001-62,"171,85",04/2019
 RINALDI DIGILIO,COMBUSTIVEL,AUTOPOSTO JUATINDIBA LTDA,62.466.370/0001-76,"1.917,00",05/2019
 RINALDI DIGILIO,CONTRATAÇAO DE PESSOA JURIDICA,TECNEGOCIOS SOLUÇOES EM INFORMATICA LTDA- ME,11.521.613/0001-90,"249,00",05/2019
 RINALDI DIGILIO,CONTRATAÇAO DE PESSOA JURIDICA,LEANDRO SOUZA FERREIRA ME,26.554.426/0001-80,"7.400,00",05/2019
 RINALDI DIGILIO,INTERMEDIADO - CORREIOS,CAMARA MUNICIPAL DE SÃO PAULO,50.176.288/0001-28,"200,93",05/2019
 RINALDI DIGILIO,INTERMEDIADO - LOCAÇÃO DE VEÍCULOS,CAMARA MUNICIPAL DE SÃO PAULO,50.176.288/0001-28,"2.214,62",05/2019
 RINALDI DIGILIO,LOCAÇÃO DE MOVEIS E EQUIPAMENTOS,WAVE INFORMATICA LTDA EPP,11.090.241/0001-95,"1.361,00",05/2019
 RINALDI DIGILIO,MATERIAL DE ESCRITORIO E OUTROS MATERIAIS DE CONSUMO,PAPELARIA E BAZAR POLGRYMAS LTDA,43.899.665/0001-91,"516,08",05/2019
 RINALDI DIGILIO,TELEFONE FIXO,TELEFONICA BRASIL S/A,02.558.157/0001-62,"171,85",05/2019
 RINALDI DIGILIO,TELEFONE MOVEL,TELEFONICA BRASIL S/A,02.558.157/0001-62,"523,12",05/2019
 RINALDI DIGILIO,COMBUSTIVEL,AUTOPOSTO JUATINDIBA LTDA,62.466.370/0001-76,"1.962,00",06/2019
 RINALDI DIGILIO,COMPOSIÇÃO/ARTE/DIAGRAMAÇÃO/PRODUÇÃO/IMPRESSAO GRAFICA,CARLOS EDUARDO MAGALHÃES FRANCISCO ME,06.006.385/0001-80,"6.920,00",06/2019
 RINALDI DIGILIO,CONTRATAÇAO DE PESSOA JURIDICA,TECNEGOCIOS SOLUÇOES EM INFORMATICA LTDA- ME,11.521.613/0001-90,"249,00",06/2019
 RINALDI DIGILIO,CONTRATAÇAO DE PESSOA JURIDICA,LEANDRO SOUZA FERREIRA ME,26.554.426/0001-80,"7.400,00",06/2019
 RINALDI DIGILIO,INTERMEDIADO - CORREIOS,CAMARA MUNICIPAL DE SÃO PAULO,50.176.288/0001-28,"719,72",06/2019
 RINALDI DIGILIO,INTERMEDIADO - LOCAÇÃO DE VEÍCULOS,CAMARA MUNICIPAL DE SÃO PAULO,50.176.288/0001-28,"2.214,62",06/2019
 RINALDI DIGILIO,LOCAÇÃO DE MOVEIS E EQUIPAMENTOS,WAVE INFORMATICA LTDA EPP,11.090.241/0001-95,"1.361,00",06/2019
 RINALDI DIGILIO,TELEFONE FIXO,TELEFONICA BRASIL S/A,02.558.157/0001-62,"171,85",06/2019
 RINALDI DIGILIO,TELEFONE MOVEL,TELEFONICA BRASIL S/A,02.558.157/0001-62,"517,28",06/2019
 RINALDI DIGILIO,COMBUSTIVEL,AUTOPOSTO JUATINDIBA LTDA,62.466.370/0001-76,"720,00",07/2019
 RINALDI DIGILIO,CONTRATAÇAO DE PESSOA JURIDICA,TECNEGOCIOS SOLUÇOES EM INFORMATICA LTDA- ME,11.521.613/0001-90,"249,00",07/2019
 RINALDI DIGILIO,CONTRATAÇAO DE PESSOA JURIDICA,LEANDRO SOUZA FERREIRA ME,26.554.426/0001-80,"7.400,00",07/2019
 RINALDI DIGILIO,INTERMEDIADO - CORREIOS,CAMARA MUNICIPAL DE SÃO PAULO,50.176.288/0001-28,"652,96",07/2019
 RINALDI DIGILIO,INTERMEDIADO - LOCAÇÃO DE VEÍCULOS,CAMARA MUNICIPAL DE SÃO PAULO,50.176.288/0001-28,"2.214,62",07/2019
 RINALDI DIGILIO,LOCAÇÃO DE MOVEIS E EQUIPAMENTOS,WAVE INFORMATICA LTDA EPP,11.090.241/0001-95,"1.361,00",07/2019
 RINALDI DIGILIO,TELEFONE FIXO,TELEFONICA BRASIL S/A,02.558.157/0001-62,"175,57",07/2019
 RINALDI DIGILIO,TELEFONE MOVEL,TELEFONICA BRASIL S/A,02.558.157/0001-62,"468,88",07/2019
 RINALDI DIGILIO,COMBUSTIVEL,AUTOPOSTO JUATINDIBA LTDA,62.466.370/0001-76,"358,00",08/2019
 RINALDI DIGILIO,COMPOSIÇÃO/ARTE/DIAGRAMAÇÃO/PRODUÇÃO/IMPRESSAO GRAFICA,CARLOS EDUARDO MAGALHÃES FRANCISCO ME,06.006.385/0001-80,"6.680,00",08/2019
 RINALDI DIGILIO,CONTRATAÇAO DE PESSOA JURIDICA,TECNEGOCIOS SOLUÇOES EM INFORMATICA LTDA- ME,11.521.613/0001-90,"249,00",08/2019
 RINALDI DIGILIO,CONTRATAÇAO DE PESSOA JURIDICA,LEANDRO SOUZA FERREIRA ME,26.554.426/0001-80,"7.400,00",08/2019
 RINALDI DIGILIO,INTERMEDIADO - CORREIOS,CAMARA MUNICIPAL DE SÃO PAULO,50.176.288/0001-28,"599,28",08/2019
 RINALDI DIGILIO,INTERMEDIADO - LOCAÇÃO DE VEÍCULOS,CAMARA MUNICIPAL DE SÃO PAULO,50.176.288/0001-28,"2.214,62",08/2019
 RINALDI DIGILIO,LOCAÇÃO DE MOVEIS E EQUIPAMENTOS,WAVE INFORMATICA LTDA EPP,11.090.241/0001-95,"1.361,00",08/2019
 RINALDI DIGILIO,MATERIAL DE ESCRITORIO E OUTROS MATERIAIS DE CONSUMO,PAPELARIA E BAZAR POLGRYMAS LTDA,43.899.665/0001-91,"485,31",08/2019
 RINALDI DIGILIO,TELEFONE FIXO,TELEFONICA BRASIL S/A,02.558.157/0001-62,"174,71",08/2019
 RINALDI DIGILIO,TELEFONE MOVEL,TELEFONICA BRASIL S/A,02.558.157/0001-62,"613,81",08/2019
 RINALDI DIGILIO,COMBUSTIVEL,AUTOPOSTO JUATINDIBA LTDA,62.466.370/0001-76,"351,00",09/2019
 RINALDI DIGILIO,CONTRATAÇAO DE PESSOA JURIDICA,TECNEGOCIOS SOLUÇOES EM INFORMATICA LTDA- ME,11.521.613/0001-90,"249,00",09/2019
 RINALDI DIGILIO,CONTRATAÇAO DE PESSOA JURIDICA,LEANDRO SOUZA FERREIRA ME,26.554.426/0001-80,"7.400,00",09/2019
 RINALDI DIGILIO,INTERMEDIADO - CORREIOS,CAMARA MUNICIPAL DE SÃO PAULO,50.176.288/0001-28,"540,74",09/2019
 RINALDI DIGILIO,INTERMEDIADO - LOCAÇÃO DE VEÍCULOS,CAMARA MUNICIPAL DE SÃO PAULO,50.176.288/0001-28,"2.214,62",09/2019
 RINALDI DIGILIO,LOCAÇÃO DE MOVEIS E EQUIPAMENTOS,WAVE INFORMATICA LTDA EPP,11.090.241/0001-95,"1.361,00",09/2019
 RINALDI DIGILIO,MATERIAL DE ESCRITORIO E OUTROS MATERIAIS DE CONSUMO,PAPELARIA E BAZAR POLGRYMAS LTDA,43.899.665/0001-91,"228,52",09/2019
 RINALDI DIGILIO,TELEFONE FIXO,TELEFONICA BRASIL S/A,02.558.157/0001-62,"171,85",09/2019
 RINALDI DIGILIO,TELEFONE MOVEL,TELEFONICA BRASIL S/A,02.558.157/0001-62,"499,35",09/2019
 RINALDI DIGILIO,COMBUSTIVEL,AUTOPOSTO JUATINDIBA LTDA,62.466.370/0001-76,"223,00",10/2019
 RINALDI DIGILIO,COMPOSIÇÃO/ARTE/DIAGRAMAÇÃO/PRODUÇÃO/IMPRESSAO GRAFICA,CARLOS EDUARDO MAGALHÃES FRANCISCO ME,06.006.385/0001-80,"14.940,00",10/2019
 RINALDI DIGILIO,CONTRATAÇAO DE PESSOA JURIDICA,TECNEGOCIOS SOLUÇOES EM INFORMATICA LTDA- ME,11.521.613/0001-90,"249,00",10/2019
 RINALDI DIGILIO,CONTRATAÇAO DE PESSOA JURIDICA,FACEBOOK SERVICOS ON LINE DO BRASIL LTDA,13.347.016/0001-17,"384,78",10/2019
 RINALDI DIGILIO,CONTRATAÇAO DE PESSOA JURIDICA,LEANDRO SOUZA FERREIRA ME,26.554.426/0001-80,"7.400,00",10/2019
 RINALDI DIGILIO,INTERMEDIADO - CORREIOS,CAMARA MUNICIPAL DE SÃO PAULO,50.176.288/0001-28,"632,72",10/2019
 RINALDI DIGILIO,INTERMEDIADO - LOCAÇÃO DE VEÍCULOS,CAMARA MUNICIPAL DE SÃO PAULO,50.176.288/0001-28,"2.214,62",10/2019
 RINALDI DIGILIO,LOCAÇÃO DE MOVEIS E EQUIPAMENTOS,WAVE INFORMATICA LTDA EPP,11.090.241/0001-95,"2.671,00",10/2019
 RINALDI DIGILIO,TELEFONE MOVEL,TELEFONICA BRASIL S/A,02.558.157/0001-62,"509,88",10/2019
 RINALDI DIGILIO,COMBUSTIVEL,AUTOPOSTO JUATINDIBA LTDA,62.466.370/0001-76,"780,00",11/2019
 RINALDI DIGILIO,COMPOSIÇÃO/ARTE/DIAGRAMAÇÃO/PRODUÇÃO/IMPRESSAO GRAFICA,CARLOS EDUARDO MAGALHÃES FRANCISCO ME,06.006.385/0001-80,"14.940,00",11/2019
 RINALDI DIGILIO,CONTRATAÇAO DE PESSOA JURIDICA,TECNEGOCIOS SOLUÇOES EM INFORMATICA LTDA- ME,11.521.613/0001-90,"249,00",11/2019
 RINALDI DIGILIO,CONTRATAÇAO DE PESSOA JURIDICA,LEANDRO SOUZA FERREIRA ME,26.554.426/0001-80,"12.000,00",11/2019
 RINALDI DIGILIO,INTERMEDIADO - CORREIOS,CAMARA MUNICIPAL DE SÃO PAULO,50.176.288/0001-28,"439,12",11/2019
 RINALDI DIGILIO,INTERMEDIADO - LOCAÇÃO DE VEÍCULOS,CAMARA MUNICIPAL DE SÃO PAULO,50.176.288/0001-28,"2.214,62",11/2019
 RINALDI DIGILIO,LOCAÇÃO DE MOVEIS E EQUIPAMENTOS,WAVE INFORMATICA LTDA EPP,11.090.241/0001-95,"2.671,00",11/2019
 RINALDI DIGILIO,TELEFONE MOVEL,TELEFONICA BRASIL S/A,02.558.157/0001-62,"672,01",11/2019
 RINALDI DIGILIO,COMBUSTIVEL,AUTOPOSTO JUATINDIBA LTDA,62.466.370/0001-76,"580,90",12/2019
 RINALDI DIGILIO,COMPOSIÇÃO/ARTE/DIAGRAMAÇÃO/PRODUÇÃO/IMPRESSAO GRAFICA,CARLOS EDUARDO MAGALHÃES FRANCISCO ME,06.006.385/0001-80,"16.820,00",12/2019
 RINALDI DIGILIO,CONTRATAÇAO DE PESSOA JURIDICA,TECNEGOCIOS SOLUÇOES EM INFORMATICA LTDA- ME,11.521.613/0001-90,"249,00",12/2019
 RINALDI DIGILIO,CONTRATAÇAO DE PESSOA JURIDICA,FACEBOOK SERVICOS ON LINE DO BRASIL LTDA,13.347.016/0001-17,"562,93",12/2019
 RINALDI DIGILIO,CONTRATAÇAO DE PESSOA JURIDICA,LEANDRO SOUZA FERREIRA ME,26.554.426/0001-80,"12.000,00",12/2019
 RINALDI DIGILIO,INTERMEDIADO - CORREIOS,CAMARA MUNICIPAL DE SÃO PAULO,50.176.288/0001-28,"16.371,04",12/2019
 RINALDI DIGILIO,INTERMEDIADO - LOCAÇÃO DE VEÍCULOS,CAMARA MUNICIPAL DE SÃO PAULO,50.176.288/0001-28,"2.214,62",12/2019
 RINALDI DIGILIO,LOCAÇÃO DE MOVEIS E EQUIPAMENTOS,WAVE INFORMATICA LTDA EPP,11.090.241/0001-95,"2.671,00",12/2019
 RINALDI DIGILIO,PROVEDOR DE INTERNET,TIM S.A,02.421.421/0006-26,"98,39",12/2019
 RINALDI DIGILIO,TELEFONE FIXO,TELEFONICA BRASIL S/A,02.558.157/0001-62,"181,21",12/2019
 RINALDI DIGILIO,TELEFONE MOVEL,TELEFONICA BRASIL S/A,02.558.157/0001-62,"587,71",12/2019
