 CAMILO CRIST휹ARO,INTERMEDIADO - CORREIOS,CAMARA MUNICIPAL DE S츒 PAULO,50.176.288/0001-28,"57,04",02/2017
 CAMILO CRIST휹ARO,INTERMEDIADO - REPROGRAFIA (XEROX/ENCADERNA츒),CAMARA MUNICIPAL DE S츒 PAULO,50.176.288/0001-28,"141,48",02/2017
 CAMILO CRIST휹ARO,LOCA츒 DE MOVEIS E EQUIPAMENTOS,T.S. IMPORTS EIRELI - ME,23.017.310/0001-14,"8.000,00",02/2017
 CAMILO CRIST휹ARO,CONTRATA큐O DE PESSOA JURIDICA,INFORMATIX INFORMATICA LTDA ME,04.364.641/0001-86,"4.500,00",03/2017
 CAMILO CRIST휹ARO,INTERMEDIADO - CORREIOS,CAMARA MUNICIPAL DE S츒 PAULO,50.176.288/0001-28,"431,45",03/2017
 CAMILO CRIST휹ARO,INTERMEDIADO - REPROGRAFIA (XEROX/ENCADERNA츒),CAMARA MUNICIPAL DE S츒 PAULO,50.176.288/0001-28,"9,18",03/2017
 CAMILO CRIST휹ARO,LOCA츒 DE MOVEIS E EQUIPAMENTOS,T.S. IMPORTS EIRELI - ME,23.017.310/0001-14,"8.000,00",03/2017
 CAMILO CRIST휹ARO,MATERIAL DE ESCRITORIO E OUTROS MATERIAIS DE CONSUMO,JOSEFA ARENA THOMAZ ME,25.311.877/0001-24,"3.780,00",03/2017
 CAMILO CRIST휹ARO,MATERIAL DE ESCRITORIO E OUTROS MATERIAIS DE CONSUMO,NOVA VIDA PAPELARIA E COLETOR DIGITAL LTDA ME,25.321.968/0001-40,"138,00",03/2017
 CAMILO CRIST휹ARO,MATERIAL DE ESCRITORIO E OUTROS MATERIAIS DE CONSUMO,KALUNGA COMRCIO E INDＣTRIA GR첹ICA LTDA.,43.283.811/0013-93,"2.074,10",03/2017
 CAMILO CRIST휹ARO,COMPOSI츒/ARTE/DIAGRAMA츒/PRODU츒/IMPRESSAO GRAFICA,EDITORA D.J. LTDA ME,05.134.009/0001-09,"7.600,00",04/2017
 CAMILO CRIST휹ARO,COMPOSI츒/ARTE/DIAGRAMA츒/PRODU츒/IMPRESSAO GRAFICA,MAJU GRAF GRAFICA LTDA ME,06.226.361/0001-37,"400,00",04/2017
 CAMILO CRIST휹ARO,CONTRATA큐O DE PESSOA JURIDICA,INFORMATIX INFORMATICA LTDA ME,04.364.641/0001-86,"2.500,00",04/2017
 CAMILO CRIST휹ARO,INTERMEDIADO - CORREIOS,CAMARA MUNICIPAL DE S츒 PAULO,50.176.288/0001-28,"74,80",04/2017
 CAMILO CRIST휹ARO,INTERMEDIADO - REPROGRAFIA (XEROX/ENCADERNA츒),CAMARA MUNICIPAL DE S츒 PAULO,50.176.288/0001-28,"11,52",04/2017
 CAMILO CRIST휹ARO,LOCA츒 DE MOVEIS E EQUIPAMENTOS,T.S. IMPORTS EIRELI - ME,23.017.310/0001-14,"8.000,00",04/2017
 CAMILO CRIST휹ARO,MATERIAL DE ESCRITORIO E OUTROS MATERIAIS DE CONSUMO,MAJU GRAF GRAFICA LTDA ME,06.226.361/0001-37,"300,00",04/2017
 CAMILO CRIST휹ARO,COMBUSTIVEL,TONICAR AUTO POSTO LTDA,61.990.750/0001-42,"334,20",05/2017
 CAMILO CRIST휹ARO,COMPOSI츒/ARTE/DIAGRAMA츒/PRODU츒/IMPRESSAO GRAFICA,EDITORA D.J. LTDA ME,05.134.009/0001-09,"7.400,00",05/2017
 CAMILO CRIST휹ARO,COMPOSI츒/ARTE/DIAGRAMA츒/PRODU츒/IMPRESSAO GRAFICA,MAJU GRAF GRAFICA LTDA ME,06.226.361/0001-37,"100,00",05/2017
 CAMILO CRIST휹ARO,CONTRATA큐O DE PESSOA JURIDICA,INFORMATIX INFORMATICA LTDA ME,04.364.641/0001-86,"7.000,00",05/2017
 CAMILO CRIST휹ARO,INTERMEDIADO - CORREIOS,CAMARA MUNICIPAL DE S츒 PAULO,50.176.288/0001-28,"81,35",05/2017
 CAMILO CRIST휹ARO,LOCA츒 DE MOVEIS E EQUIPAMENTOS,T.S. IMPORTS EIRELI - ME,23.017.310/0001-14,"8.000,00",05/2017
 CAMILO CRIST휹ARO,COMPOSI츒/ARTE/DIAGRAMA츒/PRODU츒/IMPRESSAO GRAFICA,EDITORA D.J. LTDA ME,05.134.009/0001-09,"3.690,00",06/2017
 CAMILO CRIST휹ARO,CONTRATA큐O DE PESSOA JURIDICA,INFORMATIX INFORMATICA LTDA ME,04.364.641/0001-86,"2.500,00",06/2017
 CAMILO CRIST휹ARO,CONTRATA큐O DE PESSOA JURIDICA,PANGEIA SYSTEMS SERVI큞S DE INFORMATICA LTDA,16.950.754/0001-42,"3.200,00",06/2017
 CAMILO CRIST휹ARO,INTERMEDIADO - CORREIOS,CAMARA MUNICIPAL DE S츒 PAULO,50.176.288/0001-28,"158,30",06/2017
 CAMILO CRIST휹ARO,LOCA츒 DE MOVEIS E EQUIPAMENTOS,T.S. IMPORTS EIRELI - ME,23.017.310/0001-14,"8.000,00",06/2017
 CAMILO CRIST휹ARO,COMBUSTIVEL,TONICAR AUTO POSTO LTDA,61.990.750/0001-42,"713,31",07/2017
 CAMILO CRIST휹ARO,COMPOSI츒/ARTE/DIAGRAMA츒/PRODU츒/IMPRESSAO GRAFICA,MAJU GRAF GRAFICA LTDA ME,06.226.361/0001-37,"1.380,00",07/2017
 CAMILO CRIST휹ARO,CONTRATA큐O DE PESSOA JURIDICA,INFORMATIX INFORMATICA LTDA ME,04.364.641/0001-86,"2.500,00",07/2017
 CAMILO CRIST휹ARO,CONTRATA큐O DE PESSOA JURIDICA,PANGEIA SYSTEMS SERVI큞S DE INFORMATICA LTDA,16.950.754/0001-42,"3.200,00",07/2017
 CAMILO CRIST휹ARO,INTERMEDIADO - CORREIOS,CAMARA MUNICIPAL DE S츒 PAULO,50.176.288/0001-28,"431,40",07/2017
 CAMILO CRIST휹ARO,LOCA츒 DE MOVEIS E EQUIPAMENTOS,T.S. IMPORTS EIRELI - ME,23.017.310/0001-14,"8.000,00",07/2017
 CAMILO CRIST휹ARO,MATERIAL DE ESCRITORIO E OUTROS MATERIAIS DE CONSUMO,JOSEFA ARENA THOMAZ ME,25.311.877/0001-24,"250,00",07/2017
 CAMILO CRIST휹ARO,TELEFONE MOVEL,CLARO S.A.,40.432.544/0001-47,"611,15",07/2017
 CAMILO CRIST휹ARO,COMBUSTIVEL,TONICAR AUTO POSTO LTDA,61.990.750/0001-42,"2.058,65",08/2017
 CAMILO CRIST휹ARO,COMPOSI츒/ARTE/DIAGRAMA츒/PRODU츒/IMPRESSAO GRAFICA,MAJU GRAF GRAFICA LTDA ME,06.226.361/0001-37,"2.410,00",08/2017
 CAMILO CRIST휹ARO,COMPOSI츒/ARTE/DIAGRAMA츒/PRODU츒/IMPRESSAO GRAFICA,ALIK MENDES KFOURI REPROGRAFIA,17.713.572/0001-10,"5.520,00",08/2017
 CAMILO CRIST휹ARO,CONTRATA큐O DE PESSOA JURIDICA,INFORMATIX INFORMATICA LTDA ME,04.364.641/0001-86,"2.500,00",08/2017
 CAMILO CRIST휹ARO,CONTRATA큐O DE PESSOA JURIDICA,PANGEIA SYSTEMS SERVI큞S DE INFORMATICA LTDA,16.950.754/0001-42,"3.200,00",08/2017
 CAMILO CRIST휹ARO,INTERMEDIADO - CORREIOS,CAMARA MUNICIPAL DE S츒 PAULO,50.176.288/0001-28,"105,29",08/2017
 CAMILO CRIST휹ARO,INTERMEDIADO - REPROGRAFIA (XEROX/ENCADERNA츒),CAMARA MUNICIPAL DE S츒 PAULO,50.176.288/0001-28,"14,04",08/2017
 CAMILO CRIST휹ARO,LOCA츒 DE MOVEIS E EQUIPAMENTOS,T.S. IMPORTS EIRELI - ME,23.017.310/0001-14,"8.000,00",08/2017
 CAMILO CRIST휹ARO,MATERIAL DE ESCRITORIO E OUTROS MATERIAIS DE CONSUMO,CENTER PAPEIS COMERCIAL LTDA.,06.226.820/0001-82,"644,90",08/2017
 CAMILO CRIST휹ARO,MATERIAL DE ESCRITORIO E OUTROS MATERIAIS DE CONSUMO,NOVA VIDA PAPELARIA E COLETOR DIGITAL LTDA ME,25.321.968/0001-40,"240,70",08/2017
 CAMILO CRIST휹ARO,TELEFONE MOVEL,CLARO S.A.,40.432.544/0001-47,"684,25",08/2017
 CAMILO CRIST휹ARO,COMBUSTIVEL,TONICAR AUTO POSTO LTDA,61.990.750/0001-42,"1.251,96",09/2017
 CAMILO CRIST휹ARO,COMPOSI츒/ARTE/DIAGRAMA츒/PRODU츒/IMPRESSAO GRAFICA,EDUARDO FREITAS GOMES DE PINHO,26.502.460/0001-01,"4.020,00",09/2017
 CAMILO CRIST휹ARO,CONTRATA큐O DE PESSOA JURIDICA,INFORMATIX INFORMATICA LTDA ME,04.364.641/0001-86,"2.500,00",09/2017
 CAMILO CRIST휹ARO,INTERMEDIADO - CORREIOS,CAMARA MUNICIPAL DE S츒 PAULO,50.176.288/0001-28,"175,39",09/2017
 CAMILO CRIST휹ARO,LOCA츒 DE MOVEIS E EQUIPAMENTOS,T.S. IMPORTS EIRELI - ME,23.017.310/0001-14,"8.000,00",09/2017
 CAMILO CRIST휹ARO,MATERIAL DE ESCRITORIO E OUTROS MATERIAIS DE CONSUMO,CENTER PAPEIS COMERCIAL LTDA.,06.226.820/0001-82,"966,45",09/2017
 CAMILO CRIST휹ARO,MATERIAL DE ESCRITORIO E OUTROS MATERIAIS DE CONSUMO,JOSEFA ARENA THOMAZ ME,25.311.877/0001-24,"900,00",09/2017
 CAMILO CRIST휹ARO,TELEFONE MOVEL,CLARO S.A.,40.432.544/0001-47,"567,02",09/2017
 CAMILO CRIST휹ARO,COMBUSTIVEL,TONICAR AUTO POSTO LTDA,61.990.750/0001-42,"1.706,77",10/2017
 CAMILO CRIST휹ARO,COMPOSI츒/ARTE/DIAGRAMA츒/PRODU츒/IMPRESSAO GRAFICA,EDUARDO FREITAS GOMES DE PINHO,26.502.460/0001-01,"4.020,00",10/2017
 CAMILO CRIST휹ARO,CONTRATA큐O DE PESSOA JURIDICA,INFORMATIX INFORMATICA LTDA ME,04.364.641/0001-86,"2.500,00",10/2017
 CAMILO CRIST휹ARO,INTERMEDIADO - CORREIOS,CAMARA MUNICIPAL DE S츒 PAULO,50.176.288/0001-28,"314,88",10/2017
 CAMILO CRIST휹ARO,INTERMEDIADO - REPROGRAFIA (XEROX/ENCADERNA츒),CAMARA MUNICIPAL DE S츒 PAULO,50.176.288/0001-28,"20,18",10/2017
 CAMILO CRIST휹ARO,LOCA츒 DE MOVEIS E EQUIPAMENTOS,T.S. IMPORTS EIRELI - ME,23.017.310/0001-14,"8.000,00",10/2017
 CAMILO CRIST휹ARO,MATERIAL DE ESCRITORIO E OUTROS MATERIAIS DE CONSUMO,CENTER PAPEIS COMERCIAL LTDA.,06.226.820/0001-82,"685,55",10/2017
 CAMILO CRIST휹ARO,TELEFONE MOVEL,CLARO S.A.,40.432.544/0001-47,"491,39",10/2017
 CAMILO CRIST휹ARO,COMBUSTIVEL,TONICAR AUTO POSTO LTDA,61.990.750/0001-42,"1.882,07",11/2017
 CAMILO CRIST휹ARO,COMPOSI츒/ARTE/DIAGRAMA츒/PRODU츒/IMPRESSAO GRAFICA,MAJU GRAF GRAFICA LTDA ME,06.226.361/0001-37,"3.980,00",11/2017
 CAMILO CRIST휹ARO,COMPOSI츒/ARTE/DIAGRAMA츒/PRODU츒/IMPRESSAO GRAFICA,EDUARDO FREITAS GOMES DE PINHO,26.502.460/0001-01,"4.020,00",11/2017
 CAMILO CRIST휹ARO,CONTRATA큐O DE PESSOA JURIDICA,INFORMATIX INFORMATICA LTDA ME,04.364.641/0001-86,"2.500,00",11/2017
 CAMILO CRIST휹ARO,INTERMEDIADO - CORREIOS,CAMARA MUNICIPAL DE S츒 PAULO,50.176.288/0001-28,"988,85",11/2017
 CAMILO CRIST휹ARO,INTERMEDIADO - REPROGRAFIA (XEROX/ENCADERNA츒),CAMARA MUNICIPAL DE S츒 PAULO,50.176.288/0001-28,"2,20",11/2017
 CAMILO CRIST휹ARO,LOCA츒 DE MOVEIS E EQUIPAMENTOS,T.S. IMPORTS EIRELI - ME,23.017.310/0001-14,"8.000,00",11/2017
 CAMILO CRIST휹ARO,MATERIAL DE ESCRITORIO E OUTROS MATERIAIS DE CONSUMO,CENTER PAPEIS COMERCIAL LTDA.,06.226.820/0001-82,"610,35",11/2017
 CAMILO CRIST휹ARO,TELEFONE MOVEL,CLARO S.A.,40.432.544/0001-47,"468,67",11/2017
 CAMILO CRIST휹ARO,COMBUSTIVEL,TONICAR AUTO POSTO LTDA,61.990.750/0001-42,"1.867,80",12/2017
 CAMILO CRIST휹ARO,COMPOSI츒/ARTE/DIAGRAMA츒/PRODU츒/IMPRESSAO GRAFICA,EDUARDO FREITAS GOMES DE PINHO,26.502.460/0001-01,"4.020,00",12/2017
 CAMILO CRIST휹ARO,CONTRATA큐O DE PESSOA JURIDICA,INFORMATIX INFORMATICA LTDA ME,04.364.641/0001-86,"2.500,00",12/2017
 CAMILO CRIST휹ARO,INTERMEDIADO - CORREIOS,CAMARA MUNICIPAL DE S츒 PAULO,50.176.288/0001-28,"2.298,92",12/2017
 CAMILO CRIST휹ARO,INTERMEDIADO - REPROGRAFIA (XEROX/ENCADERNA츒),CAMARA MUNICIPAL DE S츒 PAULO,50.176.288/0001-28,"48,00",12/2017
 CAMILO CRIST휹ARO,LOCA츒 DE MOVEIS E EQUIPAMENTOS,T.S. IMPORTS EIRELI - ME,23.017.310/0001-14,"8.000,00",12/2017
 CAMILO CRIST휹ARO,COMPOSI츒/ARTE/DIAGRAMA츒/PRODU츒/IMPRESSAO GRAFICA,MAJU GRAF GRAFICA LTDA ME,06.226.361/0001-37,"4.610,00",01/2018
 CAMILO CRIST휹ARO,CONTRATA큐O DE PESSOA JURIDICA,INFORMATIX INFORMATICA LTDA ME,04.364.641/0001-86,"5.000,00",01/2018
 CAMILO CRIST휹ARO,CONTRATA큐O DE PESSOA JURIDICA,WORK LINE SYSTEM INFORM쳆ICA LTDA,67.002.329/0001-62,"2.760,00",01/2018
 CAMILO CRIST휹ARO,INTERMEDIADO - CORREIOS,CAMARA MUNICIPAL DE S츒 PAULO,50.176.288/0001-28,"451,00",01/2018
 CAMILO CRIST휹ARO,INTERMEDIADO - REPROGRAFIA (XEROX/ENCADERNA츒),CAMARA MUNICIPAL DE S츒 PAULO,50.176.288/0001-28,"0,21",01/2018
 CAMILO CRIST휹ARO,LOCA츒 DE MOVEIS E EQUIPAMENTOS,T.S. IMPORTS EIRELI - ME,23.017.310/0001-14,"8.000,00",01/2018
 CAMILO CRIST휹ARO,MATERIAL DE ESCRITORIO E OUTROS MATERIAIS DE CONSUMO,CENTER PAPEIS COMERCIAL LTDA.,06.226.820/0001-82,"526,65",01/2018
 CAMILO CRIST휹ARO,TELEFONE MOVEL,CLARO S.A.,40.432.544/0001-47,"551,20",01/2018
 CAMILO CRIST휹ARO,COMBUSTIVEL,TONICAR AUTO POSTO LTDA,61.990.750/0001-42,"1.857,63",02/2018
 CAMILO CRIST휹ARO,COMPOSI츒/ARTE/DIAGRAMA츒/PRODU츒/IMPRESSAO GRAFICA,MAJU GRAF GRAFICA LTDA ME,06.226.361/0001-37,"2.230,00",02/2018
 CAMILO CRIST휹ARO,COMPOSI츒/ARTE/DIAGRAMA츒/PRODU츒/IMPRESSAO GRAFICA,EDUARDO FREITAS GOMES DE PINHO,26.502.460/0001-01,"4.020,00",02/2018
 CAMILO CRIST휹ARO,CONTRATA큐O DE PESSOA JURIDICA,INFORMATIX INFORMATICA LTDA ME,04.364.641/0001-86,"2.500,00",02/2018
 CAMILO CRIST휹ARO,CONTRATA큐O DE PESSOA JURIDICA,WORK LINE SYSTEM INFORM쳆ICA LTDA,67.002.329/0001-62,"2.300,00",02/2018
 CAMILO CRIST휹ARO,INTERMEDIADO - CORREIOS,CAMARA MUNICIPAL DE S츒 PAULO,50.176.288/0001-28,"1.761,41",02/2018
 CAMILO CRIST휹ARO,LOCA츒 DE MOVEIS E EQUIPAMENTOS,T.S. IMPORTS EIRELI - ME,23.017.310/0001-14,"8.000,00",02/2018
 CAMILO CRIST휹ARO,MATERIAL DE ESCRITORIO E OUTROS MATERIAIS DE CONSUMO,CENTER PAPEIS COMERCIAL LTDA.,06.226.820/0001-82,"646,20",02/2018
 CAMILO CRIST휹ARO,MATERIAL DE ESCRITORIO E OUTROS MATERIAIS DE CONSUMO,JOSEFA ARENA THOMAZ ME,25.311.877/0001-24,"900,00",02/2018
 CAMILO CRIST휹ARO,TELEFONE MOVEL,CLARO S.A.,40.432.544/0001-47,"562,95",02/2018
 CAMILO CRIST휹ARO,COMBUSTIVEL,TONICAR AUTO POSTO LTDA,61.990.750/0001-42,"1.949,90",03/2018
 CAMILO CRIST휹ARO,COMPOSI츒/ARTE/DIAGRAMA츒/PRODU츒/IMPRESSAO GRAFICA,MAJU GRAF GRAFICA LTDA ME,06.226.361/0001-37,"3.240,00",03/2018
 CAMILO CRIST휹ARO,COMPOSI츒/ARTE/DIAGRAMA츒/PRODU츒/IMPRESSAO GRAFICA,LASER ART GR첹ICA E EDITORA LTDA ME,58.152.042/0001-28,"1.600,00",03/2018
 CAMILO CRIST휹ARO,CONTRATA큐O DE PESSOA JURIDICA,INFORMATIX INFORMATICA LTDA ME,04.364.641/0001-86,"2.500,00",03/2018
 CAMILO CRIST휹ARO,CONTRATA큐O DE PESSOA JURIDICA,WORK LINE SYSTEM INFORM쳆ICA LTDA,67.002.329/0001-62,"2.317,13",03/2018
 CAMILO CRIST휹ARO,INTERMEDIADO - CORREIOS,CAMARA MUNICIPAL DE S츒 PAULO,50.176.288/0001-28,"612,26",03/2018
 CAMILO CRIST휹ARO,LOCA츒 DE MOVEIS E EQUIPAMENTOS,T.S. IMPORTS EIRELI - ME,23.017.310/0001-14,"8.000,00",03/2018
 CAMILO CRIST휹ARO,MATERIAL DE ESCRITORIO E OUTROS MATERIAIS DE CONSUMO,CENTER PAPEIS COMERCIAL LTDA.,06.226.820/0001-82,"640,70",03/2018
 CAMILO CRIST휹ARO,TELEFONE MOVEL,CLARO S.A.,40.432.544/0001-47,"546,83",03/2018
 CAMILO CRIST휹ARO,COMBUSTIVEL,TONICAR AUTO POSTO LTDA,61.990.750/0001-42,"1.499,88",04/2018
 CAMILO CRIST휹ARO,COMPOSI츒/ARTE/DIAGRAMA츒/PRODU츒/IMPRESSAO GRAFICA,EDUARDO FREITAS GOMES DE PINHO,26.502.460/0001-01,"5.500,00",04/2018
 CAMILO CRIST휹ARO,COMPOSI츒/ARTE/DIAGRAMA츒/PRODU츒/IMPRESSAO GRAFICA,LASER ART GR첹ICA E EDITORA LTDA ME,58.152.042/0001-28,"1.600,00",04/2018
 CAMILO CRIST휹ARO,CONTRATA큐O DE PESSOA JURIDICA,INFORMATIX INFORMATICA LTDA ME,04.364.641/0001-86,"2.500,00",04/2018
 CAMILO CRIST휹ARO,ELABORA츒/MANUTEN큐O DE SITE/HOSPEDAGEM,VIVIANE HELENA PEREIRA RESENDE,11.423.741/0001-00,"5.000,00",04/2018
 CAMILO CRIST휹ARO,INTERMEDIADO - CORREIOS,CAMARA MUNICIPAL DE S츒 PAULO,50.176.288/0001-28,"622,07",04/2018
 CAMILO CRIST휹ARO,LOCA츒 DE MOVEIS E EQUIPAMENTOS,T.S. IMPORTS EIRELI - ME,23.017.310/0001-14,"8.000,00",04/2018
 CAMILO CRIST휹ARO,MATERIAL DE ESCRITORIO E OUTROS MATERIAIS DE CONSUMO,CENTER PAPEIS COMERCIAL LTDA.,06.226.820/0001-82,"596,15",04/2018
 CAMILO CRIST휹ARO,MATERIAL DE ESCRITORIO E OUTROS MATERIAIS DE CONSUMO,JOSEFA ARENA THOMAZ ME,25.311.877/0001-24,"1.180,00",04/2018
 CAMILO CRIST휹ARO,TELEFONE MOVEL,CLARO S.A.,40.432.544/0001-47,"529,81",04/2018
 CAMILO CRIST휹ARO,CONTRATA큐O DE PESSOA JURIDICA,INFORMATIX INFORMATICA LTDA ME,04.364.641/0001-86,"2.500,00",05/2018
 CAMILO CRIST휹ARO,ELABORA츒/MANUTEN큐O DE SITE/HOSPEDAGEM,VIVIANE HELENA PEREIRA RESENDE,11.423.741/0001-00,"5.000,00",05/2018
 CAMILO CRIST휹ARO,INTERMEDIADO - CORREIOS,CAMARA MUNICIPAL DE S츒 PAULO,50.176.288/0001-28,"559,74",05/2018
 CAMILO CRIST휹ARO,LOCA츒 DE MOVEIS E EQUIPAMENTOS,T.S. IMPORTS EIRELI - ME,23.017.310/0001-14,"8.000,00",05/2018
 CAMILO CRIST휹ARO,MATERIAL DE ESCRITORIO E OUTROS MATERIAIS DE CONSUMO,CENTER PAPEIS COMERCIAL LTDA.,06.226.820/0001-82,"611,40",05/2018
 CAMILO CRIST휹ARO,TELEFONE MOVEL,CLARO S.A.,40.432.544/0001-47,"539,61",05/2018
 CAMILO CRIST휹ARO,COMBUSTIVEL,TONICAR AUTO POSTO LTDA,61.990.750/0001-42,"2.206,24",06/2018
 CAMILO CRIST휹ARO,COMPOSI츒/ARTE/DIAGRAMA츒/PRODU츒/IMPRESSAO GRAFICA,MAJU GRAF GRAFICA LTDA ME,06.226.361/0001-37,"4.280,00",06/2018
 CAMILO CRIST휹ARO,COMPOSI츒/ARTE/DIAGRAMA츒/PRODU츒/IMPRESSAO GRAFICA,EDUARDO FREITAS GOMES DE PINHO,26.502.460/0001-01,"3.720,00",06/2018
 CAMILO CRIST휹ARO,CONTRATA큐O DE PESSOA JURIDICA,INFORMATIX INFORMATICA LTDA ME,04.364.641/0001-86,"2.500,00",06/2018
 CAMILO CRIST휹ARO,ELABORA츒/MANUTEN큐O DE SITE/HOSPEDAGEM,VIVIANE HELENA PEREIRA RESENDE,11.423.741/0001-00,"5.000,00",06/2018
 CAMILO CRIST휹ARO,INTERMEDIADO - CORREIOS,CAMARA MUNICIPAL DE S츒 PAULO,50.176.288/0001-28,"897,48",06/2018
 CAMILO CRIST휹ARO,LOCA츒 DE MOVEIS E EQUIPAMENTOS,T.S. IMPORTS EIRELI - ME,23.017.310/0001-14,"8.000,00",06/2018
 CAMILO CRIST휹ARO,MATERIAL DE ESCRITORIO E OUTROS MATERIAIS DE CONSUMO,CENTER PAPEIS COMERCIAL LTDA.,06.226.820/0001-82,"616,50",06/2018
 CAMILO CRIST휹ARO,TELEFONE MOVEL,CLARO S.A.,40.432.544/0001-47,"576,79",06/2018
 CAMILO CRIST휹ARO,COMBUSTIVEL,TONICAR AUTO POSTO LTDA,61.990.750/0001-42,"2.153,36",07/2018
 CAMILO CRIST휹ARO,COMPOSI츒/ARTE/DIAGRAMA츒/PRODU츒/IMPRESSAO GRAFICA,MAJU GRAF GRAFICA LTDA ME,06.226.361/0001-37,"6.750,00",07/2018
 CAMILO CRIST휹ARO,CONTRATA큐O DE PESSOA JURIDICA,INFORMATIX INFORMATICA LTDA ME,04.364.641/0001-86,"2.500,00",07/2018
 CAMILO CRIST휹ARO,INTERMEDIADO - CORREIOS,CAMARA MUNICIPAL DE S츒 PAULO,50.176.288/0001-28,"1.632,17",07/2018
 CAMILO CRIST휹ARO,LOCA츒 DE MOVEIS E EQUIPAMENTOS,T.S. IMPORTS EIRELI - ME,23.017.310/0001-14,"8.000,00",07/2018
 CAMILO CRIST휹ARO,MATERIAL DE ESCRITORIO E OUTROS MATERIAIS DE CONSUMO,CENTER PAPEIS COMERCIAL LTDA.,06.226.820/0001-82,"2.474,55",07/2018
 CAMILO CRIST휹ARO,MATERIAL DE ESCRITORIO E OUTROS MATERIAIS DE CONSUMO,JOSEFA ARENA THOMAZ ME,25.311.877/0001-24,"950,00",07/2018
 CAMILO CRIST휹ARO,TELEFONE MOVEL,CLARO S.A.,40.432.544/0001-47,"481,60",07/2018
 CAMILO CRIST휹ARO,COMBUSTIVEL,TONICAR AUTO POSTO LTDA,61.990.750/0001-42,"2.008,90",08/2018
 CAMILO CRIST휹ARO,COMPOSI츒/ARTE/DIAGRAMA츒/PRODU츒/IMPRESSAO GRAFICA,MAJU GRAF GRAFICA LTDA ME,06.226.361/0001-37,"6.900,00",08/2018
 CAMILO CRIST휹ARO,CONTRATA큐O DE PESSOA JURIDICA,INFORMATIX INFORMATICA LTDA ME,04.364.641/0001-86,"2.500,00",08/2018
 CAMILO CRIST휹ARO,INTERMEDIADO - CORREIOS,CAMARA MUNICIPAL DE S츒 PAULO,50.176.288/0001-28,"545,59",08/2018
 CAMILO CRIST휹ARO,LOCA츒 DE MOVEIS E EQUIPAMENTOS,T.S. IMPORTS EIRELI - ME,23.017.310/0001-14,"8.000,00",08/2018
 CAMILO CRIST휹ARO,MATERIAL DE ESCRITORIO E OUTROS MATERIAIS DE CONSUMO,CENTER PAPEIS COMERCIAL LTDA.,06.226.820/0001-82,"1.133,55",08/2018
 CAMILO CRIST휹ARO,TELEFONE MOVEL,CLARO S.A.,40.432.544/0001-47,"516,88",08/2018
 CAMILO CRIST휹ARO,COMBUSTIVEL,TONICAR AUTO POSTO LTDA,61.990.750/0001-42,"1.773,14",09/2018
 CAMILO CRIST휹ARO,COMPOSI츒/ARTE/DIAGRAMA츒/PRODU츒/IMPRESSAO GRAFICA,MAJU GRAF GRAFICA LTDA ME,06.226.361/0001-37,"6.070,00",09/2018
 CAMILO CRIST휹ARO,CONTRATA큐O DE PESSOA JURIDICA,INFORMATIX INFORMATICA LTDA ME,04.364.641/0001-86,"2.500,00",09/2018
 CAMILO CRIST휹ARO,INTERMEDIADO - CORREIOS,CAMARA MUNICIPAL DE S츒 PAULO,50.176.288/0001-28,"557,45",09/2018
 CAMILO CRIST휹ARO,INTERMEDIADO - REPROGRAFIA (XEROX/ENCADERNA츒),CAMARA MUNICIPAL DE S츒 PAULO,50.176.288/0001-28,"15,54",09/2018
 CAMILO CRIST휹ARO,LOCA츒 DE MOVEIS E EQUIPAMENTOS,T.S. IMPORTS EIRELI - ME,23.017.310/0001-14,"8.000,00",09/2018
 CAMILO CRIST휹ARO,MATERIAL DE ESCRITORIO E OUTROS MATERIAIS DE CONSUMO,CENTER PAPEIS COMERCIAL LTDA.,06.226.820/0001-82,"558,60",09/2018
 CAMILO CRIST휹ARO,TELEFONE MOVEL,CLARO S.A.,40.432.544/0001-47,"488,97",09/2018
 CAMILO CRIST휹ARO,COMBUSTIVEL,TONICAR AUTO POSTO LTDA,61.990.750/0001-42,"2.302,01",10/2018
 CAMILO CRIST휹ARO,COMPOSI츒/ARTE/DIAGRAMA츒/PRODU츒/IMPRESSAO GRAFICA,MAJU GRAF GRAFICA LTDA ME,06.226.361/0001-37,"6.650,00",10/2018
 CAMILO CRIST휹ARO,CONTRATA큐O DE PESSOA JURIDICA,INFORMATIX INFORMATICA LTDA ME,04.364.641/0001-86,"2.500,00",10/2018
 CAMILO CRIST휹ARO,CONTRATA큐O DE PESSOA JURIDICA,MONICA SOUSA DE ABREU 33805517831,28.421.373/0001-55,"5.500,00",10/2018
 CAMILO CRIST휹ARO,INTERMEDIADO - CORREIOS,CAMARA MUNICIPAL DE S츒 PAULO,50.176.288/0001-28,"444,16",10/2018
 CAMILO CRIST휹ARO,LOCA츒 DE MOVEIS E EQUIPAMENTOS,T.S. IMPORTS EIRELI - ME,23.017.310/0001-14,"8.000,00",10/2018
 CAMILO CRIST휹ARO,MATERIAL DE ESCRITORIO E OUTROS MATERIAIS DE CONSUMO,CENTER PAPEIS COMERCIAL LTDA.,06.226.820/0001-82,"771,20",10/2018
 CAMILO CRIST휹ARO,MATERIAL DE ESCRITORIO E OUTROS MATERIAIS DE CONSUMO,KALUNGA COM. E IND. GR첹ICA LTDA,43.283.811/0003-11,"78,20",10/2018
 CAMILO CRIST휹ARO,MATERIAL DE ESCRITORIO E OUTROS MATERIAIS DE CONSUMO,KALUNGA COMRCIO INDUSTRIA GR첹ICA LTDA,43.283.811/0139-95,"118,00",10/2018
 CAMILO CRIST휹ARO,TELEFONE MOVEL,CLARO S.A.,40.432.544/0001-47,"481,49",10/2018
 CAMILO CRIST휹ARO,COMBUSTIVEL,TONICAR AUTO POSTO LTDA,61.990.750/0001-42,"2.180,86",11/2018
 CAMILO CRIST휹ARO,COMPOSI츒/ARTE/DIAGRAMA츒/PRODU츒/IMPRESSAO GRAFICA,MAJU GRAF GRAFICA LTDA ME,06.226.361/0001-37,"7.215,00",11/2018
 CAMILO CRIST휹ARO,CONTRATA큐O DE PESSOA JURIDICA,INFORMATIX INFORMATICA LTDA ME,04.364.641/0001-86,"2.500,00",11/2018
 CAMILO CRIST휹ARO,CONTRATA큐O DE PESSOA JURIDICA,MONICA SOUSA DE ABREU 33805517831,28.421.373/0001-55,"5.500,00",11/2018
 CAMILO CRIST휹ARO,INTERMEDIADO - CORREIOS,CAMARA MUNICIPAL DE S츒 PAULO,50.176.288/0001-28,"190,71",11/2018
 CAMILO CRIST휹ARO,LOCA츒 DE MOVEIS E EQUIPAMENTOS,T.S. IMPORTS EIRELI - ME,23.017.310/0001-14,"8.000,00",11/2018
 CAMILO CRIST휹ARO,MATERIAL DE ESCRITORIO E OUTROS MATERIAIS DE CONSUMO,CENTER PAPEIS COMERCIAL LTDA.,06.226.820/0001-82,"627,40",11/2018
 CAMILO CRIST휹ARO,TELEFONE MOVEL,CLARO S.A.,40.432.544/0001-47,"499,29",11/2018
 CAMILO CRIST휹ARO,COMBUSTIVEL,TONICAR AUTO POSTO LTDA,61.990.750/0001-42,"2.149,10",12/2018
 CAMILO CRIST휹ARO,COMPOSI츒/ARTE/DIAGRAMA츒/PRODU츒/IMPRESSAO GRAFICA,MAJU GRAF GRAFICA LTDA ME,06.226.361/0001-37,"5.510,00",12/2018
 CAMILO CRIST휹ARO,CONTRATA큐O DE PESSOA JURIDICA,INFORMATIX INFORMATICA LTDA ME,04.364.641/0001-86,"2.500,00",12/2018
 CAMILO CRIST휹ARO,INTERMEDIADO - CORREIOS,CAMARA MUNICIPAL DE S츒 PAULO,50.176.288/0001-28,"8,55",12/2018
 CAMILO CRIST휹ARO,LOCA츒 DE MOVEIS E EQUIPAMENTOS,T.S. IMPORTS EIRELI - ME,23.017.310/0001-14,"8.000,00",12/2018
 CAMILO CRIST휹ARO,MATERIAL DE ESCRITORIO E OUTROS MATERIAIS DE CONSUMO,CENTER PAPEIS COMERCIAL LTDA.,06.226.820/0001-82,"729,25",12/2018
 CAMILO CRIST휹ARO,MATERIAL DE ESCRITORIO E OUTROS MATERIAIS DE CONSUMO,KALUNGA COM. E IND. GR첹ICA LTDA,43.283.811/0177-10,"142,40",12/2018
 CAMILO CRIST휹ARO,TELEFONE MOVEL,CLARO S.A.,40.432.544/0001-47,"481,70",12/2018
 CAMILO CRIST휹ARO,COMBUSTIVEL,TONICAR AUTO POSTO LTDA,61.990.750/0001-42,"1.506,27",01/2019
 CAMILO CRIST휹ARO,COMPOSI츒/ARTE/DIAGRAMA츒/PRODU츒/IMPRESSAO GRAFICA,MAJU GRAF GRAFICA LTDA ME,06.226.361/0001-37,"6.285,00",01/2019
 CAMILO CRIST휹ARO,CONTRATA큐O DE PESSOA JURIDICA,INFORMATIX INFORMATICA LTDA ME,04.364.641/0001-86,"2.650,00",01/2019
 CAMILO CRIST휹ARO,CONTRATA큐O DE PESSOA JURIDICA,ALEXANDRE COZZI SALERNO 41572957816,32.194.406/0001-49,"1.500,00",01/2019
 CAMILO CRIST휹ARO,INTERMEDIADO - CORREIOS,CAMARA MUNICIPAL DE S츒 PAULO,50.176.288/0001-28,"55,02",01/2019
 CAMILO CRIST휹ARO,LOCA츒 DE MOVEIS E EQUIPAMENTOS,T.S. IMPORTS EIRELI - ME,23.017.310/0001-14,"8.000,00",01/2019
 CAMILO CRIST휹ARO,MATERIAL DE ESCRITORIO E OUTROS MATERIAIS DE CONSUMO,CENTER PAPEIS COMERCIAL LTDA.,06.226.820/0001-82,"1.184,40",01/2019
 CAMILO CRIST휹ARO,TELEFONE MOVEL,CLARO S.A.,40.432.544/0001-47,"469,81",01/2019
 CAMILO CRIST휹ARO,COMBUSTIVEL,TONICAR AUTO POSTO LTDA,61.990.750/0001-42,"725,59",02/2019
 CAMILO CRIST휹ARO,COMPOSI츒/ARTE/DIAGRAMA츒/PRODU츒/IMPRESSAO GRAFICA,MAJU GRAF GRAFICA LTDA ME,06.226.361/0001-37,"12.920,00",02/2019
 CAMILO CRIST휹ARO,CONTRATA큐O DE PESSOA JURIDICA,INFORMATIX INFORMATICA LTDA ME,04.364.641/0001-86,"2.650,00",02/2019
 CAMILO CRIST휹ARO,INTERMEDIADO - CORREIOS,CAMARA MUNICIPAL DE S츒 PAULO,50.176.288/0001-28,"272,65",02/2019
 CAMILO CRIST휹ARO,INTERMEDIADO - LOCA츒 DE VE펚ULOS,CAMARA MUNICIPAL DE S츒 PAULO,50.176.288/0001-28,"1.919,34",02/2019
 CAMILO CRIST휹ARO,LOCA츒 DE MOVEIS E EQUIPAMENTOS,T.S. IMPORTS EIRELI - ME,23.017.310/0001-14,"8.000,00",02/2019
 CAMILO CRIST휹ARO,MATERIAL DE ESCRITORIO E OUTROS MATERIAIS DE CONSUMO,CENTER PAPEIS COMERCIAL LTDA.,06.226.820/0001-82,"793,45",02/2019
 CAMILO CRIST휹ARO,TELEFONE MOVEL,CLARO S.A.,40.432.544/0001-47,"479,97",02/2019
 CAMILO CRIST휹ARO,COMBUSTIVEL,TONICAR AUTO POSTO LTDA,61.990.750/0001-42,"1.279,17",03/2019
 CAMILO CRIST휹ARO,COMPOSI츒/ARTE/DIAGRAMA츒/PRODU츒/IMPRESSAO GRAFICA,MAJU GRAF GRAFICA LTDA ME,06.226.361/0001-37,"5.120,00",03/2019
 CAMILO CRIST휹ARO,CONTRATA큐O DE PESSOA JURIDICA,INFORMATIX INFORMATICA LTDA ME,04.364.641/0001-86,"2.650,00",03/2019
 CAMILO CRIST휹ARO,CONTRATA큐O DE PESSOA JURIDICA,ALEXANDRE COZZI SALERNO 41572957816,32.194.406/0001-49,"1.500,00",03/2019
 CAMILO CRIST휹ARO,INTERMEDIADO - CORREIOS,CAMARA MUNICIPAL DE S츒 PAULO,50.176.288/0001-28,"102,56",03/2019
 CAMILO CRIST휹ARO,INTERMEDIADO - LOCA츒 DE VE펚ULOS,CAMARA MUNICIPAL DE S츒 PAULO,50.176.288/0001-28,"2.214,62",03/2019
 CAMILO CRIST휹ARO,LOCA츒 DE MOVEIS E EQUIPAMENTOS,T.S. IMPORTS EIRELI - ME,23.017.310/0001-14,"8.000,00",03/2019
 CAMILO CRIST휹ARO,MATERIAL DE ESCRITORIO E OUTROS MATERIAIS DE CONSUMO,CENTER PAPEIS COMERCIAL LTDA.,06.226.820/0001-82,"1.133,80",03/2019
 CAMILO CRIST휹ARO,TELEFONE MOVEL,CLARO S.A.,40.432.544/0001-47,"480,81",03/2019
 CAMILO CRIST휹ARO,COMBUSTIVEL,TONICAR AUTO POSTO LTDA,61.990.750/0001-42,"834,79",04/2019
 CAMILO CRIST휹ARO,COMPOSI츒/ARTE/DIAGRAMA츒/PRODU츒/IMPRESSAO GRAFICA,MAJU GRAF GRAFICA LTDA ME,06.226.361/0001-37,"2.710,00",04/2019
 CAMILO CRIST휹ARO,CONTRATA큐O DE PESSOA JURIDICA,INFORMATIX INFORMATICA LTDA ME,04.364.641/0001-86,"2.650,00",04/2019
 CAMILO CRIST휹ARO,CONTRATA큐O DE PESSOA JURIDICA,ALEXANDRE COZZI SALERNO 41572957816,32.194.406/0001-49,"3.000,00",04/2019
 CAMILO CRIST휹ARO,INTERMEDIADO - CORREIOS,CAMARA MUNICIPAL DE S츒 PAULO,50.176.288/0001-28,"132,10",04/2019
 CAMILO CRIST휹ARO,INTERMEDIADO - LOCA츒 DE VE펚ULOS,CAMARA MUNICIPAL DE S츒 PAULO,50.176.288/0001-28,"2.214,62",04/2019
 CAMILO CRIST휹ARO,INTERMEDIADO - REPROGRAFIA (XEROX/ENCADERNA츒),CAMARA MUNICIPAL DE S츒 PAULO,50.176.288/0001-28,"220,00",04/2019
 CAMILO CRIST휹ARO,LOCA츒 DE MOVEIS E EQUIPAMENTOS,T.S. IMPORTS EIRELI - ME,23.017.310/0001-14,"8.000,00",04/2019
 CAMILO CRIST휹ARO,MATERIAL DE ESCRITORIO E OUTROS MATERIAIS DE CONSUMO,CENTER PAPEIS COMERCIAL LTDA.,06.226.820/0001-82,"2.496,55",04/2019
 CAMILO CRIST휹ARO,TELEFONE MOVEL,CLARO S.A.,40.432.544/0001-47,"485,64",04/2019
 CAMILO CRIST휹ARO,COMBUSTIVEL,TONICAR AUTO POSTO LTDA,61.990.750/0001-42,"835,68",05/2019
 CAMILO CRIST휹ARO,COMPOSI츒/ARTE/DIAGRAMA츒/PRODU츒/IMPRESSAO GRAFICA,MAJU GRAF GRAFICA LTDA ME,06.226.361/0001-37,"11.720,00",05/2019
 CAMILO CRIST휹ARO,CONTRATA큐O DE PESSOA JURIDICA,INFORMATIX INFORMATICA LTDA ME,04.364.641/0001-86,"2.650,00",05/2019
 CAMILO CRIST휹ARO,INTERMEDIADO - CORREIOS,CAMARA MUNICIPAL DE S츒 PAULO,50.176.288/0001-28,"309,75",05/2019
 CAMILO CRIST휹ARO,INTERMEDIADO - LOCA츒 DE VE펚ULOS,CAMARA MUNICIPAL DE S츒 PAULO,50.176.288/0001-28,"2.214,62",05/2019
 CAMILO CRIST휹ARO,LOCA츒 DE MOVEIS E EQUIPAMENTOS,T.S. IMPORTS EIRELI - ME,23.017.310/0001-14,"8.000,00",05/2019
 CAMILO CRIST휹ARO,MATERIAL DE ESCRITORIO E OUTROS MATERIAIS DE CONSUMO,CENTER PAPEIS COMERCIAL LTDA.,06.226.820/0001-82,"686,45",05/2019
 CAMILO CRIST휹ARO,MATERIAL DE ESCRITORIO E OUTROS MATERIAIS DE CONSUMO,KALUNGA COM. E IND. GR첹ICA LTDA,43.283.811/0003-11,"87,20",05/2019
 CAMILO CRIST휹ARO,TELEFONE MOVEL,CLARO S.A.,40.432.544/0001-47,"487,76",05/2019
 CAMILO CRIST휹ARO,COMBUSTIVEL,TONICAR AUTO POSTO LTDA,61.990.750/0001-42,"671,06",06/2019
 CAMILO CRIST휹ARO,COMPOSI츒/ARTE/DIAGRAMA츒/PRODU츒/IMPRESSAO GRAFICA,MAJU GRAF GRAFICA LTDA ME,06.226.361/0001-37,"11.218,00",06/2019
 CAMILO CRIST휹ARO,CONTRATA큐O DE PESSOA JURIDICA,INFORMATIX INFORMATICA LTDA ME,04.364.641/0001-86,"2.650,00",06/2019
 CAMILO CRIST휹ARO,INTERMEDIADO - LOCA츒 DE VE펚ULOS,CAMARA MUNICIPAL DE S츒 PAULO,50.176.288/0001-28,"2.214,62",06/2019
 CAMILO CRIST휹ARO,LOCA츒 DE MOVEIS E EQUIPAMENTOS,T.S. IMPORTS EIRELI - ME,23.017.310/0001-14,"8.000,00",06/2019
 CAMILO CRIST휹ARO,MATERIAL DE ESCRITORIO E OUTROS MATERIAIS DE CONSUMO,CENTER PAPEIS COMERCIAL LTDA.,06.226.820/0001-82,"1.440,95",06/2019
 CAMILO CRIST휹ARO,TELEFONE MOVEL,CLARO S.A.,40.432.544/0001-47,"476,28",06/2019
 CAMILO CRIST휹ARO,COMBUSTIVEL,TONICAR AUTO POSTO LTDA,61.990.750/0001-42,"995,11",07/2019
 CAMILO CRIST휹ARO,COMPOSI츒/ARTE/DIAGRAMA츒/PRODU츒/IMPRESSAO GRAFICA,MAJU GRAF GRAFICA LTDA ME,06.226.361/0001-37,"7.764,07",07/2019
 CAMILO CRIST휹ARO,CONTRATA큐O DE PESSOA JURIDICA,INFORMATIX INFORMATICA LTDA ME,04.364.641/0001-86,"1.590,00",07/2019
 CAMILO CRIST휹ARO,CONTRATA큐O DE PESSOA JURIDICA,TECNEGOCIOS SOLU큞ES EM INFORMATICA LTDA- ME,11.521.613/0001-90,"850,00",07/2019
 CAMILO CRIST휹ARO,CONTRATA큐O DE PESSOA JURIDICA,ALEXANDRE COZZI SALERNO 41572957816,32.194.406/0001-49,"2.000,00",07/2019
 CAMILO CRIST휹ARO,INTERMEDIADO - LOCA츒 DE VE펚ULOS,CAMARA MUNICIPAL DE S츒 PAULO,50.176.288/0001-28,"2.214,62",07/2019
 CAMILO CRIST휹ARO,LOCA츒 DE MOVEIS E EQUIPAMENTOS,T.S. IMPORTS EIRELI - ME,23.017.310/0001-14,"8.000,00",07/2019
 CAMILO CRIST휹ARO,MATERIAL DE ESCRITORIO E OUTROS MATERIAIS DE CONSUMO,CENTER PAPEIS COMERCIAL LTDA.,06.226.820/0001-82,"1.389,65",07/2019
 CAMILO CRIST휹ARO,TELEFONE MOVEL,CLARO S.A.,40.432.544/0001-47,"467,44",07/2019
 CAMILO CRIST휹ARO,COMBUSTIVEL,TONICAR AUTO POSTO LTDA,61.990.750/0001-42,"814,05",08/2019
 CAMILO CRIST휹ARO,COMPOSI츒/ARTE/DIAGRAMA츒/PRODU츒/IMPRESSAO GRAFICA,MAJU GRAF GRAFICA LTDA ME,06.226.361/0001-37,"8.795,00",08/2019
 CAMILO CRIST휹ARO,CONTRATA큐O DE PESSOA JURIDICA,TECNEGOCIOS SOLU큞ES EM INFORMATICA LTDA- ME,11.521.613/0001-90,"850,00",08/2019
 CAMILO CRIST휹ARO,CONTRATA큐O DE PESSOA JURIDICA,ALEXANDRE COZZI SALERNO 41572957816,32.194.406/0001-49,"2.000,00",08/2019
 CAMILO CRIST휹ARO,INTERMEDIADO - CORREIOS,CAMARA MUNICIPAL DE S츒 PAULO,50.176.288/0001-28,"249,97",08/2019
 CAMILO CRIST휹ARO,INTERMEDIADO - LOCA츒 DE VE펚ULOS,CAMARA MUNICIPAL DE S츒 PAULO,50.176.288/0001-28,"2.214,62",08/2019
 CAMILO CRIST휹ARO,LOCA츒 DE MOVEIS E EQUIPAMENTOS,T.S. IMPORTS EIRELI - ME,23.017.310/0001-14,"8.000,00",08/2019
 CAMILO CRIST휹ARO,MATERIAL DE ESCRITORIO E OUTROS MATERIAIS DE CONSUMO,CENTER PAPEIS COMERCIAL LTDA.,06.226.820/0001-82,"2.019,90",08/2019
 CAMILO CRIST휹ARO,TELEFONE MOVEL,CLARO S.A.,40.432.544/0001-47,"462,08",08/2019
 CAMILO CRIST휹ARO,COMBUSTIVEL,TONICAR AUTO POSTO LTDA,61.990.750/0001-42,"1.034,57",09/2019
 CAMILO CRIST휹ARO,COMPOSI츒/ARTE/DIAGRAMA츒/PRODU츒/IMPRESSAO GRAFICA,MAJU GRAF GRAFICA LTDA ME,06.226.361/0001-37,"7.510,00",09/2019
 CAMILO CRIST휹ARO,CONTRATA큐O DE PESSOA JURIDICA,TECNEGOCIOS SOLU큞ES EM INFORMATICA LTDA- ME,11.521.613/0001-90,"850,00",09/2019
 CAMILO CRIST휹ARO,CONTRATA큐O DE PESSOA JURIDICA,ALEXANDRE COZZI SALERNO 41572957816,32.194.406/0001-49,"2.000,00",09/2019
 CAMILO CRIST휹ARO,INTERMEDIADO - CORREIOS,CAMARA MUNICIPAL DE S츒 PAULO,50.176.288/0001-28,"314,17",09/2019
 CAMILO CRIST휹ARO,INTERMEDIADO - LOCA츒 DE VE펚ULOS,CAMARA MUNICIPAL DE S츒 PAULO,50.176.288/0001-28,"2.214,62",09/2019
 CAMILO CRIST휹ARO,LOCA츒 DE MOVEIS E EQUIPAMENTOS,T.S. IMPORTS EIRELI - ME,23.017.310/0001-14,"8.000,00",09/2019
 CAMILO CRIST휹ARO,MATERIAL DE ESCRITORIO E OUTROS MATERIAIS DE CONSUMO,CENTER PAPEIS COMERCIAL LTDA.,06.226.820/0001-82,"1.159,60",09/2019
 CAMILO CRIST휹ARO,MATERIAL DE ESCRITORIO E OUTROS MATERIAIS DE CONSUMO,KALUNGA COMRCIO E INDＣTRIA GR첹ICA LTDA.,43.283.811/0013-93,"135,50",09/2019
 CAMILO CRIST휹ARO,TELEFONE MOVEL,CLARO S.A.,40.432.544/0001-47,"459,40",09/2019
 CAMILO CRIST휹ARO,COMBUSTIVEL,TONICAR AUTO POSTO LTDA,61.990.750/0001-42,"1.061,96",10/2019
 CAMILO CRIST휹ARO,COMPOSI츒/ARTE/DIAGRAMA츒/PRODU츒/IMPRESSAO GRAFICA,MAJU GRAF GRAFICA LTDA ME,06.226.361/0001-37,"9.305,00",10/2019
 CAMILO CRIST휹ARO,CONTRATA큐O DE PESSOA JURIDICA,TECNEGOCIOS SOLU큞ES EM INFORMATICA LTDA- ME,11.521.613/0001-90,"850,00",10/2019
 CAMILO CRIST휹ARO,CONTRATA큐O DE PESSOA JURIDICA,ALEXANDRE COZZI SALERNO 41572957816,32.194.406/0001-49,"2.000,00",10/2019
 CAMILO CRIST휹ARO,INTERMEDIADO - LOCA츒 DE VE펚ULOS,CAMARA MUNICIPAL DE S츒 PAULO,50.176.288/0001-28,"2.214,62",10/2019
 CAMILO CRIST휹ARO,LOCA츒 DE MOVEIS E EQUIPAMENTOS,T.S. IMPORTS EIRELI - ME,23.017.310/0001-14,"8.000,00",10/2019
 CAMILO CRIST휹ARO,MATERIAL DE ESCRITORIO E OUTROS MATERIAIS DE CONSUMO,CENTER PAPEIS COMERCIAL LTDA.,06.226.820/0001-82,"739,45",10/2019
 CAMILO CRIST휹ARO,TELEFONE MOVEL,CLARO S.A.,40.432.544/0001-47,"459,58",10/2019
 CAMILO CRIST휹ARO,COMBUSTIVEL,TONICAR AUTO POSTO LTDA,61.990.750/0001-42,"1.097,29",11/2019
 CAMILO CRIST휹ARO,COMPOSI츒/ARTE/DIAGRAMA츒/PRODU츒/IMPRESSAO GRAFICA,MAJU GRAF GRAFICA LTDA ME,06.226.361/0001-37,"8.025,00",11/2019
 CAMILO CRIST휹ARO,CONTRATA큐O DE PESSOA JURIDICA,TECNEGOCIOS SOLU큞ES EM INFORMATICA LTDA- ME,11.521.613/0001-90,"850,00",11/2019
 CAMILO CRIST휹ARO,CONTRATA큐O DE PESSOA JURIDICA,ALEXANDRE COZZI SALERNO 41572957816,32.194.406/0001-49,"2.000,00",11/2019
 CAMILO CRIST휹ARO,INTERMEDIADO - LOCA츒 DE VE펚ULOS,CAMARA MUNICIPAL DE S츒 PAULO,50.176.288/0001-28,"2.214,62",11/2019
 CAMILO CRIST휹ARO,INTERMEDIADO - REPROGRAFIA (XEROX/ENCADERNA츒),CAMARA MUNICIPAL DE S츒 PAULO,50.176.288/0001-28,"188,32",11/2019
 CAMILO CRIST휹ARO,LOCA츒 DE MOVEIS E EQUIPAMENTOS,T.S. IMPORTS EIRELI - ME,23.017.310/0001-14,"8.000,00",11/2019
 CAMILO CRIST휹ARO,MATERIAL DE ESCRITORIO E OUTROS MATERIAIS DE CONSUMO,CENTER PAPEIS COMERCIAL LTDA.,06.226.820/0001-82,"1.044,50",11/2019
 CAMILO CRIST휹ARO,TELEFONE MOVEL,CLARO S.A.,40.432.544/0001-47,"399,99",11/2019
 CAMILO CRIST휹ARO,COMBUSTIVEL,TONICAR AUTO POSTO LTDA,61.990.750/0001-42,"863,80",12/2019
 CAMILO CRIST휹ARO,COMPOSI츒/ARTE/DIAGRAMA츒/PRODU츒/IMPRESSAO GRAFICA,MAJU GRAF GRAFICA LTDA ME,06.226.361/0001-37,"11.680,00",12/2019
 CAMILO CRIST휹ARO,CONTRATA큐O DE PESSOA JURIDICA,TECNEGOCIOS SOLU큞ES EM INFORMATICA LTDA- ME,11.521.613/0001-90,"850,00",12/2019
 CAMILO CRIST휹ARO,CONTRATA큐O DE PESSOA JURIDICA,ALEXANDRE COZZI SALERNO 41572957816,32.194.406/0001-49,"2.000,00",12/2019
 CAMILO CRIST휹ARO,INTERMEDIADO - LOCA츒 DE VE펚ULOS,CAMARA MUNICIPAL DE S츒 PAULO,50.176.288/0001-28,"2.214,62",12/2019
 CAMILO CRIST휹ARO,LOCA츒 DE MOVEIS E EQUIPAMENTOS,T.S. IMPORTS EIRELI - ME,23.017.310/0001-14,"8.000,00",12/2019
 CAMILO CRIST휹ARO,MATERIAL DE ESCRITORIO E OUTROS MATERIAIS DE CONSUMO,CENTER PAPEIS COMERCIAL LTDA.,06.226.820/0001-82,"355,10",12/2019
 CAMILO CRIST휹ARO,MATERIAL DE ESCRITORIO E OUTROS MATERIAIS DE CONSUMO,KALUNGA COM. E IND. GR첹ICA LTDA,43.283.811/0177-10,"43,60",12/2019
 CAMILO CRIST휹ARO,TELEFONE MOVEL,CLARO S.A.,40.432.544/0001-47,"422,43",12/2019
