Vereador,Tipo_de_Gasto,Nome_Da_Empresa,CNPJ,Valor,Mes/Ano
 ADILSON AMADEU,INTERMEDIADO - CORREIOS,CAMARA MUNICIPAL DE SÃO PAULO,50.176.288/0001-28,"5.695,80",03/2019
 ADILSON AMADEU,INTERMEDIADO - LOCAÇÃO DE VEÍCULOS,CAMARA MUNICIPAL DE SÃO PAULO,50.176.288/0001-28,"2.214,62",03/2019
 ADRIANA RAMALHO,ASSINATURA DE JORNAIS E REVISTAS,EMPRESA FOLHA DA MANHÃ S.A.,60.579.703/0031-63,"1.996,80",03/2019
 ADRIANA RAMALHO,ASSINATURA DE JORNAIS E REVISTAS,S.A O ESTADO DE S. PAULO,61.533.949/0001-41,"102,90",03/2019
 ADRIANA RAMALHO,COMBUSTIVEL,POSTO JENNER LTDA,61.699.179/0001-01,"1.446,22",03/2019
 ADRIANA RAMALHO,COMPOSIÇÃO/ARTE/DIAGRAMAÇÃO/PRODUÇÃO/IMPRESSAO GRAFICA,VISUAL ARTE COPIADORA EIRELLI - ME,13.058.505/0001-59,"200,00",03/2019
 ADRIANA RAMALHO,CONTRATAÇAO DE PESSOA JURIDICA,LOCAWEB SERVIÇOS DE INTERNET S.A.,02.351.877/0001-52,"65,00",03/2019
 ADRIANA RAMALHO,CONTRATAÇAO DE PESSOA JURIDICA,FERNANDO IGNACIO VIEIRA -ME,08.779.025/0001-47,"7.000,00",03/2019
 ADRIANA RAMALHO,CONTRATAÇAO DE PESSOA JURIDICA,CONDE e DELL ARINGA - DESENVOLVIMENTO DE SOFTWARES LTDA - EPP,09.613.772/0001-73,"250,00",03/2019
 ADRIANA RAMALHO,ELABORAÇÃO/MANUTENÇAO DE SITE/HOSPEDAGEM,FERNANDO IGNACIO VIEIRA -ME,08.779.025/0001-47,"7.000,00",03/2019
 ADRIANA RAMALHO,INTERMEDIADO - CORREIOS,CAMARA MUNICIPAL DE SÃO PAULO,50.176.288/0001-28,"906,90",03/2019
 ADRIANA RAMALHO,INTERMEDIADO - LOCAÇÃO DE VEÍCULOS,CAMARA MUNICIPAL DE SÃO PAULO,50.176.288/0001-28,"2.214,62",03/2019
 ADRIANA RAMALHO,LOCAÇÃO DE MOVEIS E EQUIPAMENTOS,ALOC LOCAÇÃO E COMERCIO DE EQUIPAMENTOS DE INFORMÁTICA LTDA.,07.071.575/0001-44,"1.969,00",03/2019
 ADRIANA RAMALHO,MATERIAL DE ESCRITORIO E OUTROS MATERIAIS DE CONSUMO,KALUNGA COMÉRCIO E INDÚSTRIA GRÁFICA LTDA.,43.283.811/0012-02,"362,40",03/2019
 ADRIANA RAMALHO,PROVEDOR DE INTERNET,TELEFONICA BRASIL S/A,02.558.157/0001-62,"101,28",03/2019
 ADRIANA RAMALHO,TELEFONE MOVEL,TELEFONICA BRASIL S/A,02.558.157/0001-62,"606,46",03/2019
 ALESSANDRO GUEDES,COMBUSTIVEL,AUTO POSTO GRANERO LTDA.,05.468.615/0001-60,"1.169,30",03/2019
 ALESSANDRO GUEDES,COMPOSIÇÃO/ARTE/DIAGRAMAÇÃO/PRODUÇÃO/IMPRESSAO GRAFICA,VANESSA DA SILVA OLIVEIRA 12465894862,32.219.697/0001-82,"8.000,00",03/2019
 ALESSANDRO GUEDES,CONTRATAÇAO DE PESSOA JURIDICA,DINA DE JESUS MACHADO 15725361870 ME,32.086.082/0001-25,"1.800,00",03/2019
 ALESSANDRO GUEDES,CONTRATAÇAO DE PESSOA JURIDICA,WORK LINE SYSTEM INFORMÁTICA LTDA,67.002.329/0001-62,"980,00",03/2019
 ALESSANDRO GUEDES,ELABORAÇÃO/MANUTENÇAO DE SITE/HOSPEDAGEM,LN ATTITUDE ON GESTÃO EMPRESARIAL LTDA,20.287.602/0001-89,"4.000,00",03/2019
 ALESSANDRO GUEDES,INTERMEDIADO - CORREIOS,CAMARA MUNICIPAL DE SÃO PAULO,50.176.288/0001-28,"682,88",03/2019
 ALESSANDRO GUEDES,INTERMEDIADO - LOCAÇÃO DE VEÍCULOS,CAMARA MUNICIPAL DE SÃO PAULO,50.176.288/0001-28,"2.214,62",03/2019
 ALESSANDRO GUEDES,LOCAÇÃO DE MOVEIS E EQUIPAMENTOS,ATTBRASIL TECNOLOGIA LOCAÇÃO E SOLUÇÕES EM INFORMATICA LTDA EPP,22.392.165/0001-99,"2.090,00",03/2019
 ALESSANDRO GUEDES,MATERIAL DE ESCRITORIO E OUTROS MATERIAIS DE CONSUMO,CENTER PAPEIS COMERCIAL LTDA.,06.226.820/0001-82,"2.505,95",03/2019
 ALESSANDRO GUEDES,TELEFONE FIXO,TELEFONICA BRASIL S/A,02.558.157/0001-62,"127,75",03/2019
 ALESSANDRO GUEDES,TELEFONE MOVEL,NEXTEL TELECOMUNICAÇÕES LTDA,66.970.229/0001-67,"249,99",03/2019
 ALFREDINHO,COMBUSTIVEL,TONINHO TRINTA AUTO POSTO LTDA,59.469.775/0001-53,"780,63",03/2019
 ALFREDINHO,COMPOSIÇÃO/ARTE/DIAGRAMAÇÃO/PRODUÇÃO/IMPRESSAO GRAFICA,GRAFTEC GRAFICA E EDITORA LTDA,04.059.685/0001-00,"7.840,00",03/2019
 ALFREDINHO,COMPOSIÇÃO/ARTE/DIAGRAMAÇÃO/PRODUÇÃO/IMPRESSAO GRAFICA,CRIAGRAPHY DESING E WEBDESING LTDA ME,09.001.036/0001-64,"3.000,00",03/2019
 ALFREDINHO,CONTRATAÇAO DE PESSOA JURIDICA,CARDOSO DE OLIVEIRA SOCIEDADE INDIVIDUAL DE ADVOCACIA,24.534.210/0001-28,"13.000,00",03/2019
 ALFREDINHO,INTERMEDIADO - CORREIOS,CAMARA MUNICIPAL DE SÃO PAULO,50.176.288/0001-28,"42,29",03/2019
 ALFREDINHO,INTERMEDIADO - LOCAÇÃO DE VEÍCULOS,CAMARA MUNICIPAL DE SÃO PAULO,50.176.288/0001-28,"2.214,62",03/2019
 ALFREDINHO,LOCAÇÃO DE MOVEIS E EQUIPAMENTOS,ATTBRASIL TECNOLOGIA LOCAÇÃO E SOLUÇÕES EM INFORMATICA LTDA EPP,22.392.165/0001-99,"1.930,00",03/2019
 ANDRÉ SANTOS,ASSINATURA DE JORNAIS E REVISTAS,ABRIL COMUNICAÇÕES S/A,44.597.052/0079-22,"482,37",03/2019
 ANDRÉ SANTOS,ASSINATURA DE JORNAIS E REVISTAS,S.A O ESTADO DE S. PAULO,61.533.949/0001-41,"68,90",03/2019
 ANDRÉ SANTOS,COMBUSTIVEL,AUTO POSTO GRANERO LTDA.,05.468.615/0001-60,"1.475,04",03/2019
 ANDRÉ SANTOS,COMPOSIÇÃO/ARTE/DIAGRAMAÇÃO/PRODUÇÃO/IMPRESSAO GRAFICA,LEOGRAF GRAFICA E EDITORA LTDA,00.356.213/0001-50,"9.387,15",03/2019
 ANDRÉ SANTOS,CONTRATAÇAO DE PESSOA JURIDICA,CONDE e DELL ARINGA - DESENVOLVIMENTO DE SOFTWARES LTDA - EPP,09.613.772/0001-73,"400,00",03/2019
 ANDRÉ SANTOS,CONTRATAÇAO DE PESSOA JURIDICA,HASHTAG FOTOGRAFIAS E EVENTOS,24.563.896/0001-85,"10.500,00",03/2019
 ANDRÉ SANTOS,INTERMEDIADO - LOCAÇÃO DE VEÍCULOS,CAMARA MUNICIPAL DE SÃO PAULO,50.176.288/0001-28,"2.214,62",03/2019
 ANDRÉ SANTOS,INTERMEDIADO - REPROGRAFIA (XEROX/ENCADERNAÇÃO),CAMARA MUNICIPAL DE SÃO PAULO,50.176.288/0001-28,"308,00",03/2019
 ANDRÉ SANTOS,LIVROS,AMAZON SERVIÇO DE VAREJO DO BRASIL LTDA,15.436.940/0002-86,"290,18",03/2019
 ANDRÉ SANTOS,LOCAÇÃO DE MOVEIS E EQUIPAMENTOS,WAVE INFORMATICA LTDA EPP,11.090.241/0001-95,"610,00",03/2019
 ANDRÉ SANTOS,LOCAÇÃO DE MOVEIS E EQUIPAMENTOS,COMTI COMUNICAÇÃO E TECNOLOGIA LTDA ME,24.751.379/0001-30,"3.175,00",03/2019
 ANDRÉ SANTOS,MATERIAL DE ESCRITORIO E OUTROS MATERIAIS DE CONSUMO,CENTER PAPEIS COMERCIAL LTDA.,06.226.820/0001-82,"745,45",03/2019
 ANDRÉ SANTOS,TELEFONE FIXO,TELEFONICA BRASIL S/A,02.558.157/0001-62,"176,04",03/2019
 ANDRÉ SANTOS,TELEFONE MOVEL,TELEFONICA BRASIL S/A,02.558.157/0001-62,"399,99",03/2019
 ARSELINO TATTO,ASSINATURA DE JORNAIS E REVISTAS,EMPRESA FOLHA DA MANHÃ S.A.,60.579.703/0031-63,"671,70",03/2019
 ARSELINO TATTO,ASSINATURA DE JORNAIS E REVISTAS,S.A O ESTADO DE S. PAULO,61.533.949/0001-41,"104,90",03/2019
 ARSELINO TATTO,COMBUSTIVEL,POSTO DE SERVIÇOS ANTONIO PAES LTDA,62.409.305/0001-09,"1.768,16",03/2019
 ARSELINO TATTO,COMPOSIÇÃO/ARTE/DIAGRAMAÇÃO/PRODUÇÃO/IMPRESSAO GRAFICA,DIGRAF GRAFICA E EDITORA LTDA,03.188.474/0001-05,"5.500,00",03/2019
 ARSELINO TATTO,COMPOSIÇÃO/ARTE/DIAGRAMAÇÃO/PRODUÇÃO/IMPRESSAO GRAFICA,VISTAR PRESTAÇÃO DE SERVIÇOS DE DIGITAÇÃO LTDA ME,08.689.647/0001-84,"3.000,00",03/2019
 ARSELINO TATTO,COMPOSIÇÃO/ARTE/DIAGRAMAÇÃO/PRODUÇÃO/IMPRESSAO GRAFICA,ANDRE COSTA DESIGNER -ME,13.554.502/0001-06,"1.200,00",03/2019
 ARSELINO TATTO,ELABORAÇÃO/MANUTENÇAO DE SITE/HOSPEDAGEM,VISTAR PRESTAÇÃO DE SERVIÇOS DE DIGITAÇÃO LTDA ME,08.689.647/0001-84,"2.500,00",03/2019
 ARSELINO TATTO,INTERMEDIADO - CORREIOS,CAMARA MUNICIPAL DE SÃO PAULO,50.176.288/0001-28,"297,60",03/2019
 ARSELINO TATTO,INTERMEDIADO - LOCAÇÃO DE VEÍCULOS,CAMARA MUNICIPAL DE SÃO PAULO,50.176.288/0001-28,"2.214,62",03/2019
 ARSELINO TATTO,LOCAÇÃO DE MOVEIS E EQUIPAMENTOS,SINALL COM E SERV DE MÁQUINAS LTDA,69.064.053/0001-72,"1.445,70",03/2019
 ARSELINO TATTO,MATERIAL DE ESCRITORIO E OUTROS MATERIAIS DE CONSUMO,CENTER PAPEIS COMERCIAL LTDA.,06.226.820/0001-82,"4.496,10",03/2019
 ARSELINO TATTO,TELEFONE MOVEL,TELEFONICA BRASIL S/A,02.558.157/0001-62,"387,49",03/2019
 ATILIO FRANCISCO,COMBUSTIVEL,AUTO POSTO GRANERO LTDA.,05.468.615/0001-60,"885,97",03/2019
 ATILIO FRANCISCO,COMPOSIÇÃO/ARTE/DIAGRAMAÇÃO/PRODUÇÃO/IMPRESSAO GRAFICA,IRISARA COMÉRCIO E SERVIÇOS LTDA.,10.376.277/0001-77,"5.612,40",03/2019
 ATILIO FRANCISCO,CONTRATAÇAO DE PESSOA JURIDICA,STYLU FENIX PRODUÇÕES AUDIOVISUAIS LTDA,11.263.684/0001-30,"7.500,00",03/2019
 ATILIO FRANCISCO,CONTRATAÇAO DE PESSOA JURIDICA,RENATO ZIBORDI JUNIOR,31.667.307/0001-74,"478,00",03/2019
 ATILIO FRANCISCO,INTERMEDIADO - CORREIOS,CAMARA MUNICIPAL DE SÃO PAULO,50.176.288/0001-28,"1.214,10",03/2019
 ATILIO FRANCISCO,INTERMEDIADO - LOCAÇÃO DE VEÍCULOS,CAMARA MUNICIPAL DE SÃO PAULO,50.176.288/0001-28,"2.214,62",03/2019
 ATILIO FRANCISCO,LOCAÇÃO DE MOVEIS E EQUIPAMENTOS,K2G SUPRIMENTOS DE IMPRESSÃO E INFORMATICA EIRELLI - ME,19.367.661/0001-88,"200,00",03/2019
 ATILIO FRANCISCO,MATERIAL DE ESCRITORIO E OUTROS MATERIAIS DE CONSUMO,CENTER PAPEIS COMERCIAL LTDA.,06.226.820/0001-82,"2.916,30",03/2019
 ATILIO FRANCISCO,TELEFONE FIXO,TELEFONICA BRASIL S/A,02.558.157/0001-62,"173,80",03/2019
 ATILIO FRANCISCO,TELEFONE MOVEL,NEXTEL TELECOMUNICAÇÕES LTDA,66.970.229/0001-67,"134,48",03/2019
 AURELIO NOMURA,COMBUSTIVEL,POSTO PAISAGEM LTDA,60.895.653/0001-08,"1.981,09",03/2019
 AURELIO NOMURA,CONTRATAÇAO DE PESSOA JURIDICA,FERNANDO NOBUTAKA TAKAHASHI,18.411.294/0001-00,"3.675,00",03/2019
 AURELIO NOMURA,ELABORAÇÃO/MANUTENÇAO DE SITE/HOSPEDAGEM,DIGIRATI INFORMATICA SERVIÇOS E TELECOMUNICAÇÕES LTDA EPP,04.371.843/0001-55,"159,76",03/2019
 AURELIO NOMURA,INTERMEDIADO - CORREIOS,CAMARA MUNICIPAL DE SÃO PAULO,50.176.288/0001-28,"112,76",03/2019
 AURELIO NOMURA,INTERMEDIADO - LOCAÇÃO DE VEÍCULOS,CAMARA MUNICIPAL DE SÃO PAULO,50.176.288/0001-28,"2.214,62",03/2019
 AURELIO NOMURA,LIMPEZA DE VEICULOS,POSTO PAISAGEM LTDA,60.895.653/0001-08,"130,00",03/2019
 AURELIO NOMURA,LOCAÇÃO DE MOVEIS E EQUIPAMENTOS,COMAVI LOCAÇÃO E SERVIÇOS EIRELLI EPP,17.303.742/0001-99,"846,16",03/2019
 AURELIO NOMURA,MATERIAL DE ESCRITORIO E OUTROS MATERIAIS DE CONSUMO,CENTER PAPEIS COMERCIAL LTDA.,06.226.820/0001-82,"365,60",03/2019
 AURELIO NOMURA,MATERIAL DE ESCRITORIO E OUTROS MATERIAIS DE CONSUMO,MVS CARTUCHOS LTDA - ME,09.358.717/0001-84,"950,00",03/2019
 BETO DO SOCIAL,COMBUSTIVEL,PORTAL DO RIO PEQUENO AUTO POSTO,10.350.388/0001-04,"1.189,24",03/2019
 BETO DO SOCIAL,INTERMEDIADO - CORREIOS,CAMARA MUNICIPAL DE SÃO PAULO,50.176.288/0001-28,"108,05",03/2019
 BETO DO SOCIAL,INTERMEDIADO - LOCAÇÃO DE VEÍCULOS,CAMARA MUNICIPAL DE SÃO PAULO,50.176.288/0001-28,"2.214,62",03/2019
 BETO DO SOCIAL,LOCAÇÃO DE MOVEIS E EQUIPAMENTOS,ECOH TECH EIRELI EPP,01.291.328/0001-77,"15.200,00",03/2019
 BETO DO SOCIAL,MATERIAL DE ESCRITORIO E OUTROS MATERIAIS DE CONSUMO,NOVA VIDA PAPELARIA E COLETOR DIGITAL LTDA ME,25.321.968/0001-40,"115,00",03/2019
 BETO DO SOCIAL,MATERIAL DE ESCRITORIO E OUTROS MATERIAIS DE CONSUMO,KALUNGA COMERCIO E INDUSTRIA GRAFICA LTDA,43.283.811/0203-47,"669,21",03/2019
 BETO DO SOCIAL,REPROGRAFIA (XEROX/ENCADERNAÇÃO),LIMCOPY COM. E SERV. DE COPIAS EIRELI,02.242.661/0001-59,"234,00",03/2019
 CAIO MIRANDA,COMBUSTIVEL,AUTO POSTO NOVO CENTRO LTDA,02.646.144/0001-45,"397,06",03/2019
 CAIO MIRANDA,COMPOSIÇÃO/ARTE/DIAGRAMAÇÃO/PRODUÇÃO/IMPRESSAO GRAFICA,PAULOS COMUNICAÇÃO E ARTES GRAFICAS LTDA ME,43.985.738/0001-68,"4.560,00",03/2019
 CAIO MIRANDA,INTERMEDIADO - CORREIOS,CAMARA MUNICIPAL DE SÃO PAULO,50.176.288/0001-28,"109,70",03/2019
 CAIO MIRANDA,INTERMEDIADO - LOCAÇÃO DE VEÍCULOS,CAMARA MUNICIPAL DE SÃO PAULO,50.176.288/0001-28,"2.214,62",03/2019
 CAIO MIRANDA,LOCAÇÃO DE MOVEIS E EQUIPAMENTOS,"MONSTERCAM LOCAÇÃO DE EQUIPAMENTOS PARA CINEMA, E VÍDEO LTDA",23.171.339/0001-56,"8.000,00",03/2019
 CAIO MIRANDA,MATERIAL DE ESCRITORIO E OUTROS MATERIAIS DE CONSUMO,K2G SUPRIMENTOS DE IMPRESSÃO E INFORMATICA EIRELLI - ME,19.367.661/0001-88,"674,00",03/2019
 CAMILO CRISTÓFARO,COMBUSTIVEL,TONICAR AUTO POSTO LTDA,61.990.750/0001-42,"1.279,17",03/2019
 CAMILO CRISTÓFARO,COMPOSIÇÃO/ARTE/DIAGRAMAÇÃO/PRODUÇÃO/IMPRESSAO GRAFICA,MAJU GRAF GRAFICA LTDA ME,06.226.361/0001-37,"5.120,00",03/2019
 CAMILO CRISTÓFARO,CONTRATAÇAO DE PESSOA JURIDICA,INFORMATIX INFORMATICA LTDA ME,04.364.641/0001-86,"2.650,00",03/2019
 CAMILO CRISTÓFARO,CONTRATAÇAO DE PESSOA JURIDICA,ALEXANDRE COZZI SALERNO 41572957816,32.194.406/0001-49,"1.500,00",03/2019
 CAMILO CRISTÓFARO,INTERMEDIADO - CORREIOS,CAMARA MUNICIPAL DE SÃO PAULO,50.176.288/0001-28,"102,56",03/2019
 CAMILO CRISTÓFARO,INTERMEDIADO - LOCAÇÃO DE VEÍCULOS,CAMARA MUNICIPAL DE SÃO PAULO,50.176.288/0001-28,"2.214,62",03/2019
 CAMILO CRISTÓFARO,LOCAÇÃO DE MOVEIS E EQUIPAMENTOS,T.S. IMPORTS EIRELI - ME,23.017.310/0001-14,"8.000,00",03/2019
 CAMILO CRISTÓFARO,MATERIAL DE ESCRITORIO E OUTROS MATERIAIS DE CONSUMO,CENTER PAPEIS COMERCIAL LTDA.,06.226.820/0001-82,"1.133,80",03/2019
 CAMILO CRISTÓFARO,TELEFONE MOVEL,CLARO S.A.,40.432.544/0001-47,"480,81",03/2019
 CELSO GIANNAZI,COMBUSTIVEL,AUTO POSTO INTERLAGOS,57.034.696/0001-94,"424,62",03/2019
 CELSO GIANNAZI,COMBUSTIVEL,POSTO BOLA PESADA LTDA.,62.972.492/0001-34,"908,07",03/2019
 CELSO GIANNAZI,COMPOSIÇÃO/ARTE/DIAGRAMAÇÃO/PRODUÇÃO/IMPRESSAO GRAFICA,FORMA CERTA GRAFICA  DIGITAL LTDA,07.691.829/0001-27,"3.118,80",03/2019
 CELSO GIANNAZI,COMPOSIÇÃO/ARTE/DIAGRAMAÇÃO/PRODUÇÃO/IMPRESSAO GRAFICA,GRÁFICA CROMOCOLOR INDUSTRIA LTDA ME,09.181.015/0001-78,"9.408,70",03/2019
 CELSO GIANNAZI,COMPOSIÇÃO/ARTE/DIAGRAMAÇÃO/PRODUÇÃO/IMPRESSAO GRAFICA,SPEED PAPER SERVIÇOS GRÁFICOS E CÓPIAS LTDA-ME,60.867.678/0001-06,"18,00",03/2019
 CELSO GIANNAZI,ELABORAÇÃO/MANUTENÇAO DE SITE/HOSPEDAGEM,EVAG COMUNICAÇÃO E TECNOLOGIA LTDA,15.705.697/0001-73,"6.000,00",03/2019
 CELSO GIANNAZI,INTERMEDIADO - LOCAÇÃO DE VEÍCULOS,CAMARA MUNICIPAL DE SÃO PAULO,50.176.288/0001-28,"2.214,62",03/2019
 CELSO GIANNAZI,MATERIAL DE ESCRITORIO E OUTROS MATERIAIS DE CONSUMO,CENTER PAPEIS COMERCIAL LTDA.,06.226.820/0001-82,"571,80",03/2019
 CELSO GIANNAZI,TELEFONE MOVEL,TELEFONICA BRASIL S/A,02.558.157/0001-62,"100,62",03/2019
 CELSO JATENE,INTERMEDIADO - CORREIOS,CAMARA MUNICIPAL DE SÃO PAULO,50.176.288/0001-28,"83,60",03/2019
 CLAUDINHO DE SOUZA,COMBUSTIVEL,AUTO POSTO NOVO MORRO GRANDE LTDA,43.882.281/0001-66,"646,27",03/2019
 CLAUDINHO DE SOUZA,COMPOSIÇÃO/ARTE/DIAGRAMAÇÃO/PRODUÇÃO/IMPRESSAO GRAFICA,ENCADERNADORA IDEAL COMERCIAL LTDA,02.079.773/0001-30,"4.150,00",03/2019
 CLAUDINHO DE SOUZA,CONTRATAÇAO DE PESSOA JURIDICA,MAZZA FC TECNOLOGIA DA INFORMACAO LTDA-ME,12.028.418/0001-96,"2.000,00",03/2019
 CLAUDINHO DE SOUZA,ELABORAÇÃO/MANUTENÇAO DE SITE/HOSPEDAGEM,FERRARI & CRINITI INFORMÁTICA LTDA,03.515.743/0001-92,"2.500,00",03/2019
 CLAUDINHO DE SOUZA,INTERMEDIADO - CORREIOS,CAMARA MUNICIPAL DE SÃO PAULO,50.176.288/0001-28,"1.084,63",03/2019
 CLAUDINHO DE SOUZA,INTERMEDIADO - LOCAÇÃO DE VEÍCULOS,CAMARA MUNICIPAL DE SÃO PAULO,50.176.288/0001-28,"2.214,62",03/2019
 CLAUDINHO DE SOUZA,MATERIAL DE ESCRITORIO E OUTROS MATERIAIS DE CONSUMO,KALUNGA COMÉRCIO E INDÚSTRIA GRÁFICA LTDA,43.283.811/0060-00,"426,45",03/2019
 CLAUDINHO DE SOUZA,TELEFONE FIXO,TELEFONICA BRASIL S/A,02.558.157/0001-62,"605,00",03/2019
 CLAUDINHO DE SOUZA,TELEFONE MOVEL,TIM S.A,02.421.421/0006-26,"120,15",03/2019
 CLAUDIO FONSECA,COMBUSTIVEL,AUTO POSTO LIDER-BANDEIRAS LTDA,05.025.949/0001-60,"611,40",03/2019
 CLAUDIO FONSECA,CONTRATAÇAO DE PESSOA JURIDICA,MAHA PRAJNA PRODUÇÕES ARTÍSTICAS EIRELI-ME,10.513.124/0001-24,"5.000,00",03/2019
 CLAUDIO FONSECA,CONTRATAÇAO DE PESSOA JURIDICA,REVELE DESENVOLVIMENTO DIGITAL,16.727.438/0001-06,"190,00",03/2019
 CLAUDIO FONSECA,ELABORAÇÃO/MANUTENÇAO DE SITE/HOSPEDAGEM,WEBSIDE SERVIÇOS EMPR LTDA ME,08.652.665/0001-91,"49,90",03/2019
 CLAUDIO FONSECA,INTERMEDIADO - CORREIOS,CAMARA MUNICIPAL DE SÃO PAULO,50.176.288/0001-28,"107,60",03/2019
 CLAUDIO FONSECA,INTERMEDIADO - LOCAÇÃO DE VEÍCULOS,CAMARA MUNICIPAL DE SÃO PAULO,50.176.288/0001-28,"2.214,62",03/2019
 CLAUDIO FONSECA,LOCAÇÃO DE MOVEIS E EQUIPAMENTOS,ALOC LOCAÇÃO E COMERCIO DE EQUIPAMENTOS DE INFORMÁTICA LTDA.,07.071.575/0001-44,"395,00",03/2019
 CLAUDIO FONSECA,LOCAÇÃO DE MOVEIS E EQUIPAMENTOS,K2G SUPRIMENTOS DE IMPRESSÃO E INFORMATICA EIRELLI - ME,19.367.661/0001-88,"895,00",03/2019
 CLAUDIO FONSECA,MATERIAL DE ESCRITORIO E OUTROS MATERIAIS DE CONSUMO,CENTER PAPEIS COMERCIAL LTDA.,06.226.820/0001-82,"353,40",03/2019
 CLAUDIO FONSECA,PROVEDOR DE INTERNET,TELEFONICA BRASIL S/A,02.558.157/0001-62,"101,44",03/2019
 CLAUDIO FONSECA,TELEFONE MOVEL,TIM S.A.,02.421.421/0001-11,"97,62",03/2019
 CONTE LOPES,INTERMEDIADO - CORREIOS,CAMARA MUNICIPAL DE SÃO PAULO,50.176.288/0001-28,"35,90",03/2019
 CONTE LOPES,INTERMEDIADO - LOCAÇÃO DE VEÍCULOS,CAMARA MUNICIPAL DE SÃO PAULO,50.176.288/0001-28,"1.107,30",03/2019
 DALTON SILVANO,COMBUSTIVEL,POSTO JENNER LTDA,61.699.179/0001-01,"3.432,00",03/2019
 DALTON SILVANO,COMPOSIÇÃO/ARTE/DIAGRAMAÇÃO/PRODUÇÃO/IMPRESSAO GRAFICA,LUIZ BAZZO FILHO - ME,03.169.981/0001-93,"5.500,00",03/2019
 DALTON SILVANO,COMPOSIÇÃO/ARTE/DIAGRAMAÇÃO/PRODUÇÃO/IMPRESSAO GRAFICA,CARLOS CELSO PIERRE GUIMARAES,29.324.949/0001-29,"1.575,00",03/2019
 DALTON SILVANO,CONTRATAÇAO DE PESSOA JURIDICA,LOCAWEB SERVIÇOS DE INTERNET S.A.,02.351.877/0001-52,"388,80",03/2019
 DALTON SILVANO,CONTRATAÇAO DE PESSOA JURIDICA,ZENVIA MOBILE SERVICOS DIGITAIS SA,14.096.190/0001-05,"1.725,00",03/2019
 DALTON SILVANO,CONTRATAÇAO DE PESSOA JURIDICA,LUCIANO ALVES DE SIQUEIRA,30.021.634/0001-91,"1.600,00",03/2019
 DALTON SILVANO,ELABORAÇÃO/MANUTENÇAO DE SITE/HOSPEDAGEM,CARLOS CELSO PIERRE GUIMARAES,29.324.949/0001-29,"7.100,00",03/2019
 DALTON SILVANO,INTERMEDIADO - CORREIOS,CAMARA MUNICIPAL DE SÃO PAULO,50.176.288/0001-28,"33,90",03/2019
 DALTON SILVANO,INTERMEDIADO - LOCAÇÃO DE VEÍCULOS,CAMARA MUNICIPAL DE SÃO PAULO,50.176.288/0001-28,"2.214,62",03/2019
 DALTON SILVANO,LOCAÇÃO DE MOVEIS E EQUIPAMENTOS,IRISARA COMÉRCIO E SERVIÇOS LTDA.,10.376.277/0001-77,"400,00",03/2019
 DALTON SILVANO,MATERIAL DE ESCRITORIO E OUTROS MATERIAIS DE CONSUMO,K2G SUPRIMENTOS DE IMPRESSÃO E INFORMATICA EIRELLI - ME,19.367.661/0001-88,"199,00",03/2019
 DALTON SILVANO,TELEFONE FIXO,TELEFONICA BRASIL S/A,02.558.157/0001-62,"212,48",03/2019
 DALTON SILVANO,TELEFONE MOVEL,CLARO S.A.,40.432.544/0001-47,"401,62",03/2019
 DONATO,COMBUSTIVEL,POSTO JUPIA LT,02.183.065/0001-45,"472,14",03/2019
 DONATO,COMBUSTIVEL,POSTO ENERGIA AUTOMOTIVA LTDA,19.499.974/0001-90,"421,56",03/2019
 DONATO,COMPOSIÇÃO/ARTE/DIAGRAMAÇÃO/PRODUÇÃO/IMPRESSAO GRAFICA,DUBLEGRAF GRAFICA E EDITORA LTDA ME,05.883.576/0001-68,"920,00",03/2019
 DONATO,COMPOSIÇÃO/ARTE/DIAGRAMAÇÃO/PRODUÇÃO/IMPRESSAO GRAFICA,BRASPOR GRAFICA E EDITORA LTDA,07.263.666/0001-81,"10.529,75",03/2019
 DONATO,CONTRATAÇAO DE PESSOA JURIDICA,"IP3 CONSULTORIA DE COMUNICACAO, INOV.TECN. E INVEST.LTDA",00.638.847/0001-04,"6.500,00",03/2019
 DONATO,CONTRATAÇAO DE PESSOA JURIDICA,EWERTON RODRIGUES DA SILVA,26.008.753/0001-37,"1.500,00",03/2019
 DONATO,INTERMEDIADO - CORREIOS,CAMARA MUNICIPAL DE SÃO PAULO,50.176.288/0001-28,"42,90",03/2019
 DONATO,INTERMEDIADO - LOCAÇÃO DE VEÍCULOS,CAMARA MUNICIPAL DE SÃO PAULO,50.176.288/0001-28,"2.214,62",03/2019
 DONATO,LOCAÇÃO DE MOVEIS E EQUIPAMENTOS,FMJ COMÉRCIO E ASSISTENCIA TÉCNICA EM COPIADORAS LTDA ME,07.915.380/0001-33,"500,00",03/2019
 DONATO,MATERIAL DE ESCRITORIO E OUTROS MATERIAIS DE CONSUMO,CENTER PAPEIS COMERCIAL LTDA.,06.226.820/0001-82,"879,85",03/2019
 DONATO,TELEFONE FIXO,TELEFONICA BRASIL S/A,02.558.157/0001-62,"185,76",03/2019
 DONATO,TELEFONE MOVEL,CLARO S.A.,40.432.544/0001-47,"381,85",03/2019
 EDIR SALES,COMBUSTIVEL,POSTO DE SERVIÇOS MZ LTDA.,17.680.499/0001-28,"1.008,00",03/2019
 EDIR SALES,COMPOSIÇÃO/ARTE/DIAGRAMAÇÃO/PRODUÇÃO/IMPRESSAO GRAFICA,GRAFICA CAR LTDA ME,38.956.355/0001-21,"780,00",03/2019
 EDIR SALES,CONTRATAÇAO DE PESSOA JURIDICA,MARCIO PIZONI TEIXEIRA,29.889.378/0001-70,"3.200,00",03/2019
 EDIR SALES,CONTRATAÇAO DE PESSOA JURIDICA,ANDRÉ SOARES BARROS,30.956.455/0001-46,"3.500,00",03/2019
 EDIR SALES,CONTRATAÇAO DE PESSOA JURIDICA,NATAN SANTANA DOS REIS,32.215.235/0001-97,"2.500,00",03/2019
 EDIR SALES,INTERMEDIADO - CORREIOS,CAMARA MUNICIPAL DE SÃO PAULO,50.176.288/0001-28,"994,46",03/2019
 EDIR SALES,INTERMEDIADO - LOCAÇÃO DE VEÍCULOS,CAMARA MUNICIPAL DE SÃO PAULO,50.176.288/0001-28,"2.214,62",03/2019
 EDIR SALES,LOCAÇÃO DE MOVEIS E EQUIPAMENTOS,SOFT CLEVER INFORMÁTICA LTDA. - ME,00.280.911/0001-10,"850,00",03/2019
 EDIR SALES,MATERIAL DE ESCRITORIO E OUTROS MATERIAIS DE CONSUMO,MVS CARTUCHOS LTDA - ME,09.358.717/0001-84,"500,00",03/2019
 EDIR SALES,MATERIAL DE ESCRITORIO E OUTROS MATERIAIS DE CONSUMO,KALUNGA COMÉRCIO E INDÚSTRIA GRÁFICA LTDA,43.283.811/0018-06,"618,77",03/2019
 EDIR SALES,REPROGRAFIA (XEROX/ENCADERNAÇÃO),LIMCOPY COM. E SERV. DE COPIAS EIRELI,02.242.661/0001-59,"128,00",03/2019
 EDIR SALES,TELEFONE FIXO,TELEFONICA BRASIL S/A,02.558.157/0001-62,"322,25",03/2019
 EDUARDO MATARAZZO SUPLICY,COMPOSIÇÃO/ARTE/DIAGRAMAÇÃO/PRODUÇÃO/IMPRESSAO GRAFICA,FELIPE SPENCER NOBREGA CABRAL,24.992.302/0001-51,"3.000,00",03/2019
 EDUARDO MATARAZZO SUPLICY,CONTRATAÇAO DE PESSOA JURIDICA,SOLARYS SOLUÇÕES DIGITAIS LTDA-ME,08.648.207/0001-89,"700,00",03/2019
 EDUARDO MATARAZZO SUPLICY,CONTRATAÇAO DE PESSOA JURIDICA,RADUAN SOCIEDADE DE ADVOGADOS,10.303.119/0001-97,"6.500,00",03/2019
 EDUARDO MATARAZZO SUPLICY,ELABORAÇÃO/MANUTENÇAO DE SITE/HOSPEDAGEM,FELIPE SPENCER NOBREGA CABRAL,24.992.302/0001-51,"5.000,00",03/2019
 EDUARDO MATARAZZO SUPLICY,INTERMEDIADO - CORREIOS,CAMARA MUNICIPAL DE SÃO PAULO,50.176.288/0001-28,"36,50",03/2019
 EDUARDO MATARAZZO SUPLICY,LOCAÇÃO DE MOVEIS E EQUIPAMENTOS,AS INFORMATICA LTDA.,62.931.548/0001-02,"2.500,00",03/2019
 EDUARDO MATARAZZO SUPLICY,MATERIAL DE ESCRITORIO E OUTROS MATERIAIS DE CONSUMO,CENTER PAPEIS COMERCIAL LTDA.,06.226.820/0001-82,"1.505,30",03/2019
 EDUARDO MATARAZZO SUPLICY,TELEFONE FIXO,TELEFONICA BRASIL S/A,02.558.157/0001-62,"251,45",03/2019
 EDUARDO MATARAZZO SUPLICY,TELEFONE MOVEL,TELEFONICA BRASIL S/A,02.558.157/0001-62,"286,79",03/2019
 EDUARDO TUMA,COMPOSIÇÃO/ARTE/DIAGRAMAÇÃO/PRODUÇÃO/IMPRESSAO GRAFICA,JC PRINT GRAFICA E EDITORA LTDA,02.407.269/0001-12,"2.078,40",03/2019
 EDUARDO TUMA,CONTRATAÇAO DE PESSOA JURIDICA,L C P PORTELLA JUNIOR - PUBLICIDADE,30.704.930/0001-97,"7.500,00",03/2019
 EDUARDO TUMA,ELABORAÇÃO/MANUTENÇAO DE SITE/HOSPEDAGEM,TASK AGENCIA DE TEXTOS LTDA - ME,15.384.212/0001-97,"7.400,00",03/2019
 EDUARDO TUMA,MATERIAL DE ESCRITORIO E OUTROS MATERIAIS DE CONSUMO,KALUNGA COMÉRCIO E INDÚSTRIA GRÁFICA LTDA,43.283.811/0032-56,"96,80",03/2019
 EDUARDO TUMA,TELEFONE MOVEL,TELEFONICA BRASIL S/A,02.558.157/0001-62,"699,78",03/2019
 ELISEU GABRIEL,COMBUSTIVEL,SUNSET POSTOS DE SERV.E CONVENIÊNCIA LTDA,00.707.272/0001-26,"774,12",03/2019
 ELISEU GABRIEL,CONTRATAÇAO DE PESSOA JURIDICA,UPLOAD SYSTEM CONSULTORIA COMERCIO DE SISTEMAS LTDA ME,05.670.753/0001-28,"1.200,00",03/2019
 ELISEU GABRIEL,CONTRATAÇAO DE PESSOA JURIDICA,MGF SERVIÇOS DE INFORMATICA LTDA,08.518.232/0001-48,"2.900,00",03/2019
 ELISEU GABRIEL,CONTRATAÇAO DE PESSOA JURIDICA,ALVES & DE OLIVEIRA MARKETING DIRETO LTDA,30.899.722/0001-90,"12.000,00",03/2019
 ELISEU GABRIEL,ELABORAÇÃO/MANUTENÇAO DE SITE/HOSPEDAGEM,UPLOAD SYSTEM CONSULTORIA COMERCIO DE SISTEMAS LTDA ME,05.670.753/0001-28,"1.600,00",03/2019
 ELISEU GABRIEL,EVENTOS/SEMINARIOS,ARTE LU E RO GRAFICA EIRELI,18.588.528/0001-99,"960,00",03/2019
 ELISEU GABRIEL,EVENTOS/SEMINARIOS,PAULA MIELCZAREK 21417990821,23.559.798/0001-01,"1.810,00",03/2019
 ELISEU GABRIEL,EVENTOS/SEMINARIOS,R8 SIGN COMUNICAÇÃO VISUAL EIRELI,28.168.721/0001-24,"780,00",03/2019
 ELISEU GABRIEL,EVENTOS/SEMINARIOS,A N GRAFICA LTDA ME,66.572.728/0001-04,"261,00",03/2019
 ELISEU GABRIEL,INTERMEDIADO - CORREIOS,CAMARA MUNICIPAL DE SÃO PAULO,50.176.288/0001-28,"2.713,66",03/2019
 ELISEU GABRIEL,INTERMEDIADO - LOCAÇÃO DE VEÍCULOS,CAMARA MUNICIPAL DE SÃO PAULO,50.176.288/0001-28,"2.214,62",03/2019
 ELISEU GABRIEL,LOCAÇÃO DE MOVEIS E EQUIPAMENTOS,KEY TEC NETWORK COM. E SERV. DE INFORMÁTICA LTDA.,19.039.991/0001-44,"2.450,00",03/2019
 ELISEU GABRIEL,LOCAÇÃO DE MOVEIS E EQUIPAMENTOS,ATTBRASIL TECNOLOGIA LOCAÇÃO E SOLUÇÕES EM INFORMATICA LTDA EPP,22.392.165/0001-99,"765,00",03/2019
 ELISEU GABRIEL,MATERIAL DE ESCRITORIO E OUTROS MATERIAIS DE CONSUMO,CENTER PAPEIS COMERCIAL LTDA.,06.226.820/0001-82,"334,85",03/2019
 ELISEU GABRIEL,MATERIAL DE ESCRITORIO E OUTROS MATERIAIS DE CONSUMO,KALUNGA COMÉRCIO E INDÚSTRIA GRÁFICA LTDA.,43.283.811/0012-02,"384,10",03/2019
 ELISEU GABRIEL,TELEFONE MOVEL,TELEFONICA BRASIL S/A,02.558.157/0001-62,"229,99",03/2019
 FABIO RIVA,CONTRATAÇAO DE PESSOA JURIDICA,DANILO CESAR PEPE CAMPILONGO,21.629.812/0001-70,"766,66",03/2019
 FABIO RIVA,INTERMEDIADO - CORREIOS,CAMARA MUNICIPAL DE SÃO PAULO,50.176.288/0001-28,"43,65",03/2019
 FABIO RIVA,LOCAÇÃO DE MOVEIS E EQUIPAMENTOS,ATTBRASIL TECNOLOGIA LOCAÇÃO E SOLUÇÕES EM INFORMATICA LTDA EPP,22.392.165/0001-99,"2.130,00",03/2019
 FABIO RIVA,MATERIAL DE ESCRITORIO E OUTROS MATERIAIS DE CONSUMO,CENTER PAPEIS COMERCIAL LTDA.,06.226.820/0001-82,"153,65",03/2019
 FABIO RIVA,TELEFONE FIXO,TELEFONICA BRASIL S/A,02.558.157/0001-62,"107,16",03/2019
 FABIO RIVA,TELEFONE MOVEL,CLARO S.A.,40.432.544/0001-47,"394,82",03/2019
 FERNANDO HOLIDAY,LOCAÇÃO DE MOVEIS E EQUIPAMENTOS,ATTBRASIL TECNOLOGIA LOCAÇÃO E SOLUÇÕES EM INFORMATICA LTDA EPP,22.392.165/0001-99,"1.145,00",03/2019
 GEORGE HATO,COMBUSTIVEL,RRJF AUTO POSTO LTDA,26.201.572/0001-22,"2.268,18",03/2019
 GEORGE HATO,COMPOSIÇÃO/ARTE/DIAGRAMAÇÃO/PRODUÇÃO/IMPRESSAO GRAFICA,FAST PRINTING SHOP ARTES GRAFICAS EIRELI EPP,21.407.397/0001-00,"7.000,00",03/2019
 GEORGE HATO,CONTRATAÇAO DE PESSOA JURIDICA,ATTBRASIL TECNOLOGIA LOCAÇÃO E SOLUÇÕES EM INFORMATICA LTDA EPP,22.392.165/0001-99,"855,00",03/2019
 GEORGE HATO,CONTRATAÇAO DE PESSOA JURIDICA,WORK LINE SYSTEM INFORMÁTICA LTDA,67.002.329/0001-62,"980,00",03/2019
 GEORGE HATO,ELABORAÇÃO/MANUTENÇAO DE SITE/HOSPEDAGEM,VALDIR DI MARIA MEDORI JUNIOR,22.139.023/0001-14,"2.500,00",03/2019
 GEORGE HATO,INTERMEDIADO - CORREIOS,CAMARA MUNICIPAL DE SÃO PAULO,50.176.288/0001-28,"76,60",03/2019
 GEORGE HATO,INTERMEDIADO - LOCAÇÃO DE VEÍCULOS,CAMARA MUNICIPAL DE SÃO PAULO,50.176.288/0001-28,"2.214,62",03/2019
 GEORGE HATO,LOCAÇÃO DE MOVEIS E EQUIPAMENTOS,ATTBRASIL TECNOLOGIA LOCAÇÃO E SOLUÇÕES EM INFORMATICA LTDA EPP,22.392.165/0001-99,"3.375,00",03/2019
 GEORGE HATO,MATERIAL DE ESCRITORIO E OUTROS MATERIAIS DE CONSUMO,CENTER PAPEIS COMERCIAL LTDA.,06.226.820/0001-82,"499,95",03/2019
 GEORGE HATO,MATERIAL DE ESCRITORIO E OUTROS MATERIAIS DE CONSUMO,MILTON DE ARAUJO GRAFICA E COPIADORA ME,13.038.410/0001-73,"25,00",03/2019
 GEORGE HATO,TELEFONE FIXO,TELEFONICA BRASIL S/A,02.558.157/0001-62,"464,36",03/2019
 GEORGE HATO,TELEFONE MOVEL,TELEFONICA BRASIL S/A,02.558.157/0001-62,"636,90",03/2019
 GILBERTO NASCIMENTO,COMBUSTIVEL,POSTO DE SERVIÇOS CHICA JULIA LTDA,43.911.106/0001-50,"554,48",03/2019
 GILBERTO NASCIMENTO,CONTRATAÇAO DE PESSOA JURIDICA,MONICA TERESA VENDRAME,29.209.294/0001-48,"7.200,00",03/2019
 GILBERTO NASCIMENTO,INTERMEDIADO - LOCAÇÃO DE VEÍCULOS,CAMARA MUNICIPAL DE SÃO PAULO,50.176.288/0001-28,"2.214,62",03/2019
 GILBERTO NASCIMENTO,MATERIAL DE ESCRITORIO E OUTROS MATERIAIS DE CONSUMO,CENTER PAPEIS COMERCIAL LTDA.,06.226.820/0001-82,"1.606,25",03/2019
 GILSON BARRETO,COMBUSTIVEL,AUTO POSTO LIRITAPURA LTDA,07.441.746/0001-80,"345,94",03/2019
 GILSON BARRETO,COMBUSTIVEL,POSTO ARICANDUVA LTDA,17.890.428/0001-50,"129,56",03/2019
 GILSON BARRETO,COMBUSTIVEL,ROMAR ABASTECIMENTOS AUTOMOTIVOS LTDA,62.770.581/0001-06,"50,00",03/2019
 GILSON BARRETO,COMPOSIÇÃO/ARTE/DIAGRAMAÇÃO/PRODUÇÃO/IMPRESSAO GRAFICA,EDITORA GRÁFICA PANA LTDA.,02.740.573/0001-87,"8.740,00",03/2019
 GILSON BARRETO,COMPOSIÇÃO/ARTE/DIAGRAMAÇÃO/PRODUÇÃO/IMPRESSAO GRAFICA,DORIVAL MARTINS TECNOLOGIA ME,28.967.422/0001-50,"5.000,00",03/2019
 GILSON BARRETO,EVENTOS/SEMINARIOS,ARTE LU E RO GRAFICA EIRELI,18.588.528/0001-99,"480,00",03/2019
 GILSON BARRETO,INTERMEDIADO - CORREIOS,CAMARA MUNICIPAL DE SÃO PAULO,50.176.288/0001-28,"390,00",03/2019
 GILSON BARRETO,INTERMEDIADO - LOCAÇÃO DE VEÍCULOS,CAMARA MUNICIPAL DE SÃO PAULO,50.176.288/0001-28,"2.214,62",03/2019
 GILSON BARRETO,LOCAÇÃO DE MOVEIS E EQUIPAMENTOS,CESAR CALIL ELETRÔNICA ME,06.288.041/0001-01,"3.350,00",03/2019
 GILSON BARRETO,LOCAÇÃO DE MOVEIS E EQUIPAMENTOS,FMJ COMÉRCIO E ASSISTENCIA TÉCNICA EM COPIADORAS LTDA ME,07.915.380/0001-33,"300,00",03/2019
 GILSON BARRETO,MATERIAL DE ESCRITORIO E OUTROS MATERIAIS DE CONSUMO,KALUNGA COMÉRCIO INDÚSTRIA GRÁFICA LTDA,43.283.811/0093-78,"271,30",03/2019
 GILSON BARRETO,TELEFONE MOVEL,TELEFONICA BRASIL S/A,02.558.157/0001-62,"229,99",03/2019
 ISAC FELIX,COMPOSIÇÃO/ARTE/DIAGRAMAÇÃO/PRODUÇÃO/IMPRESSAO GRAFICA,ECO WORLD PRODUTOS E SERVICOS CORPORATIVOS LTDA,09.520.361/0001-33,"6.500,00",03/2019
 ISAC FELIX,CONTRATAÇAO DE PESSOA JURIDICA,AGATHA PERALTA DO AMARAL,22.983.210/0001-80,"3.000,00",03/2019
 ISAC FELIX,INTERMEDIADO - CORREIOS,CAMARA MUNICIPAL DE SÃO PAULO,50.176.288/0001-28,"4.685,95",03/2019
 ISAC FELIX,INTERMEDIADO - LOCAÇÃO DE VEÍCULOS,CAMARA MUNICIPAL DE SÃO PAULO,50.176.288/0001-28,"2.214,62",03/2019
 ISAC FELIX,REPROGRAFIA (XEROX/ENCADERNAÇÃO),TOP MANUSEIO SOLUÇÕES LOGISTICAS GRAFICAS E POSTAIS LTDA-ME,23.826.867/0001-04,"7.975,00",03/2019
 JAIR TATTO,COMBUSTIVEL,POSTO DE SERVIÇOS ANTONIO PAES LTDA,62.409.305/0001-09,"1.034,62",03/2019
 JAIR TATTO,COMPOSIÇÃO/ARTE/DIAGRAMAÇÃO/PRODUÇÃO/IMPRESSAO GRAFICA,GRAFICA E EDITORA MATSUNAGA LTDA,07.462.215/0001-73,"5.000,00",03/2019
 JAIR TATTO,COMPOSIÇÃO/ARTE/DIAGRAMAÇÃO/PRODUÇÃO/IMPRESSAO GRAFICA,VISTAR PRESTAÇÃO DE SERVIÇOS DE DIGITAÇÃO LTDA ME,08.689.647/0001-84,"3.000,00",03/2019
 JAIR TATTO,CONTRATAÇAO DE PESSOA JURIDICA,CONDE e DELL ARINGA - DESENVOLVIMENTO DE SOFTWARES LTDA - EPP,09.613.772/0001-73,"161,00",03/2019
 JAIR TATTO,CONTRATAÇAO DE PESSOA JURIDICA,PROSPECT COMUNICAÇÃO E MARKETING LTDA-ME,26.885.016/0001-12,"1.200,00",03/2019
 JAIR TATTO,CONTRATAÇAO DE PESSOA JURIDICA,SANDRA DA CRUZ SANTANA NOGUEIRA 24753582892,28.040.815/0001-13,"4.500,00",03/2019
 JAIR TATTO,ELABORAÇÃO/MANUTENÇAO DE SITE/HOSPEDAGEM,VISTAR PRESTAÇÃO DE SERVIÇOS DE DIGITAÇÃO LTDA ME,08.689.647/0001-84,"2.000,00",03/2019
 JAIR TATTO,INTERMEDIADO - CORREIOS,CAMARA MUNICIPAL DE SÃO PAULO,50.176.288/0001-28,"617,85",03/2019
 JAIR TATTO,INTERMEDIADO - LOCAÇÃO DE VEÍCULOS,CAMARA MUNICIPAL DE SÃO PAULO,50.176.288/0001-28,"2.214,62",03/2019
 JAIR TATTO,MATERIAL DE ESCRITORIO E OUTROS MATERIAIS DE CONSUMO,HABILTECS DISTRIBUIÇÃO DE PEÇAS E SERVIÇOS LTDA.,96.409.172/0001-92,"1.716,00",03/2019
 JAIR TATTO,TELEFONE MOVEL,NEXTEL TELECOMUNICAÇÕES LTDA,66.970.229/0001-67,"263,65",03/2019
 JANAINA LIMA,PROVEDOR DE INTERNET,TELIUM TECNOLOGIA DA INFORMAÇÃO LTDA,07.272.054/0001-55,"1.000,00",03/2019
 JONAS CAMISA NOVA,INTERMEDIADO - LOCAÇÃO DE VEÍCULOS,CAMARA MUNICIPAL DE SÃO PAULO,50.176.288/0001-28,"738,21",03/2019
 JONAS CAMISA NOVA,MATERIAL DE ESCRITORIO E OUTROS MATERIAIS DE CONSUMO,KALUNGA COMÉRCIO E INDÚSTRIA GRÁFICA LTDA,43.283.811/0056-23,"554,40",03/2019
 JOSÉ POLICE NETO,COMPOSIÇÃO/ARTE/DIAGRAMAÇÃO/PRODUÇÃO/IMPRESSAO GRAFICA,RWC - GRÁFICA E EDITORA LTDA ME,24.827.045/0001-00,"4.893,60",03/2019
 JOSÉ POLICE NETO,CONTRATAÇAO DE PESSOA JURIDICA,RD GESTÃO E SISTEMAS S.A.,13.021.784/0001-86,"1.154,72",03/2019
 JOSÉ POLICE NETO,LOCAÇÃO DE MOVEIS E EQUIPAMENTOS,FMJ COMÉRCIO E ASSISTENCIA TÉCNICA EM COPIADORAS LTDA ME,07.915.380/0001-33,"1.220,00",03/2019
 JOSÉ POLICE NETO,MATERIAL DE ESCRITORIO E OUTROS MATERIAIS DE CONSUMO,CENTER PAPEIS COMERCIAL LTDA.,06.226.820/0001-82,"291,20",03/2019
 JOSÉ POLICE NETO,TELEFONE MOVEL,TELEFONICA BRASIL S/A,02.558.157/0001-62,"453,20",03/2019
 JULIANA CARDOSO,ASSINATURA DE JORNAIS E REVISTAS,EMPRESA FOLHA DA MANHÃ S.A.,60.579.703/0031-63,"650,00",03/2019
 JULIANA CARDOSO,ASSINATURA DE JORNAIS E REVISTAS,S.A O ESTADO DE S. PAULO,61.533.949/0001-41,"108,90",03/2019
 JULIANA CARDOSO,COMBUSTIVEL,POSTO DE SERVIÇOS CCS LTDA,52.661.501/0001-12,"1.937,56",03/2019
 JULIANA CARDOSO,COMPOSIÇÃO/ARTE/DIAGRAMAÇÃO/PRODUÇÃO/IMPRESSAO GRAFICA,JC PRINT GRAFICA E EDITORA LTDA,02.407.269/0001-12,"6.000,00",03/2019
 JULIANA CARDOSO,COMPOSIÇÃO/ARTE/DIAGRAMAÇÃO/PRODUÇÃO/IMPRESSAO GRAFICA,ARTES GRAFICAS ENTRELINHAS LTDA,10.748.852/0001-15,"3.000,00",03/2019
 JULIANA CARDOSO,CONTRATAÇAO DE PESSOA JURIDICA,SOLARYS SOLUÇÕES DIGITAIS LTDA-ME,08.648.207/0001-89,"900,00",03/2019
 JULIANA CARDOSO,ELABORAÇÃO/MANUTENÇAO DE SITE/HOSPEDAGEM,ELINEUDO DA SILVA MEIRA,28.712.698/0001-97,"2.500,00",03/2019
 JULIANA CARDOSO,ELABORAÇÃO/MANUTENÇAO DE SITE/HOSPEDAGEM,PEDRO HENRIQUE DE CARVALHO COSTA,31.644.054/0001-13,"3.000,00",03/2019
 JULIANA CARDOSO,INTERMEDIADO - LOCAÇÃO DE VEÍCULOS,CAMARA MUNICIPAL DE SÃO PAULO,50.176.288/0001-28,"2.214,62",03/2019
 JULIANA CARDOSO,LOCAÇÃO DE MOVEIS E EQUIPAMENTOS,MPL COMPANY S/C LTDA - ME,02.734.547/0001-46,"400,00",03/2019
 JULIANA CARDOSO,LOCAÇÃO DE MOVEIS E EQUIPAMENTOS,ATTBRASIL TECNOLOGIA LOCAÇÃO E SOLUÇÕES EM INFORMATICA LTDA EPP,22.392.165/0001-99,"2.370,00",03/2019
 JULIANA CARDOSO,MATERIAL DE ESCRITORIO E OUTROS MATERIAIS DE CONSUMO,CENTER PAPEIS COMERCIAL LTDA.,06.226.820/0001-82,"735,70",03/2019
 JULIANA CARDOSO,PROVEDOR DE INTERNET,CLARO S.A.,40.432.544/0001-47,"292,93",03/2019
 JULIANA CARDOSO,TELEFONE FIXO,TELEFONICA BRASIL S/A,02.558.157/0001-62,"125,75",03/2019
 JULIANA CARDOSO,TELEFONE MOVEL,CLARO S.A.,40.432.544/0001-47,"290,71",03/2019
 MÁRIO COVAS NETO,ASSINATURA DE JORNAIS E REVISTAS,ABRIL COMUNICAÇÕES S/A,44.597.052/0079-22,"349,30",03/2019
 MÁRIO COVAS NETO,ASSINATURA DE JORNAIS E REVISTAS,S.A O ESTADO DE S. PAULO,61.533.949/0001-41,"76,50",03/2019
 MÁRIO COVAS NETO,COMBUSTIVEL,AUTO POSTO ITALIA LTDA,61.696.027/0001-55,"3.448,33",03/2019
 MÁRIO COVAS NETO,CONTRATAÇAO DE PESSOA JURIDICA,SOLARYS SOLUÇÕES DIGITAIS LTDA-ME,08.648.207/0001-89,"700,00",03/2019
 MÁRIO COVAS NETO,INTERMEDIADO - CORREIOS,CAMARA MUNICIPAL DE SÃO PAULO,50.176.288/0001-28,"28,10",03/2019
 MÁRIO COVAS NETO,LOCAÇÃO DE MOVEIS E EQUIPAMENTOS,ATTBRASIL TECNOLOGIA LOCAÇÃO E SOLUÇÕES EM INFORMATICA LTDA EPP,22.392.165/0001-99,"1.870,00",03/2019
 MÁRIO COVAS NETO,LOCAÇÃO DE VEÍCULOS,LEAD TERCEIRIZAÇÃO DE FROTAS DE VEÍCULOS LTDA,21.394.088/0001-43,"2.214,62",03/2019
 MÁRIO COVAS NETO,MATERIAL DE ESCRITORIO E OUTROS MATERIAIS DE CONSUMO,CENTER PAPEIS COMERCIAL LTDA.,06.226.820/0001-82,"3.405,40",03/2019
 MÁRIO COVAS NETO,TELEFONE MOVEL,NEXTEL TELECOMUNICAÇÕES LTDA,66.970.229/0001-67,"309,97",03/2019
 MILTON FERREIRA,COMBUSTIVEL,AUTO POSTO CEMBIRA LTDA,43.857.382/0001-87,"1.142,04",03/2019
 MILTON FERREIRA,COMPOSIÇÃO/ARTE/DIAGRAMAÇÃO/PRODUÇÃO/IMPRESSAO GRAFICA,ZAMBA IND. E COM. DE BRINDES LTDA,03.228.464/0001-48,"4.730,00",03/2019
 MILTON FERREIRA,CORREIOS,ECT - EMP. BRASILEIRA DE CORREIOS E TELEGRAFOS,34.028.316/2913-29,"111,90",03/2019
 MILTON FERREIRA,CORREIOS,ECT - EMP. BRAS. CORREIOS E TELEGRAFOS - ACC PEDRO BUENO,43.973.064/0001-81,"7.850,70",03/2019
 MILTON FERREIRA,INTERMEDIADO - LOCAÇÃO DE VEÍCULOS,CAMARA MUNICIPAL DE SÃO PAULO,50.176.288/0001-28,"2.214,62",03/2019
 MILTON FERREIRA,LOCAÇÃO DE MOVEIS E EQUIPAMENTOS,K2G SUPRIMENTOS DE IMPRESSÃO E INFORMATICA EIRELLI - ME,19.367.661/0001-88,"230,00",03/2019
 MILTON FERREIRA,TELEFONE MOVEL,TELEFONICA BRASIL S/A,02.558.157/0001-62,"345,57",03/2019
 MILTON LEITE,COMBUSTIVEL,AUTO POSTO PORTAL DE INTERLAGOS LTDA,10.203.913/0001-69,"509,88",03/2019
 MILTON LEITE,INTERMEDIADO - LOCAÇÃO DE VEÍCULOS,CAMARA MUNICIPAL DE SÃO PAULO,50.176.288/0001-28,"2.214,62",03/2019
 MILTON LEITE,MATERIAL DE ESCRITORIO E OUTROS MATERIAIS DE CONSUMO,CENTER PAPEIS COMERCIAL LTDA.,06.226.820/0001-82,"696,75",03/2019
 NATALINI,COMBUSTIVEL,ZONTA AUTO POSTO LTDA.-,62.558.309/0001-59,"884,97",03/2019
 NATALINI,CONTRATAÇAO DE PESSOA JURIDICA,KNEWIN - INTEL EMREC DE INFORMAÇÃO LTDA EPP,13.106.352/0001-78,"335,00",03/2019
 NATALINI,CONTRATAÇAO DE PESSOA JURIDICA,ISAURA BACCO 37788372811,29.085.904/0001-49,"4.000,00",03/2019
 NATALINI,CONTRATAÇAO DE PESSOA JURIDICA,GUSTAVO MARQUES COELHO 40506051803,30.503.438/0001-53,"350,00",03/2019
 NATALINI,ELABORAÇÃO/MANUTENÇAO DE SITE/HOSPEDAGEM,LOCAWEB SERVIÇOS DE INTERNET S.A.,02.351.877/0001-52,"1.600,00",03/2019
 NATALINI,INTERMEDIADO - LOCAÇÃO DE VEÍCULOS,CAMARA MUNICIPAL DE SÃO PAULO,50.176.288/0001-28,"2.214,62",03/2019
 NATALINI,LOCAÇÃO DE MOVEIS E EQUIPAMENTOS,SOFT CLEVER INFORMÁTICA LTDA. - ME,00.280.911/0001-10,"1.563,68",03/2019
 NATALINI,LOCAÇÃO DE MOVEIS E EQUIPAMENTOS,FMJ COMÉRCIO E ASSISTENCIA TÉCNICA EM COPIADORAS LTDA ME,07.915.380/0001-33,"400,00",03/2019
 NATALINI,MATERIAL DE ESCRITORIO E OUTROS MATERIAIS DE CONSUMO,K2G SUPRIMENTOS DE IMPRESSÃO E INFORMATICA EIRELLI - ME,19.367.661/0001-88,"280,00",03/2019
 NATALINI,MATERIAL DE ESCRITORIO E OUTROS MATERIAIS DE CONSUMO,KALUNGA COM. E IND. GRÁFICA LTDA,43.283.811/0177-10,"172,79",03/2019
 NATALINI,REPROGRAFIA (XEROX/ENCADERNAÇÃO),IRISARA COMÉRCIO E SERVIÇOS LTDA.,10.376.277/0001-77,"176,10",03/2019
 NATALINI,TELEFONE FIXO,TELEFONICA BRASIL S/A,02.558.157/0001-62,"156,93",03/2019
 NATALINI,TELEFONE MOVEL,TELEFONICA BRASIL S/A,02.558.157/0001-62,"239,99",03/2019
 NOEMI NONATO,COMBUSTIVEL,CENTRO AUTOMOTIVO ALTEROSA LTDA,02.072.923/0001-84,"1.256,93",03/2019
 NOEMI NONATO,CONTRATAÇAO DE PESSOA JURIDICA,MELO ROSA E SOUZA ADVOGADOS ASSOCIADOS,06.207.714/0001-51,"6.900,00",03/2019
 NOEMI NONATO,CONTRATAÇAO DE PESSOA JURIDICA,TECNEGOCIOS SOLUÇOES EM INFORMATICA LTDA- ME,11.521.613/0001-90,"990,00",03/2019
 NOEMI NONATO,EVENTOS/SEMINARIOS,GALERIA DAS FLORES LTDA - ME,00.611.763/0001-79,"660,00",03/2019
 NOEMI NONATO,EVENTOS/SEMINARIOS,ARTE LU E RO GRAFICA EIRELI,18.588.528/0001-99,"6.560,00",03/2019
 NOEMI NONATO,INTERMEDIADO - CORREIOS,CAMARA MUNICIPAL DE SÃO PAULO,50.176.288/0001-28,"1.170,79",03/2019
 NOEMI NONATO,INTERMEDIADO - LOCAÇÃO DE VEÍCULOS,CAMARA MUNICIPAL DE SÃO PAULO,50.176.288/0001-28,"2.214,62",03/2019
 NOEMI NONATO,LOCAÇÃO DE MOVEIS E EQUIPAMENTOS,K2G SUPRIMENTOS DE IMPRESSÃO E INFORMATICA EIRELLI - ME,19.367.661/0001-88,"3.465,00",03/2019
 NOEMI NONATO,MATERIAL DE ESCRITORIO E OUTROS MATERIAIS DE CONSUMO,CENTER PAPEIS COMERCIAL LTDA.,06.226.820/0001-82,"535,25",03/2019
 OTA,ASSINATURA DE JORNAIS E REVISTAS,EMPRESA FOLHA DA MANHÃ S.A.,60.579.703/0031-63,"1.313,40",03/2019
 OTA,ASSINATURA DE JORNAIS E REVISTAS,S.A O ESTADO DE S. PAULO,61.533.949/0001-41,"102,90",03/2019
 OTA,COMBUSTIVEL,M MARTINEZ COMBUSTIVEIS ME,10.785.686/0001-27,"1.188,34",03/2019
 OTA,CONTRATAÇAO DE PESSOA JURIDICA,"KLEMP , DE PAULA SOCIEDADE DE ADVOGADOS",18.160.749/0001-61,"6.000,00",03/2019
 OTA,CONTRATAÇAO DE PESSOA JURIDICA,WORK LINE SYSTEM INFORMÁTICA LTDA,67.002.329/0001-62,"980,00",03/2019
 OTA,INTERMEDIADO - CORREIOS,CAMARA MUNICIPAL DE SÃO PAULO,50.176.288/0001-28,"407,81",03/2019
 OTA,INTERMEDIADO - LOCAÇÃO DE VEÍCULOS,CAMARA MUNICIPAL DE SÃO PAULO,50.176.288/0001-28,"2.214,62",03/2019
 OTA,LOCAÇÃO DE MOVEIS E EQUIPAMENTOS,K2G SUPRIMENTOS DE IMPRESSÃO E INFORMATICA EIRELLI - ME,19.367.661/0001-88,"485,00",03/2019
 OTA,TELEFONE MOVEL,NEXTEL TELECOMUNICAÇÕES LTDA,66.970.229/0001-67,"191,00",03/2019
 PATRÍCIA BEZERRA,COMBUSTIVEL,AUTO POSTO GRANERO LTDA.,05.468.615/0001-60,"1.031,18",03/2019
 PATRÍCIA BEZERRA,CONTRATAÇAO DE PESSOA JURIDICA,LM&C COMUNICAÇÃO S/S LTDA - ME,19.164.207/0001-20,"7.500,00",03/2019
 PATRÍCIA BEZERRA,ELABORAÇÃO/MANUTENÇAO DE SITE/HOSPEDAGEM,POLYCARPO E MORETO MIDIAS E COMUNICACAO LTDA ME,26.736.152/0001-40,"8.000,00",03/2019
 PATRÍCIA BEZERRA,INTERMEDIADO - LOCAÇÃO DE VEÍCULOS,CAMARA MUNICIPAL DE SÃO PAULO,50.176.288/0001-28,"2.214,62",03/2019
 PATRÍCIA BEZERRA,MATERIAL DE ESCRITORIO E OUTROS MATERIAIS DE CONSUMO,CENTER PAPEIS COMERCIAL LTDA.,06.226.820/0001-82,"838,70",03/2019
 PAULO FRANGE,COMBUSTIVEL,AUTO POSTO BAURU LTDA,60.830.627/0001-00,"312,07",03/2019
 PAULO FRANGE,COMPOSIÇÃO/ARTE/DIAGRAMAÇÃO/PRODUÇÃO/IMPRESSAO GRAFICA,COPYSUL SERV DE FOTOC E COM DE ART DE PAPELARIA LTDA-ME,14.625.680/0001-43,"8.635,00",03/2019
 PAULO FRANGE,INTERMEDIADO - CORREIOS,CAMARA MUNICIPAL DE SÃO PAULO,50.176.288/0001-28,"156,19",03/2019
 PAULO FRANGE,INTERMEDIADO - LOCAÇÃO DE VEÍCULOS,CAMARA MUNICIPAL DE SÃO PAULO,50.176.288/0001-28,"2.214,62",03/2019
 PAULO FRANGE,LOCAÇÃO DE MOVEIS E EQUIPAMENTOS,FMJ COMÉRCIO E ASSISTENCIA TÉCNICA EM COPIADORAS LTDA ME,07.915.380/0001-33,"600,00",03/2019
 PAULO FRANGE,MATERIAL DE ESCRITORIO E OUTROS MATERIAIS DE CONSUMO,NOVA VIDA PAPELARIA E COLETOR DIGITAL LTDA ME,25.321.968/0001-40,"2.059,30",03/2019
 PAULO FRANGE,MATERIAL DE ESCRITORIO E OUTROS MATERIAIS DE CONSUMO,ESPACIAL SUPRIMENTOS DE ESCRITORIO E INFORMATICA LTDA.,53.700.159/0001-85,"1.504,84",03/2019
 QUITO FORMIGA,COMPOSIÇÃO/ARTE/DIAGRAMAÇÃO/PRODUÇÃO/IMPRESSAO GRAFICA,JG EDITORA GRÁFICA COMPLETA LTDA EPP,06.370.081/0001-06,"5.100,00",03/2019
 QUITO FORMIGA,COMPOSIÇÃO/ARTE/DIAGRAMAÇÃO/PRODUÇÃO/IMPRESSAO GRAFICA,IRISARA COMÉRCIO E SERVIÇOS LTDA.,10.376.277/0001-77,"1.505,00",03/2019
 QUITO FORMIGA,ELABORAÇÃO/MANUTENÇAO DE SITE/HOSPEDAGEM,FTC COMUNICAÇÃO LTDA. - ME,20.956.852/0001-64,"7.400,00",03/2019
 QUITO FORMIGA,INTERMEDIADO - LOCAÇÃO DE VEÍCULOS,CAMARA MUNICIPAL DE SÃO PAULO,50.176.288/0001-28,"2.214,62",03/2019
 QUITO FORMIGA,LOCAÇÃO DE MOVEIS E EQUIPAMENTOS,K2G SUPRIMENTOS DE IMPRESSÃO E INFORMATICA EIRELLI - ME,19.367.661/0001-88,"2.525,00",03/2019
 QUITO FORMIGA,MATERIAL DE ESCRITORIO E OUTROS MATERIAIS DE CONSUMO,CENTER PAPEIS COMERCIAL LTDA.,06.226.820/0001-82,"1.461,40",03/2019
 REIS,COMBUSTIVEL,POSTO DE SERVIÇOS MARACANÃ LTDA,62.413.612/0001-63,"1.680,60",03/2019
 REIS,COMPOSIÇÃO/ARTE/DIAGRAMAÇÃO/PRODUÇÃO/IMPRESSAO GRAFICA,BRASPOR GRAFICA E EDITORA LTDA,07.263.666/0001-81,"4.760,42",03/2019
 REIS,CONTRATAÇAO DE PESSOA JURIDICA,ARCHANJO SOCIEDADE INDIVIDUAL DE ADVOCACIA,21.599.946/0001-96,"8.000,00",03/2019
 REIS,ELABORAÇÃO/MANUTENÇAO DE SITE/HOSPEDAGEM,"KILOGRAMA PUBLICIDADE, GRÁFICA E EDITORA LTDA ME",22.465.682/0001-40,"5.000,00",03/2019
 REIS,INTERMEDIADO - CORREIOS,CAMARA MUNICIPAL DE SÃO PAULO,50.176.288/0001-28,"168,98",03/2019
 REIS,INTERMEDIADO - LOCAÇÃO DE VEÍCULOS,CAMARA MUNICIPAL DE SÃO PAULO,50.176.288/0001-28,"2.214,62",03/2019
 REIS,MATERIAL DE ESCRITORIO E OUTROS MATERIAIS DE CONSUMO,CENTER PAPEIS COMERCIAL LTDA.,06.226.820/0001-82,"443,90",03/2019
 RICARDO NUNES,COMPOSIÇÃO/ARTE/DIAGRAMAÇÃO/PRODUÇÃO/IMPRESSAO GRAFICA,M8K AGENCIA LTDA,04.368.514/0001-55,"1.067,96",03/2019
 RICARDO NUNES,COMPOSIÇÃO/ARTE/DIAGRAMAÇÃO/PRODUÇÃO/IMPRESSAO GRAFICA,VCA SERVIÇOS DIGITAIS LTDA EPP,12.837.403/0001-79,"10.494,00",03/2019
 RICARDO NUNES,CONTRATAÇAO DE PESSOA JURIDICA,M8K AGENCIA LTDA,04.368.514/0001-55,"2.990,00",03/2019
 RICARDO NUNES,CONTRATAÇAO DE PESSOA JURIDICA,SOLARYS SOLUÇÕES DIGITAIS LTDA-ME,08.648.207/0001-89,"700,00",03/2019
 RICARDO NUNES,INTERMEDIADO - CORREIOS,CAMARA MUNICIPAL DE SÃO PAULO,50.176.288/0001-28,"202,47",03/2019
 RICARDO NUNES,PROVEDOR DE INTERNET,TELEFONICA BRASIL S/A,02.558.157/0001-62,"90,79",03/2019
 RICARDO TEIXEIRA,COMPOSIÇÃO/ARTE/DIAGRAMAÇÃO/PRODUÇÃO/IMPRESSAO GRAFICA,IMAGEM DIGITAL CÓPIAS LTDA-EPP,05.775.094/0001-94,"7.500,00",03/2019
 RICARDO TEIXEIRA,CONTRATAÇAO DE PESSOA JURIDICA,FERREIRA BRITTO ADVOGADOS,03.968.117/0001-51,"3.999,59",03/2019
 RICARDO TEIXEIRA,CONTRATAÇAO DE PESSOA JURIDICA,TRIANONS INOVAÇÃO E GESTÃO DE REDES SOCIAIS LTDA,16.852.829/0001-52,"7.500,00",03/2019
 RICARDO TEIXEIRA,CONTRATAÇAO DE PESSOA JURIDICA,WORK LINE SYSTEM INFORMÁTICA LTDA,67.002.329/0001-62,"980,00",03/2019
 RICARDO TEIXEIRA,INTERMEDIADO - CORREIOS,CAMARA MUNICIPAL DE SÃO PAULO,50.176.288/0001-28,"8.733,31",03/2019
 RICARDO TEIXEIRA,LOCAÇÃO DE MOVEIS E EQUIPAMENTOS,FMJ COMÉRCIO E ASSISTENCIA TÉCNICA EM COPIADORAS LTDA ME,07.915.380/0001-33,"1.800,00",03/2019
 RICARDO TEIXEIRA,MATERIAL DE ESCRITORIO E OUTROS MATERIAIS DE CONSUMO,CENTER PAPEIS COMERCIAL LTDA.,06.226.820/0001-82,"2.684,90",03/2019
 RINALDI DIGILIO,COMBUSTIVEL,AUTOPOSTO JUATINDIBA LTDA,62.466.370/0001-76,"1.020,00",03/2019
 RINALDI DIGILIO,CONTRATAÇAO DE PESSOA JURIDICA,TECNEGOCIOS SOLUÇOES EM INFORMATICA LTDA- ME,11.521.613/0001-90,"249,00",03/2019
 RINALDI DIGILIO,CONTRATAÇAO DE PESSOA JURIDICA,LEANDRO SOUZA FERREIRA ME,26.554.426/0001-80,"7.400,00",03/2019
 RINALDI DIGILIO,INTERMEDIADO - CORREIOS,CAMARA MUNICIPAL DE SÃO PAULO,50.176.288/0001-28,"276,90",03/2019
 RINALDI DIGILIO,INTERMEDIADO - LOCAÇÃO DE VEÍCULOS,CAMARA MUNICIPAL DE SÃO PAULO,50.176.288/0001-28,"2.214,62",03/2019
 RINALDI DIGILIO,LOCAÇÃO DE MOVEIS E EQUIPAMENTOS,WAVE INFORMATICA LTDA EPP,11.090.241/0001-95,"1.361,00",03/2019
 RINALDI DIGILIO,TELEFONE FIXO,TELEFONICA BRASIL S/A,02.558.157/0001-62,"167,59",03/2019
 RODRIGO GOULART,ASSINATURA DE JORNAIS E REVISTAS,S.A O ESTADO DE S. PAULO,61.533.949/0001-41,"115,90",03/2019
 RODRIGO GOULART,COMBUSTIVEL,AUTO POSTO PORTAL DE INTERLAGOS LTDA,10.203.913/0001-69,"1.088,71",03/2019
 RODRIGO GOULART,COMPOSIÇÃO/ARTE/DIAGRAMAÇÃO/PRODUÇÃO/IMPRESSAO GRAFICA,PAPERGRAF FOTOLITO E EDITORA LTDA,00.924.420/0001-64,"8.000,00",03/2019
 RODRIGO GOULART,CONTRATAÇAO DE PESSOA JURIDICA,SUGGESTIVA COMUNICAÇÃO SOCIEDADE SIMPLES LTDA,07.287.608/0001-98,"2.000,00",03/2019
 RODRIGO GOULART,CONTRATAÇAO DE PESSOA JURIDICA,TECNEGOCIOS SOLUÇOES EM INFORMATICA LTDA- ME,11.521.613/0001-90,"750,00",03/2019
 RODRIGO GOULART,ELABORAÇÃO/MANUTENÇAO DE SITE/HOSPEDAGEM,SUGGESTIVA COMUNICAÇÃO SOCIEDADE SIMPLES LTDA,07.287.608/0001-98,"4.500,00",03/2019
 RODRIGO GOULART,INTERMEDIADO - CORREIOS,CAMARA MUNICIPAL DE SÃO PAULO,50.176.288/0001-28,"54,60",03/2019
 RODRIGO GOULART,LOCAÇÃO DE MOVEIS E EQUIPAMENTOS,GLOBALNESS COMERCIAL LTDA,10.848.194/0001-33,"850,00",03/2019
 RODRIGO GOULART,LOCAÇÃO DE MOVEIS E EQUIPAMENTOS,RR DOC INFORMATICA LTDA - ME,26.521.647/0001-52,"300,00",03/2019
 RODRIGO GOULART,LOCAÇÃO DE VEÍCULOS,NEVADA RENT A CAR LTDA,58.488.099/0001-00,"2.214,62",03/2019
 RODRIGO GOULART,MATERIAL DE ESCRITORIO E OUTROS MATERIAIS DE CONSUMO,CENTER PAPEIS COMERCIAL LTDA.,06.226.820/0001-82,"269,45",03/2019
 RODRIGO GOULART,MATERIAL DE ESCRITORIO E OUTROS MATERIAIS DE CONSUMO,KALUNGA COMÉRCIO INDUSTRIA GRÁFICA LTDA,43.283.811/0139-95,"309,70",03/2019
 RODRIGO GOULART,TELEFONE FIXO,CLARO S.A.,40.432.544/0001-47,"416,47",03/2019
 RODRIGO GOULART,TELEFONE MOVEL,TELEFONICA BRASIL S/A,02.558.157/0001-62,"871,65",03/2019
 RUTE COSTA,ASSINATURA DE JORNAIS E REVISTAS,S.A O ESTADO DE S. PAULO,61.533.949/0001-41,"127,50",03/2019
 RUTE COSTA,COMBUSTIVEL,AUTO POSTO TUPI LTDA.,63.045.884/0001-10,"814,00",03/2019
 RUTE COSTA,COMPOSIÇÃO/ARTE/DIAGRAMAÇÃO/PRODUÇÃO/IMPRESSAO GRAFICA,DESIGN VISAO GRAFICA E EDITORA EIRELI,33.030.161/0001-87,"7.200,00",03/2019
 RUTE COSTA,CONTRATAÇAO DE PESSOA JURIDICA,SOLARYS SOLUÇÕES DIGITAIS LTDA-ME,08.648.207/0001-89,"715,00",03/2019
 RUTE COSTA,INTERMEDIADO - CORREIOS,CAMARA MUNICIPAL DE SÃO PAULO,50.176.288/0001-28,"1.642,44",03/2019
 RUTE COSTA,INTERMEDIADO - LOCAÇÃO DE VEÍCULOS,CAMARA MUNICIPAL DE SÃO PAULO,50.176.288/0001-28,"2.214,62",03/2019
 RUTE COSTA,MATERIAL DE ESCRITORIO E OUTROS MATERIAIS DE CONSUMO,MVS CARTUCHOS LTDA - ME,09.358.717/0001-84,"450,00",03/2019
 RUTE COSTA,MATERIAL DE ESCRITORIO E OUTROS MATERIAIS DE CONSUMO,KALUNGA COM. E IND. GRÁFICA LTDA,43.283.811/0177-10,"45,50",03/2019
 RUTE COSTA,TELEFONE FIXO,TELEFONICA BRASIL S/A,02.558.157/0001-62,"175,34",03/2019
 SANDRA TADEU,COMBUSTIVEL,AUTO POSTO NOVO CENTRO LTDA,02.646.144/0001-45,"457,03",03/2019
 SANDRA TADEU,COMBUSTIVEL,AUTO POSTO BIRI LTDA,11.091.860/0001-02,"90,00",03/2019
 SANDRA TADEU,COMBUSTIVEL,POSTO ENERGIA AUTOMOTIVA LTDA,19.499.974/0001-90,"101,00",03/2019
 SANDRA TADEU,COMBUSTIVEL,AUTO POSTO VEIGA FILHO LTDA.,43.552.462/0001-24,"137,37",03/2019
 SANDRA TADEU,COMBUSTIVEL,AUTO POSTO OSCAR PORTO LTDA,47.682.034/0001-77,"248,02",03/2019
 SANDRA TADEU,CONTRATAÇAO DE PESSOA JURIDICA,SISNETTI INTEGRADORA DE SOLUÇÕES LTDA. ME,01.319.851/0001-64,"622,00",03/2019
 SANDRA TADEU,INTERMEDIADO - CORREIOS,CAMARA MUNICIPAL DE SÃO PAULO,50.176.288/0001-28,"1.343,32",03/2019
 SANDRA TADEU,INTERMEDIADO - LOCAÇÃO DE VEÍCULOS,CAMARA MUNICIPAL DE SÃO PAULO,50.176.288/0001-28,"2.214,62",03/2019
 SANDRA TADEU,MATERIAL DE ESCRITORIO E OUTROS MATERIAIS DE CONSUMO,K2G SUPRIMENTOS DE IMPRESSÃO E INFORMATICA EIRELLI - ME,19.367.661/0001-88,"3.659,10",03/2019
 SANDRA TADEU,TELEFONE FIXO,TELEFONICA BRASIL S/A,02.558.157/0001-62,"386,48",03/2019
 SANDRA TADEU,TELEFONE MOVEL,TELEFONICA BRASIL S/A,02.558.157/0001-62,"599,99",03/2019
 SENIVAL MOURA,COMPOSIÇÃO/ARTE/DIAGRAMAÇÃO/PRODUÇÃO/IMPRESSAO GRAFICA,J. C. DE ARAUJO GRAFICAS ME,13.623.472/0001-42,"7.500,00",03/2019
 SENIVAL MOURA,ELABORAÇÃO/MANUTENÇAO DE SITE/HOSPEDAGEM,PROSPECT COMUNICAÇÃO E MARKETING LTDA-ME,26.885.016/0001-12,"4.000,00",03/2019
 SENIVAL MOURA,INTERMEDIADO - LOCAÇÃO DE VEÍCULOS,CAMARA MUNICIPAL DE SÃO PAULO,50.176.288/0001-28,"2.214,62",03/2019
 SENIVAL MOURA,LOCAÇÃO DE MOVEIS E EQUIPAMENTOS,SINALL COM E SERV DE MÁQUINAS LTDA,69.064.053/0001-72,"1.382,82",03/2019
 SENIVAL MOURA,PROVEDOR DE INTERNET,TELEFONICA BRASIL S/A,02.558.157/0001-62,"89,99",03/2019
 SENIVAL MOURA,REPROGRAFIA (XEROX/ENCADERNAÇÃO),TOP MANUSEIO SOLUÇÕES LOGISTICAS GRAFICAS E POSTAIS LTDA-ME,23.826.867/0001-04,"7.975,00",03/2019
 SONINHA,COMBUSTIVEL,AUTO POSTO SAUIPE LTDA.,05.137.301/0001-85,"139,99",03/2019
 SONINHA,COMBUSTIVEL,FUKUYA KANEMOTO e CIA LTDA,60.742.913/0001-05,"173,65",03/2019
 SONINHA,CONTRATAÇAO DE PESSOA JURIDICA,VINICIUS DOMINICHELLI,28.846.874/0001-83,"6.750,00",03/2019
 SONINHA,INTERMEDIADO - CORREIOS,CAMARA MUNICIPAL DE SÃO PAULO,50.176.288/0001-28,"13,45",03/2019
 SONINHA,LOCAÇÃO DE MOVEIS E EQUIPAMENTOS,BRUNO ARAUJO COSTA 28880881850,13.913.679/0001-51,"6.010,00",03/2019
 SONINHA,LUBRIFICANTE,FUKUYA KANEMOTO e CIA LTDA,60.742.913/0001-05,"37,99",03/2019
 SONINHA,TELEFONE FIXO,TELEFONICA BRASIL S/A,02.558.157/0001-62,"107,16",03/2019
 SONINHA,TELEFONE MOVEL,CLARO S.A.,40.432.544/0001-47,"432,99",03/2019
 SOUZA SANTOS,COMBUSTIVEL,AUTO POSTO GRANERO LTDA.,05.468.615/0001-60,"1.358,71",03/2019
 SOUZA SANTOS,COMPOSIÇÃO/ARTE/DIAGRAMAÇÃO/PRODUÇÃO/IMPRESSAO GRAFICA,YRGRAF ARTES GRAFICAS LTDA ME,56.055.833/0001-04,"8.000,00",03/2019
 SOUZA SANTOS,CONTRATAÇAO DE PESSOA JURIDICA,OLIVEIRA E ALVES SOUZA SOCIEDADE DE ADVOGADOS,27.325.829/0001-10,"7.000,00",03/2019
 SOUZA SANTOS,CONTRATAÇAO DE PESSOA JURIDICA,WORK LINE SYSTEM INFORMÁTICA LTDA,67.002.329/0001-62,"980,00",03/2019
 SOUZA SANTOS,ELABORAÇÃO/MANUTENÇAO DE SITE/HOSPEDAGEM,LOCAWEB SERVIÇOS DE INTERNET S.A.,02.351.877/0001-52,"244,80",03/2019
 SOUZA SANTOS,INTERMEDIADO - CORREIOS,CAMARA MUNICIPAL DE SÃO PAULO,50.176.288/0001-28,"2.621,12",03/2019
 SOUZA SANTOS,INTERMEDIADO - LOCAÇÃO DE VEÍCULOS,CAMARA MUNICIPAL DE SÃO PAULO,50.176.288/0001-28,"2.214,62",03/2019
 SOUZA SANTOS,LOCAÇÃO DE MOVEIS E EQUIPAMENTOS,SINALL COM E SERV DE MÁQUINAS LTDA,69.064.053/0001-72,"322,46",03/2019
 SOUZA SANTOS,MATERIAL DE ESCRITORIO E OUTROS MATERIAIS DE CONSUMO,CENTER PAPEIS COMERCIAL LTDA.,06.226.820/0001-82,"655,70",03/2019
 TONINHO PAIVA,COMBUSTIVEL,CENTRO AUTOMOTIVO FENIX LTDA,00.533.599/0001-29,"1.188,12",03/2019
 TONINHO PAIVA,COMPOSIÇÃO/ARTE/DIAGRAMAÇÃO/PRODUÇÃO/IMPRESSAO GRAFICA,RITA DE CASSIA LAFALCE,30.674.748/0001-30,"2.750,00",03/2019
 TONINHO PAIVA,CONTRATAÇAO DE PESSOA JURIDICA,MOBYWAY DESENVOLVIMENTO DE APLICATIVOS LTDA,23.114.094/0001-25,"300,00",03/2019
 TONINHO PAIVA,CONTRATAÇAO DE PESSOA JURIDICA,VALIENTE RODRIGUES SOCIEDADE INDIVIDUAL DE ADVOCACIA EIRELI,24.779.279/0001-11,"5.785,00",03/2019
 TONINHO PAIVA,CONTRATAÇAO DE PESSOA JURIDICA,WORK LINE SYSTEM INFORMÁTICA LTDA,67.002.329/0001-62,"980,00",03/2019
 TONINHO PAIVA,ELABORAÇÃO/MANUTENÇAO DE SITE/HOSPEDAGEM,SPT SERVIÇOS EMPRESARIAIS LTDA EPP,14.419.909/0001-93,"4.876,00",03/2019
 TONINHO PAIVA,EVENTOS/SEMINARIOS,ALAC IND.COM.ART.DE METAIS LTDA- EPP,04.191.842/0001-29,"599,00",03/2019
 TONINHO PAIVA,EVENTOS/SEMINARIOS,A.E. GUIMARÃES-ME,62.342.613/0001-64,"180,00",03/2019
 TONINHO PAIVA,INTERMEDIADO - CORREIOS,CAMARA MUNICIPAL DE SÃO PAULO,50.176.288/0001-28,"4.118,57",03/2019
 TONINHO PAIVA,INTERMEDIADO - LOCAÇÃO DE VEÍCULOS,CAMARA MUNICIPAL DE SÃO PAULO,50.176.288/0001-28,"2.214,62",03/2019
 TONINHO PAIVA,LOCAÇÃO DE MOVEIS E EQUIPAMENTOS,SOLUTION AUTOMAÇÃO EMPRESARIAL LTDA,39.006.762/0001-30,"344,00",03/2019
 TONINHO PAIVA,MATERIAL DE ESCRITORIO E OUTROS MATERIAIS DE CONSUMO,PAINT COLOR LTDA,09.433.975/0001-88,"180,00",03/2019
 TONINHO PAIVA,MATERIAL DE ESCRITORIO E OUTROS MATERIAIS DE CONSUMO,NOVA VIDA PAPELARIA E COLETOR DIGITAL LTDA ME,25.321.968/0001-40,"5.500,00",03/2019
 TONINHO PAIVA,TELEFONE FIXO,TELEFONICA BRASIL S/A,02.558.157/0001-62,"238,47",03/2019
 TONINHO PAIVA,TELEFONE MOVEL,TELEFONICA BRASIL S/A,02.558.157/0001-62,"514,98",03/2019
 TONINHO VESPOLI,COMBUSTIVEL,AUTO POSTO GUAIRACA LTDA,43.234.889/0001-84,"465,78",03/2019
 TONINHO VESPOLI,COMPOSIÇÃO/ARTE/DIAGRAMAÇÃO/PRODUÇÃO/IMPRESSAO GRAFICA,FORMA CERTA GRAFICA  DIGITAL LTDA,07.691.829/0001-27,"7.880,00",03/2019
 TONINHO VESPOLI,CONTRATAÇAO DE PESSOA JURIDICA,HAMILTON HARLEY DE CARVALHO SILVA,29.519.280/0001-20,"5.000,00",03/2019
 TONINHO VESPOLI,CORREIOS,ECT  - EMPRESA BRASILEIRA DE CORREIOS E TELÉGRAFOS,01.711.288/0001-75,"9.484,20",03/2019
 TONINHO VESPOLI,LOCAÇÃO DE MOVEIS E EQUIPAMENTOS,KITANI LOCAÇÃO E COMÉRCIO DE EQUIPAMENTOS LTDA,49.557.960/0001-46,"1.076,74",03/2019
 TONINHO VESPOLI,LOCAÇÃO DE MOVEIS E EQUIPAMENTOS,SISTEMAS CONVEX LOCAÇÕES DE PRODUTOS DE INFORMATICA LTDA.EVENTO LTDA.,73.147.084/0001-64,"260,00",03/2019
 TONINHO VESPOLI,MATERIAL DE ESCRITORIO E OUTROS MATERIAIS DE CONSUMO,KALUNGA COMÉRCIO E INDÚSTRIA GRÁFICA LTDA,43.283.811/0031-75,"131,90",03/2019
 TONINHO VESPOLI,MATERIAL DE ESCRITORIO E OUTROS MATERIAIS DE CONSUMO,KALUNGA COMÉRCIO INDUSTRIA GRÁFICA LTDA,43.283.811/0139-95,"467,09",03/2019
 TONINHO VESPOLI,TELEFONE FIXO,TELEFONICA BRASIL S/A,02.558.157/0001-62,"168,25",03/2019
 TONINHO VESPOLI,TELEFONE MOVEL,TIM S.A,02.421.421/0006-26,"205,88",03/2019
 XEXÉU TRIPOLI,COMBUSTIVEL,AUTO POSTO SAUIPE LTDA.,05.137.301/0001-85,"100,00",03/2019
 XEXÉU TRIPOLI,COMPOSIÇÃO/ARTE/DIAGRAMAÇÃO/PRODUÇÃO/IMPRESSAO GRAFICA,VISUAL ARTE COPIADORA EIRELLI - ME,13.058.505/0001-59,"670,00",03/2019
 XEXÉU TRIPOLI,COMPOSIÇÃO/ARTE/DIAGRAMAÇÃO/PRODUÇÃO/IMPRESSAO GRAFICA,EDITORA E GRAFICA STAMPATO LTDA,55.270.383/0001-00,"9.000,00",03/2019
 XEXÉU TRIPOLI,CONTRATAÇAO DE PESSOA JURIDICA,FACEBOOK SERVICOS ON LINE DO BRASIL LTDA,13.347.016/0001-17,"300,00",03/2019
 XEXÉU TRIPOLI,INTERMEDIADO - LOCAÇÃO DE VEÍCULOS,CAMARA MUNICIPAL DE SÃO PAULO,50.176.288/0001-28,"2.214,62",03/2019
 XEXÉU TRIPOLI,MATERIAL DE ESCRITORIO E OUTROS MATERIAIS DE CONSUMO,CENTER PAPEIS COMERCIAL LTDA.,06.226.820/0001-82,"857,80",03/2019
 ZÉ TURIN,ASSINATURA DE JORNAIS E REVISTAS,S.A O ESTADO DE S. PAULO,61.533.949/0001-41,"92,50",03/2019
 ZÉ TURIN,COMBUSTIVEL,AUTO POSTO GRANERO LTDA.,05.468.615/0001-60,"552,54",03/2019
 ZÉ TURIN,COMPOSIÇÃO/ARTE/DIAGRAMAÇÃO/PRODUÇÃO/IMPRESSAO GRAFICA,CESAR VIEIRA MENDES ME,11.045.359/0001-00,"7.000,00",03/2019
 ZÉ TURIN,CONTRATAÇAO DE PESSOA JURIDICA,GALPAO 10- PUBLICIDADE E COMUNICAÇÃO LTDA,01.847.578/0001-40,"12.000,00",03/2019
 ZÉ TURIN,INTERMEDIADO - CORREIOS,CAMARA MUNICIPAL DE SÃO PAULO,50.176.288/0001-28,"2.406,57",03/2019
 ZÉ TURIN,INTERMEDIADO - LOCAÇÃO DE VEÍCULOS,CAMARA MUNICIPAL DE SÃO PAULO,50.176.288/0001-28,"2.214,62",03/2019
 ZÉ TURIN,LOCAÇÃO DE MOVEIS E EQUIPAMENTOS,BRIX CONSTRUÇÕES E SERVIÇOS,20.337.161/0001-82,"500,00",03/2019
 ZÉ TURIN,PROVEDOR DE INTERNET,TELEFONICA BRASIL S/A,02.558.157/0001-62,"153,56",03/2019
 ZÉ TURIN,TELEFONE MOVEL,TIM S.A,02.421.421/0006-26,"279,99",03/2019
