 ADRIANA RAMALHO,ASSINATURA DE JORNAIS E REVISTAS,ABRIL COMUNICAÇÕES S/A,44.597.052/0079-22,"780,00",01/2017
 ADRIANA RAMALHO,COMBUSTIVEL,POSTO JENNER LTDA,61.699.179/0001-01,"901,00",01/2017
 ADRIANA RAMALHO,INTERMEDIADO - CORREIOS,CAMARA MUNICIPAL DE SÃO PAULO,50.176.288/0001-28,"15,30",01/2017
 ADRIANA RAMALHO,INTERMEDIADO - LOCAÇÃO DE VEÍCULOS,CAMARA MUNICIPAL DE SÃO PAULO,50.176.288/0001-28,"1.330,74",01/2017
 ADRIANA RAMALHO,MATERIAL DE ESCRITORIO E OUTROS MATERIAIS DE CONSUMO,CENTER PAPEIS COMERCIAL LTDA.,06.226.820/0001-82,"1.985,85",01/2017
 ADRIANA RAMALHO,ASSINATURA DE JORNAIS E REVISTAS,EMPRESA FOLHA DA MANHÃ S.A.,60.579.703/0001-48,"87,90",02/2017
 ADRIANA RAMALHO,ASSINATURA DE JORNAIS E REVISTAS,EMPRESA FOLHA DA MANHÃ S.A.,60.579.703/0031-63,"439,50",02/2017
 ADRIANA RAMALHO,COMBUSTIVEL,POSTO JENNER LTDA,61.699.179/0001-01,"1.337,50",02/2017
 ADRIANA RAMALHO,COMPOSIÇÃO/ARTE/DIAGRAMAÇÃO/PRODUÇÃO/IMPRESSAO GRAFICA,DNA EDITORA E SOLUÇÕES EM ACESSIBILIDADE S/A,24.155.170/0001-03,"198,80",02/2017
 ADRIANA RAMALHO,CONTRATAÇAO DE PESSOA JURIDICA,POMINI SOCIEDADE DE ADVOGADOS,12.146.824/0001-53,"7.980,00",02/2017
 ADRIANA RAMALHO,ELABORAÇÃO/MANUTENÇAO DE SITE/HOSPEDAGEM,ALEXSANDRO FERREIRA AUGUSTO,15.287.788/0001-36,"2.000,00",02/2017
 ADRIANA RAMALHO,INTERMEDIADO - CORREIOS,CAMARA MUNICIPAL DE SÃO PAULO,50.176.288/0001-28,"2.451,40",02/2017
 ADRIANA RAMALHO,INTERMEDIADO - LOCAÇÃO DE VEÍCULOS,CAMARA MUNICIPAL DE SÃO PAULO,50.176.288/0001-28,"2.101,17",02/2017
 ADRIANA RAMALHO,LOCAÇÃO DE MOVEIS E EQUIPAMENTOS,PJRS LOCAÇÃO E COMÉRCIO DE EQUIPAMENTOS DE INFORMÁTICA LTDA,12.713.356/0001-51,"1.126,00",02/2017
 ADRIANA RAMALHO,MATERIAL DE ESCRITORIO E OUTROS MATERIAIS DE CONSUMO,CENTER PAPEIS COMERCIAL LTDA.,06.226.820/0001-82,"94,65",02/2017
 ADRIANA RAMALHO,MATERIAL DE ESCRITORIO E OUTROS MATERIAIS DE CONSUMO,KALUNGA COMÉRCIO E INDÚSTRIA GRÁFICA LTDA.,43.283.811/0012-02,"198,74",02/2017
 ADRIANA RAMALHO,PROVEDOR DE INTERNET,TELEFONICA BRASIL S/A,02.558.157/0001-62,"55,56",02/2017
 ADRIANA RAMALHO,TELEFONE MOVEL,NEXTEL TELECOMUNICAÇÕES LTDA,66.970.229/0001-67,"299,56",02/2017
 ADRIANA RAMALHO,ASSINATURA DE JORNAIS E REVISTAS,EMPRESA FOLHA DA MANHÃ S.A.,60.579.703/0031-63,"1.163,40",03/2017
 ADRIANA RAMALHO,ASSINATURA DE JORNAIS E REVISTAS,S.A O ESTADO DE S. PAULO,61.533.949/0001-41,"68,90",03/2017
 ADRIANA RAMALHO,COMBUSTIVEL,POSTO JENNER LTDA,61.699.179/0001-01,"1.363,00",03/2017
 ADRIANA RAMALHO,COMPOSIÇÃO/ARTE/DIAGRAMAÇÃO/PRODUÇÃO/IMPRESSAO GRAFICA,FERNANDO IGNACIO VIEIRA -ME,08.779.025/0001-47,"4.000,00",03/2017
 ADRIANA RAMALHO,COMPOSIÇÃO/ARTE/DIAGRAMAÇÃO/PRODUÇÃO/IMPRESSAO GRAFICA,"MIX GRAFICA, EDITORA E PRODUTOS PROMOCIONAIS LTDA - ME",13.505.115/0001-80,"3.600,00",03/2017
 ADRIANA RAMALHO,ELABORAÇÃO/MANUTENÇAO DE SITE/HOSPEDAGEM,ALEXSANDRO FERREIRA AUGUSTO,15.287.788/0001-36,"4.000,00",03/2017
 ADRIANA RAMALHO,INTERMEDIADO - CORREIOS,CAMARA MUNICIPAL DE SÃO PAULO,50.176.288/0001-28,"1.070,32",03/2017
 ADRIANA RAMALHO,INTERMEDIADO - LOCAÇÃO DE VEÍCULOS,CAMARA MUNICIPAL DE SÃO PAULO,50.176.288/0001-28,"2.101,17",03/2017
 ADRIANA RAMALHO,LOCAÇÃO DE MOVEIS E EQUIPAMENTOS,PJRS LOCAÇÃO E COMÉRCIO DE EQUIPAMENTOS DE INFORMÁTICA LTDA,12.713.356/0001-51,"1.126,00",03/2017
 ADRIANA RAMALHO,MATERIAL DE ESCRITORIO E OUTROS MATERIAIS DE CONSUMO,CENTER PAPEIS COMERCIAL LTDA.,06.226.820/0001-82,"1.288,35",03/2017
 ADRIANA RAMALHO,MATERIAL DE ESCRITORIO E OUTROS MATERIAIS DE CONSUMO,MILTON DE ARAUJO GRAFICA E COPIADORA ME,13.038.410/0001-73,"176,00",03/2017
 ADRIANA RAMALHO,PROVEDOR DE INTERNET,TELEFONICA BRASIL S/A,02.558.157/0001-62,"95,70",03/2017
 ADRIANA RAMALHO,TELEFONE MOVEL,NEXTEL TELECOMUNICAÇÕES LTDA,66.970.229/0001-67,"152,67",03/2017
 ADRIANA RAMALHO,COMBUSTIVEL,POSTO JENNER LTDA,61.699.179/0001-01,"973,50",04/2017
 ADRIANA RAMALHO,ELABORAÇÃO/MANUTENÇAO DE SITE/HOSPEDAGEM,ALEXSANDRO FERREIRA AUGUSTO,15.287.788/0001-36,"4.000,00",04/2017
 ADRIANA RAMALHO,EVENTOS/SEMINARIOS,VIRGU'S COMUNICAÇÃO VISUAL E ADESIVOS LTDA,07.373.241/0001-25,"390,00",04/2017
 ADRIANA RAMALHO,EVENTOS/SEMINARIOS,REAL TIME CAPTION TRANSCRIÇÃO DE AUDIO & VIDEO LTDA ME,24.355.819/0001-30,"2.062,50",04/2017
 ADRIANA RAMALHO,INTERMEDIADO - CORREIOS,CAMARA MUNICIPAL DE SÃO PAULO,50.176.288/0001-28,"9,15",04/2017
 ADRIANA RAMALHO,INTERMEDIADO - LOCAÇÃO DE VEÍCULOS,CAMARA MUNICIPAL DE SÃO PAULO,50.176.288/0001-28,"2.101,17",04/2017
 ADRIANA RAMALHO,LOCAÇÃO DE MOVEIS E EQUIPAMENTOS,PJRS LOCAÇÃO E COMÉRCIO DE EQUIPAMENTOS DE INFORMÁTICA LTDA,12.713.356/0001-51,"1.126,00",04/2017
 ADRIANA RAMALHO,MATERIAL DE ESCRITORIO E OUTROS MATERIAIS DE CONSUMO,CENTER PAPEIS COMERCIAL LTDA.,06.226.820/0001-82,"517,10",04/2017
 ADRIANA RAMALHO,MATERIAL DE ESCRITORIO E OUTROS MATERIAIS DE CONSUMO,MILTON DE ARAUJO GRAFICA E COPIADORA ME,13.038.410/0001-73,"35,00",04/2017
 ADRIANA RAMALHO,PROVEDOR DE INTERNET,TELEFONICA BRASIL S/A,02.558.157/0001-62,"95,70",04/2017
 ADRIANA RAMALHO,REPROGRAFIA (XEROX/ENCADERNAÇÃO),IRISARA COMÉRCIO E SERVIÇOS LTDA.,10.376.277/0001-77,"60,00",04/2017
 ADRIANA RAMALHO,TELEFONE MOVEL,NEXTEL TELECOMUNICAÇÕES LTDA,66.970.229/0001-67,"131,76",04/2017
 ADRIANA RAMALHO,COMBUSTIVEL,POSTO JENNER LTDA,61.699.179/0001-01,"1.190,00",05/2017
 ADRIANA RAMALHO,COMPOSIÇÃO/ARTE/DIAGRAMAÇÃO/PRODUÇÃO/IMPRESSAO GRAFICA,J.L.E. GRÁFICA E EDITORA LTDA - EPP,03.584.717/0001-16,"2.150,00",05/2017
 ADRIANA RAMALHO,CONTRATAÇAO DE PESSOA JURIDICA,CONDE e DELL ARINGA - DESENVOLVIMENTO DE SOFTWARES LTDA - EPP,09.613.772/0001-73,"310,00",05/2017
 ADRIANA RAMALHO,ELABORAÇÃO/MANUTENÇAO DE SITE/HOSPEDAGEM,ALEXSANDRO FERREIRA AUGUSTO,15.287.788/0001-36,"4.000,00",05/2017
 ADRIANA RAMALHO,EVENTOS/SEMINARIOS,IRISARA COMÉRCIO E SERVIÇOS LTDA.,10.376.277/0001-77,"350,00",05/2017
 ADRIANA RAMALHO,EVENTOS/SEMINARIOS,REAL TIME CAPTION TRANSCRIÇÃO DE AUDIO & VIDEO LTDA ME,24.355.819/0001-30,"2.062,50",05/2017
 ADRIANA RAMALHO,INTERMEDIADO - CORREIOS,CAMARA MUNICIPAL DE SÃO PAULO,50.176.288/0001-28,"1.687,09",05/2017
 ADRIANA RAMALHO,INTERMEDIADO - LOCAÇÃO DE VEÍCULOS,CAMARA MUNICIPAL DE SÃO PAULO,50.176.288/0001-28,"2.101,17",05/2017
 ADRIANA RAMALHO,LOCAÇÃO DE MOVEIS E EQUIPAMENTOS,PJRS LOCAÇÃO E COMÉRCIO DE EQUIPAMENTOS DE INFORMÁTICA LTDA,12.713.356/0001-51,"1.126,00",05/2017
 ADRIANA RAMALHO,MATERIAL DE ESCRITORIO E OUTROS MATERIAIS DE CONSUMO,CENTER PAPEIS COMERCIAL LTDA.,06.226.820/0001-82,"2.096,70",05/2017
 ADRIANA RAMALHO,MATERIAL DE ESCRITORIO E OUTROS MATERIAIS DE CONSUMO,KALUNGA COMÉRCIO INDUSTRIA GRÁFICA LTDA,43.283.811/0139-95,"40,60",05/2017
 ADRIANA RAMALHO,PROVEDOR DE INTERNET,TELEFONICA BRASIL S/A,02.558.157/0001-62,"95,70",05/2017
 ADRIANA RAMALHO,TELEFONE MOVEL,NEXTEL TELECOMUNICAÇÕES LTDA,66.970.229/0001-67,"153,24",05/2017
 ADRIANA RAMALHO,ASSINATURA DE JORNAIS E REVISTAS,S.A O ESTADO DE S. PAULO,61.533.949/0001-41,"137,80",06/2017
 ADRIANA RAMALHO,COMBUSTIVEL,POSTO JENNER LTDA,61.699.179/0001-01,"675,50",06/2017
 ADRIANA RAMALHO,COMPOSIÇÃO/ARTE/DIAGRAMAÇÃO/PRODUÇÃO/IMPRESSAO GRAFICA,J.L.E. GRÁFICA E EDITORA LTDA - EPP,03.584.717/0001-16,"3.450,00",06/2017
 ADRIANA RAMALHO,COMPOSIÇÃO/ARTE/DIAGRAMAÇÃO/PRODUÇÃO/IMPRESSAO GRAFICA,CONDE e DELL ARINGA - DESENVOLVIMENTO DE SOFTWARES LTDA - EPP,09.613.772/0001-73,"60,00",06/2017
 ADRIANA RAMALHO,CONTRATAÇAO DE PESSOA JURIDICA,CONDE e DELL ARINGA - DESENVOLVIMENTO DE SOFTWARES LTDA - EPP,09.613.772/0001-73,"250,00",06/2017
 ADRIANA RAMALHO,ELABORAÇÃO/MANUTENÇAO DE SITE/HOSPEDAGEM,ALEXSANDRO FERREIRA AUGUSTO,15.287.788/0001-36,"4.000,00",06/2017
 ADRIANA RAMALHO,EVENTOS/SEMINARIOS,VIRGU'S COMUNICAÇÃO VISUAL E ADESIVOS LTDA,07.373.241/0001-25,"1.430,00",06/2017
 ADRIANA RAMALHO,INTERMEDIADO - CORREIOS,CAMARA MUNICIPAL DE SÃO PAULO,50.176.288/0001-28,"1.125,00",06/2017
 ADRIANA RAMALHO,INTERMEDIADO - LOCAÇÃO DE VEÍCULOS,CAMARA MUNICIPAL DE SÃO PAULO,50.176.288/0001-28,"2.101,17",06/2017
 ADRIANA RAMALHO,LOCAÇÃO DE MOVEIS E EQUIPAMENTOS,PJRS LOCAÇÃO E COMÉRCIO DE EQUIPAMENTOS DE INFORMÁTICA LTDA,12.713.356/0001-51,"1.126,00",06/2017
 ADRIANA RAMALHO,MATERIAL DE ESCRITORIO E OUTROS MATERIAIS DE CONSUMO,CENTER PAPEIS COMERCIAL LTDA.,06.226.820/0001-82,"2.135,05",06/2017
 ADRIANA RAMALHO,PROVEDOR DE INTERNET,TELEFONICA BRASIL S/A,02.558.157/0001-62,"95,70",06/2017
 ADRIANA RAMALHO,ASSINATURA DE JORNAIS E REVISTAS,S.A O ESTADO DE S. PAULO,61.533.949/0001-41,"68,90",07/2017
 ADRIANA RAMALHO,COMBUSTIVEL,POSTO JENNER LTDA,61.699.179/0001-01,"964,00",07/2017
 ADRIANA RAMALHO,COMPOSIÇÃO/ARTE/DIAGRAMAÇÃO/PRODUÇÃO/IMPRESSAO GRAFICA,CONDE e DELL ARINGA - DESENVOLVIMENTO DE SOFTWARES LTDA - EPP,09.613.772/0001-73,"60,00",07/2017
 ADRIANA RAMALHO,CONTRATAÇAO DE PESSOA JURIDICA,CONDE e DELL ARINGA - DESENVOLVIMENTO DE SOFTWARES LTDA - EPP,09.613.772/0001-73,"250,00",07/2017
 ADRIANA RAMALHO,ELABORAÇÃO/MANUTENÇAO DE SITE/HOSPEDAGEM,ALEXSANDRO FERREIRA AUGUSTO,15.287.788/0001-36,"4.000,00",07/2017
 ADRIANA RAMALHO,INTERMEDIADO - CORREIOS,CAMARA MUNICIPAL DE SÃO PAULO,50.176.288/0001-28,"523,21",07/2017
 ADRIANA RAMALHO,INTERMEDIADO - LOCAÇÃO DE VEÍCULOS,CAMARA MUNICIPAL DE SÃO PAULO,50.176.288/0001-28,"2.101,17",07/2017
 ADRIANA RAMALHO,LOCAÇÃO DE MOVEIS E EQUIPAMENTOS,PJRS LOCAÇÃO E COMÉRCIO DE EQUIPAMENTOS DE INFORMÁTICA LTDA,12.713.356/0001-51,"1.126,00",07/2017
 ADRIANA RAMALHO,MATERIAL DE ESCRITORIO E OUTROS MATERIAIS DE CONSUMO,CENTER PAPEIS COMERCIAL LTDA.,06.226.820/0001-82,"166,80",07/2017
 ADRIANA RAMALHO,MATERIAL DE ESCRITORIO E OUTROS MATERIAIS DE CONSUMO,MILTON DE ARAUJO GRAFICA E COPIADORA ME,13.038.410/0001-73,"24,00",07/2017
 ADRIANA RAMALHO,PROVEDOR DE INTERNET,TELEFONICA BRASIL S/A,02.558.157/0001-62,"95,70",07/2017
 ADRIANA RAMALHO,ASSINATURA DE JORNAIS E REVISTAS,S.A O ESTADO DE S. PAULO,61.533.949/0001-41,"68,90",08/2017
 ADRIANA RAMALHO,COMBUSTIVEL,POSTO JENNER LTDA,61.699.179/0001-01,"1.142,00",08/2017
 ADRIANA RAMALHO,COMPOSIÇÃO/ARTE/DIAGRAMAÇÃO/PRODUÇÃO/IMPRESSAO GRAFICA,CONDE e DELL ARINGA - DESENVOLVIMENTO DE SOFTWARES LTDA - EPP,09.613.772/0001-73,"60,00",08/2017
 ADRIANA RAMALHO,CONTRATAÇAO DE PESSOA JURIDICA,CONDE e DELL ARINGA - DESENVOLVIMENTO DE SOFTWARES LTDA - EPP,09.613.772/0001-73,"250,00",08/2017
 ADRIANA RAMALHO,ELABORAÇÃO/MANUTENÇAO DE SITE/HOSPEDAGEM,ALEXSANDRO FERREIRA AUGUSTO,15.287.788/0001-36,"4.000,00",08/2017
 ADRIANA RAMALHO,INTERMEDIADO - CORREIOS,CAMARA MUNICIPAL DE SÃO PAULO,50.176.288/0001-28,"364,65",08/2017
 ADRIANA RAMALHO,INTERMEDIADO - LOCAÇÃO DE VEÍCULOS,CAMARA MUNICIPAL DE SÃO PAULO,50.176.288/0001-28,"2.101,17",08/2017
 ADRIANA RAMALHO,LOCAÇÃO DE MOVEIS E EQUIPAMENTOS,PJRS LOCAÇÃO E COMÉRCIO DE EQUIPAMENTOS DE INFORMÁTICA LTDA,12.713.356/0001-51,"1.126,00",08/2017
 ADRIANA RAMALHO,MATERIAL DE ESCRITORIO E OUTROS MATERIAIS DE CONSUMO,CENTER PAPEIS COMERCIAL LTDA.,06.226.820/0001-82,"1.707,15",08/2017
 ADRIANA RAMALHO,PROVEDOR DE INTERNET,TELEFONICA BRASIL S/A,02.558.157/0001-62,"95,41",08/2017
 ADRIANA RAMALHO,TELEFONE MOVEL,TELEFONICA BRASIL S/A,02.558.157/0001-62,"398,98",08/2017
 ADRIANA RAMALHO,ASSINATURA DE JORNAIS E REVISTAS,S.A O ESTADO DE S. PAULO,61.533.949/0001-41,"68,90",09/2017
 ADRIANA RAMALHO,COMBUSTIVEL,POSTO JENNER LTDA,61.699.179/0001-01,"1.228,00",09/2017
 ADRIANA RAMALHO,COMPOSIÇÃO/ARTE/DIAGRAMAÇÃO/PRODUÇÃO/IMPRESSAO GRAFICA,J.L.E. GRÁFICA E EDITORA LTDA - EPP,03.584.717/0001-16,"3.000,00",09/2017
 ADRIANA RAMALHO,CONTRATAÇAO DE PESSOA JURIDICA,CONDE e DELL ARINGA - DESENVOLVIMENTO DE SOFTWARES LTDA - EPP,09.613.772/0001-73,"250,00",09/2017
 ADRIANA RAMALHO,CONTRATAÇAO DE PESSOA JURIDICA,MURYLLO ALEX RIBEIRO CARRICO,27.365.244/0001-24,"500,00",09/2017
 ADRIANA RAMALHO,ELABORAÇÃO/MANUTENÇAO DE SITE/HOSPEDAGEM,ALEXSANDRO FERREIRA AUGUSTO,15.287.788/0001-36,"4.000,00",09/2017
 ADRIANA RAMALHO,EVENTOS/SEMINARIOS,NACIONAL CÓPIAS S/S LTDA - EPP,07.043.632/0001-81,"54,00",09/2017
 ADRIANA RAMALHO,EVENTOS/SEMINARIOS,MURYLLO ALEX RIBEIRO CARRICO,27.365.244/0001-24,"500,00",09/2017
 ADRIANA RAMALHO,INTERMEDIADO - CORREIOS,CAMARA MUNICIPAL DE SÃO PAULO,50.176.288/0001-28,"1.056,76",09/2017
 ADRIANA RAMALHO,INTERMEDIADO - LOCAÇÃO DE VEÍCULOS,CAMARA MUNICIPAL DE SÃO PAULO,50.176.288/0001-28,"2.101,17",09/2017
 ADRIANA RAMALHO,LOCAÇÃO DE MOVEIS E EQUIPAMENTOS,PJRS LOCAÇÃO E COMÉRCIO DE EQUIPAMENTOS DE INFORMÁTICA LTDA,12.713.356/0001-51,"1.126,00",09/2017
 ADRIANA RAMALHO,MATERIAL DE ESCRITORIO E OUTROS MATERIAIS DE CONSUMO,CENTER PAPEIS COMERCIAL LTDA.,06.226.820/0001-82,"381,70",09/2017
 ADRIANA RAMALHO,PROVEDOR DE INTERNET,TELEFONICA BRASIL S/A,02.558.157/0001-62,"95,70",09/2017
 ADRIANA RAMALHO,REPROGRAFIA (XEROX/ENCADERNAÇÃO),NACIONAL CÓPIAS S/S LTDA - EPP,07.043.632/0001-81,"16,00",09/2017
 ADRIANA RAMALHO,TELEFONE MOVEL,TELEFONICA BRASIL S/A,02.558.157/0001-62,"553,66",09/2017
 ADRIANA RAMALHO,ASSINATURA DE JORNAIS E REVISTAS,S.A O ESTADO DE S. PAULO,61.533.949/0001-41,"68,90",10/2017
 ADRIANA RAMALHO,COMBUSTIVEL,POSTO JENNER LTDA,61.699.179/0001-01,"1.429,00",10/2017
 ADRIANA RAMALHO,COMPOSIÇÃO/ARTE/DIAGRAMAÇÃO/PRODUÇÃO/IMPRESSAO GRAFICA,VISUAL ARTE COPIADORA EIRELLI - ME,13.058.505/0001-59,"150,00",10/2017
 ADRIANA RAMALHO,COMPOSIÇÃO/ARTE/DIAGRAMAÇÃO/PRODUÇÃO/IMPRESSAO GRAFICA,FUNDAÇÃO DORINA NOWILL PARA CEGOS,60.507.100/0001-30,"445,00",10/2017
 ADRIANA RAMALHO,CONTRATAÇAO DE PESSOA JURIDICA,CONDE e DELL ARINGA - DESENVOLVIMENTO DE SOFTWARES LTDA - EPP,09.613.772/0001-73,"250,00",10/2017
 ADRIANA RAMALHO,CONTRATAÇAO DE PESSOA JURIDICA,MURYLLO ALEX RIBEIRO CARRICO,27.365.244/0001-24,"500,00",10/2017
 ADRIANA RAMALHO,ELABORAÇÃO/MANUTENÇAO DE SITE/HOSPEDAGEM,ALEXSANDRO FERREIRA AUGUSTO,15.287.788/0001-36,"4.000,00",10/2017
 ADRIANA RAMALHO,EVENTOS/SEMINARIOS,MURYLLO ALEX RIBEIRO CARRICO,27.365.244/0001-24,"500,00",10/2017
 ADRIANA RAMALHO,INTERMEDIADO - CORREIOS,CAMARA MUNICIPAL DE SÃO PAULO,50.176.288/0001-28,"1.202,05",10/2017
 ADRIANA RAMALHO,INTERMEDIADO - LOCAÇÃO DE VEÍCULOS,CAMARA MUNICIPAL DE SÃO PAULO,50.176.288/0001-28,"2.101,17",10/2017
 ADRIANA RAMALHO,LOCAÇÃO DE MOVEIS E EQUIPAMENTOS,PJRS LOCAÇÃO E COMÉRCIO DE EQUIPAMENTOS DE INFORMÁTICA LTDA,12.713.356/0001-51,"1.126,00",10/2017
 ADRIANA RAMALHO,MATERIAL DE ESCRITORIO E OUTROS MATERIAIS DE CONSUMO,CENTER PAPEIS COMERCIAL LTDA.,06.226.820/0001-82,"396,95",10/2017
 ADRIANA RAMALHO,MATERIAL DE ESCRITORIO E OUTROS MATERIAIS DE CONSUMO,KALUNGA COM. E IND. GRÁFICA LTDA,43.283.811/0177-10,"82,70",10/2017
 ADRIANA RAMALHO,PROVEDOR DE INTERNET,TELEFONICA BRASIL S/A,02.558.157/0001-62,"95,62",10/2017
 ADRIANA RAMALHO,TELEFONE MOVEL,TELEFONICA BRASIL S/A,02.558.157/0001-62,"569,99",10/2017
 ADRIANA RAMALHO,ASSINATURA DE JORNAIS E REVISTAS,S.A O ESTADO DE S. PAULO,61.533.949/0001-41,"68,90",11/2017
 ADRIANA RAMALHO,COMBUSTIVEL,POSTO JENNER LTDA,61.699.179/0001-01,"1.420,00",11/2017
 ADRIANA RAMALHO,COMPOSIÇÃO/ARTE/DIAGRAMAÇÃO/PRODUÇÃO/IMPRESSAO GRAFICA,VISUAL ARTE COPIADORA EIRELLI - ME,13.058.505/0001-59,"160,00",11/2017
 ADRIANA RAMALHO,CONTRATAÇAO DE PESSOA JURIDICA,CONDE e DELL ARINGA - DESENVOLVIMENTO DE SOFTWARES LTDA - EPP,09.613.772/0001-73,"250,00",11/2017
 ADRIANA RAMALHO,CONTRATAÇAO DE PESSOA JURIDICA,CLAUDINEI BITMAN,19.203.643/0001-60,"2.000,00",11/2017
 ADRIANA RAMALHO,ELABORAÇÃO/MANUTENÇAO DE SITE/HOSPEDAGEM,ALEXSANDRO FERREIRA AUGUSTO,15.287.788/0001-36,"4.000,00",11/2017
 ADRIANA RAMALHO,EVENTOS/SEMINARIOS,NACIONAL CÓPIAS S/S LTDA - EPP,07.043.632/0001-81,"22,00",11/2017
 ADRIANA RAMALHO,INTERMEDIADO - CORREIOS,CAMARA MUNICIPAL DE SÃO PAULO,50.176.288/0001-28,"49,95",11/2017
 ADRIANA RAMALHO,INTERMEDIADO - LOCAÇÃO DE VEÍCULOS,CAMARA MUNICIPAL DE SÃO PAULO,50.176.288/0001-28,"2.101,17",11/2017
 ADRIANA RAMALHO,LOCAÇÃO DE MOVEIS E EQUIPAMENTOS,PJRS LOCAÇÃO E COMÉRCIO DE EQUIPAMENTOS DE INFORMÁTICA LTDA,12.713.356/0001-51,"1.126,00",11/2017
 ADRIANA RAMALHO,MATERIAL DE ESCRITORIO E OUTROS MATERIAIS DE CONSUMO,CENTER PAPEIS COMERCIAL LTDA.,06.226.820/0001-82,"1.209,60",11/2017
 ADRIANA RAMALHO,PROVEDOR DE INTERNET,TELEFONICA BRASIL S/A,02.558.157/0001-62,"95,70",11/2017
 ADRIANA RAMALHO,TELEFONE MOVEL,TELEFONICA BRASIL S/A,02.558.157/0001-62,"571,98",11/2017
 ADRIANA RAMALHO,ASSINATURA DE JORNAIS E REVISTAS,S.A O ESTADO DE S. PAULO,61.533.949/0001-41,"68,90",12/2017
 ADRIANA RAMALHO,COMBUSTIVEL,POSTO JENNER LTDA,61.699.179/0001-01,"1.000,00",12/2017
 ADRIANA RAMALHO,COMPOSIÇÃO/ARTE/DIAGRAMAÇÃO/PRODUÇÃO/IMPRESSAO GRAFICA,CLAUDINEI BITMAN,19.203.643/0001-60,"2.000,00",12/2017
 ADRIANA RAMALHO,CONTRATAÇAO DE PESSOA JURIDICA,FERNANDO IGNACIO VIEIRA -ME,08.779.025/0001-47,"7.500,00",12/2017
 ADRIANA RAMALHO,CONTRATAÇAO DE PESSOA JURIDICA,CONDE e DELL ARINGA - DESENVOLVIMENTO DE SOFTWARES LTDA - EPP,09.613.772/0001-73,"250,00",12/2017
 ADRIANA RAMALHO,ELABORAÇÃO/MANUTENÇAO DE SITE/HOSPEDAGEM,ALEXSANDRO FERREIRA AUGUSTO,15.287.788/0001-36,"4.000,00",12/2017
 ADRIANA RAMALHO,INTERMEDIADO - CORREIOS,CAMARA MUNICIPAL DE SÃO PAULO,50.176.288/0001-28,"1.733,63",12/2017
 ADRIANA RAMALHO,INTERMEDIADO - LOCAÇÃO DE VEÍCULOS,CAMARA MUNICIPAL DE SÃO PAULO,50.176.288/0001-28,"2.101,17",12/2017
 ADRIANA RAMALHO,LOCAÇÃO DE MOVEIS E EQUIPAMENTOS,ALOC LOCAÇÃO E COMERCIO DE EQUIPAMENTOS DE INFORMÁTICA LTDA.,07.071.575/0001-44,"1.126,00",12/2017
 ADRIANA RAMALHO,MATERIAL DE ESCRITORIO E OUTROS MATERIAIS DE CONSUMO,CENTER PAPEIS COMERCIAL LTDA.,06.226.820/0001-82,"177,25",12/2017
 ADRIANA RAMALHO,PROVEDOR DE INTERNET,TELEFONICA BRASIL S/A,02.558.157/0001-62,"195,30",12/2017
 ADRIANA RAMALHO,TELEFONE MOVEL,TELEFONICA BRASIL S/A,02.558.157/0001-62,"615,21",12/2017
 ADRIANA RAMALHO,ASSINATURA DE JORNAIS E REVISTAS,EMPRESA FOLHA DA MANHÃ S.A.,60.579.703/0031-63,"1.139,40",01/2018
 ADRIANA RAMALHO,ASSINATURA DE JORNAIS E REVISTAS,S.A O ESTADO DE S. PAULO,61.533.949/0001-41,"68,90",01/2018
 ADRIANA RAMALHO,COMBUSTIVEL,POSTO JENNER LTDA,61.699.179/0001-01,"842,00",01/2018
 ADRIANA RAMALHO,COMPOSIÇÃO/ARTE/DIAGRAMAÇÃO/PRODUÇÃO/IMPRESSAO GRAFICA,J.L.E. GRÁFICA E EDITORA LTDA - EPP,03.584.717/0001-16,"1.800,00",01/2018
 ADRIANA RAMALHO,CONTRATAÇAO DE PESSOA JURIDICA,FERNANDO IGNACIO VIEIRA -ME,08.779.025/0001-47,"7.750,00",01/2018
 ADRIANA RAMALHO,CONTRATAÇAO DE PESSOA JURIDICA,CONDE e DELL ARINGA - DESENVOLVIMENTO DE SOFTWARES LTDA - EPP,09.613.772/0001-73,"250,00",01/2018
 ADRIANA RAMALHO,ELABORAÇÃO/MANUTENÇAO DE SITE/HOSPEDAGEM,ALEXSANDRO FERREIRA AUGUSTO,15.287.788/0001-36,"4.000,00",01/2018
 ADRIANA RAMALHO,INTERMEDIADO - CORREIOS,CAMARA MUNICIPAL DE SÃO PAULO,50.176.288/0001-28,"118,50",01/2018
 ADRIANA RAMALHO,INTERMEDIADO - LOCAÇÃO DE VEÍCULOS,CAMARA MUNICIPAL DE SÃO PAULO,50.176.288/0001-28,"2.137,42",01/2018
 ADRIANA RAMALHO,LOCAÇÃO DE MOVEIS E EQUIPAMENTOS,ALOC LOCAÇÃO E COMERCIO DE EQUIPAMENTOS DE INFORMÁTICA LTDA.,07.071.575/0001-44,"1.126,00",01/2018
 ADRIANA RAMALHO,MATERIAL DE ESCRITORIO E OUTROS MATERIAIS DE CONSUMO,CENTER PAPEIS COMERCIAL LTDA.,06.226.820/0001-82,"1.198,05",01/2018
 ADRIANA RAMALHO,MATERIAL DE ESCRITORIO E OUTROS MATERIAIS DE CONSUMO,SPEED PAPER SERVIÇOS GRÁFICOS E CÓPIAS LTDA-ME,60.867.678/0001-06,"48,70",01/2018
 ADRIANA RAMALHO,MATERIAL DE ESCRITORIO E OUTROS MATERIAIS DE CONSUMO,PAPELARIA ESTADÃO LTDA.,62.067.384/0001-17,"125,70",01/2018
 ADRIANA RAMALHO,PROVEDOR DE INTERNET,TELEFONICA BRASIL S/A,02.558.157/0001-62,"95,70",01/2018
 ADRIANA RAMALHO,TELEFONE MOVEL,TELEFONICA BRASIL S/A,02.558.157/0001-62,"592,61",01/2018
 ADRIANA RAMALHO,ASSINATURA DE JORNAIS E REVISTAS,EMPRESA FOLHA DA MANHÃ S.A.,60.579.703/0031-63,"527,40",02/2018
 ADRIANA RAMALHO,ASSINATURA DE JORNAIS E REVISTAS,S.A O ESTADO DE S. PAULO,61.533.949/0001-41,"89,90",02/2018
 ADRIANA RAMALHO,COMBUSTIVEL,POSTO JENNER LTDA,61.699.179/0001-01,"1.023,00",02/2018
 ADRIANA RAMALHO,CONTRATAÇAO DE PESSOA JURIDICA,LOCAWEB SERVIÇOS DE INTERNET S.A.,02.351.877/0001-52,"250,00",02/2018
 ADRIANA RAMALHO,CONTRATAÇAO DE PESSOA JURIDICA,FERNANDO IGNACIO VIEIRA -ME,08.779.025/0001-47,"7.500,00",02/2018
 ADRIANA RAMALHO,CONTRATAÇAO DE PESSOA JURIDICA,CONDE e DELL ARINGA - DESENVOLVIMENTO DE SOFTWARES LTDA - EPP,09.613.772/0001-73,"250,00",02/2018
 ADRIANA RAMALHO,ELABORAÇÃO/MANUTENÇAO DE SITE/HOSPEDAGEM,ALEXSANDRO FERREIRA AUGUSTO,15.287.788/0001-36,"4.000,00",02/2018
 ADRIANA RAMALHO,INTERMEDIADO - CORREIOS,CAMARA MUNICIPAL DE SÃO PAULO,50.176.288/0001-28,"118,50",02/2018
 ADRIANA RAMALHO,INTERMEDIADO - LOCAÇÃO DE VEÍCULOS,CAMARA MUNICIPAL DE SÃO PAULO,50.176.288/0001-28,"2.148,45",02/2018
 ADRIANA RAMALHO,LOCAÇÃO DE MOVEIS E EQUIPAMENTOS,ALOC LOCAÇÃO E COMERCIO DE EQUIPAMENTOS DE INFORMÁTICA LTDA.,07.071.575/0001-44,"1.126,00",02/2018
 ADRIANA RAMALHO,MATERIAL DE ESCRITORIO E OUTROS MATERIAIS DE CONSUMO,CENTER PAPEIS COMERCIAL LTDA.,06.226.820/0001-82,"637,55",02/2018
 ADRIANA RAMALHO,PROVEDOR DE INTERNET,TELEFONICA BRASIL S/A,02.558.157/0001-62,"95,70",02/2018
 ADRIANA RAMALHO,TELEFONE MOVEL,TELEFONICA BRASIL S/A,02.558.157/0001-62,"589,99",02/2018
 ADRIANA RAMALHO,ASSINATURA DE JORNAIS E REVISTAS,S.A O ESTADO DE S. PAULO,61.533.949/0001-41,"89,90",03/2018
 ADRIANA RAMALHO,COMBUSTIVEL,POSTO JENNER LTDA,61.699.179/0001-01,"1.505,00",03/2018
 ADRIANA RAMALHO,COMPOSIÇÃO/ARTE/DIAGRAMAÇÃO/PRODUÇÃO/IMPRESSAO GRAFICA,J.L.E. GRÁFICA E EDITORA LTDA - EPP,03.584.717/0001-16,"6.700,00",03/2018
 ADRIANA RAMALHO,COMPOSIÇÃO/ARTE/DIAGRAMAÇÃO/PRODUÇÃO/IMPRESSAO GRAFICA,VISUAL ARTE COPIADORA EIRELLI - ME,13.058.505/0001-59,"80,00",03/2018
 ADRIANA RAMALHO,CONTRATAÇAO DE PESSOA JURIDICA,LOCAWEB SERVIÇOS DE INTERNET S.A.,02.351.877/0001-52,"65,00",03/2018
 ADRIANA RAMALHO,CONTRATAÇAO DE PESSOA JURIDICA,FERNANDO IGNACIO VIEIRA -ME,08.779.025/0001-47,"7.500,00",03/2018
 ADRIANA RAMALHO,CONTRATAÇAO DE PESSOA JURIDICA,CONDE e DELL ARINGA - DESENVOLVIMENTO DE SOFTWARES LTDA - EPP,09.613.772/0001-73,"250,00",03/2018
 ADRIANA RAMALHO,ELABORAÇÃO/MANUTENÇAO DE SITE/HOSPEDAGEM,ALEXSANDRO FERREIRA AUGUSTO,29.831.210/0001-03,"4.000,00",03/2018
 ADRIANA RAMALHO,INTERMEDIADO - CORREIOS,CAMARA MUNICIPAL DE SÃO PAULO,50.176.288/0001-28,"1.468,64",03/2018
 ADRIANA RAMALHO,INTERMEDIADO - LOCAÇÃO DE VEÍCULOS,CAMARA MUNICIPAL DE SÃO PAULO,50.176.288/0001-28,"2.148,45",03/2018
 ADRIANA RAMALHO,LOCAÇÃO DE MOVEIS E EQUIPAMENTOS,ALOC LOCAÇÃO E COMERCIO DE EQUIPAMENTOS DE INFORMÁTICA LTDA.,07.071.575/0001-44,"1.126,00",03/2018
 ADRIANA RAMALHO,MATERIAL DE ESCRITORIO E OUTROS MATERIAIS DE CONSUMO,CENTER PAPEIS COMERCIAL LTDA.,06.226.820/0001-82,"910,95",03/2018
 ADRIANA RAMALHO,PROVEDOR DE INTERNET,TELEFONICA BRASIL S/A,02.558.157/0001-62,"95,70",03/2018
 ADRIANA RAMALHO,TELEFONE MOVEL,TELEFONICA BRASIL S/A,02.558.157/0001-62,"593,82",03/2018
 ADRIANA RAMALHO,ASSINATURA DE JORNAIS E REVISTAS,S.A O ESTADO DE S. PAULO,61.533.949/0001-41,"89,90",04/2018
 ADRIANA RAMALHO,COMBUSTIVEL,POSTO JENNER LTDA,61.699.179/0001-01,"1.425,00",04/2018
 ADRIANA RAMALHO,COMPOSIÇÃO/ARTE/DIAGRAMAÇÃO/PRODUÇÃO/IMPRESSAO GRAFICA,J.L.E. GRÁFICA E EDITORA LTDA - EPP,03.584.717/0001-16,"4.600,00",04/2018
 ADRIANA RAMALHO,COMPOSIÇÃO/ARTE/DIAGRAMAÇÃO/PRODUÇÃO/IMPRESSAO GRAFICA,VISUAL ARTE COPIADORA EIRELLI - ME,13.058.505/0001-59,"80,00",04/2018
 ADRIANA RAMALHO,CONTRATAÇAO DE PESSOA JURIDICA,LOCAWEB SERVIÇOS DE INTERNET S.A.,02.351.877/0001-52,"65,00",04/2018
 ADRIANA RAMALHO,CONTRATAÇAO DE PESSOA JURIDICA,FERNANDO IGNACIO VIEIRA -ME,08.779.025/0001-47,"7.500,00",04/2018
 ADRIANA RAMALHO,CONTRATAÇAO DE PESSOA JURIDICA,CONDE e DELL ARINGA - DESENVOLVIMENTO DE SOFTWARES LTDA - EPP,09.613.772/0001-73,"250,00",04/2018
 ADRIANA RAMALHO,ELABORAÇÃO/MANUTENÇAO DE SITE/HOSPEDAGEM,ALEXSANDRO FERREIRA AUGUSTO,29.831.210/0001-03,"4.000,00",04/2018
 ADRIANA RAMALHO,INTERMEDIADO - CORREIOS,CAMARA MUNICIPAL DE SÃO PAULO,50.176.288/0001-28,"812,40",04/2018
 ADRIANA RAMALHO,INTERMEDIADO - LOCAÇÃO DE VEÍCULOS,CAMARA MUNICIPAL DE SÃO PAULO,50.176.288/0001-28,"2.148,45",04/2018
 ADRIANA RAMALHO,LOCAÇÃO DE MOVEIS E EQUIPAMENTOS,ALOC LOCAÇÃO E COMERCIO DE EQUIPAMENTOS DE INFORMÁTICA LTDA.,07.071.575/0001-44,"1.969,00",04/2018
 ADRIANA RAMALHO,MATERIAL DE ESCRITORIO E OUTROS MATERIAIS DE CONSUMO,CENTER PAPEIS COMERCIAL LTDA.,06.226.820/0001-82,"777,25",04/2018
 ADRIANA RAMALHO,PROVEDOR DE INTERNET,TELEFONICA BRASIL S/A,02.558.157/0001-62,"94,96",04/2018
 ADRIANA RAMALHO,TELEFONE MOVEL,TELEFONICA BRASIL S/A,02.558.157/0001-62,"589,99",04/2018
 ADRIANA RAMALHO,ASSINATURA DE JORNAIS E REVISTAS,S.A O ESTADO DE S. PAULO,61.533.949/0001-41,"89,90",05/2018
 ADRIANA RAMALHO,COMBUSTIVEL,POSTO JENNER LTDA,61.699.179/0001-01,"865,00",05/2018
 ADRIANA RAMALHO,CONTRATAÇAO DE PESSOA JURIDICA,LOCAWEB SERVIÇOS DE INTERNET S.A.,02.351.877/0001-52,"65,00",05/2018
 ADRIANA RAMALHO,CONTRATAÇAO DE PESSOA JURIDICA,FERNANDO IGNACIO VIEIRA -ME,08.779.025/0001-47,"7.500,00",05/2018
 ADRIANA RAMALHO,CONTRATAÇAO DE PESSOA JURIDICA,CONDE e DELL ARINGA - DESENVOLVIMENTO DE SOFTWARES LTDA - EPP,09.613.772/0001-73,"250,00",05/2018
 ADRIANA RAMALHO,ELABORAÇÃO/MANUTENÇAO DE SITE/HOSPEDAGEM,ALEXSANDRO FERREIRA AUGUSTO,29.831.210/0001-03,"4.000,00",05/2018
 ADRIANA RAMALHO,INTERMEDIADO - CORREIOS,CAMARA MUNICIPAL DE SÃO PAULO,50.176.288/0001-28,"2.013,65",05/2018
 ADRIANA RAMALHO,INTERMEDIADO - LOCAÇÃO DE VEÍCULOS,CAMARA MUNICIPAL DE SÃO PAULO,50.176.288/0001-28,"2.148,45",05/2018
 ADRIANA RAMALHO,LOCAÇÃO DE MOVEIS E EQUIPAMENTOS,ALOC LOCAÇÃO E COMERCIO DE EQUIPAMENTOS DE INFORMÁTICA LTDA.,07.071.575/0001-44,"1.969,00",05/2018
 ADRIANA RAMALHO,MATERIAL DE ESCRITORIO E OUTROS MATERIAIS DE CONSUMO,CENTER PAPEIS COMERCIAL LTDA.,06.226.820/0001-82,"963,90",05/2018
 ADRIANA RAMALHO,MATERIAL DE ESCRITORIO E OUTROS MATERIAIS DE CONSUMO,MILTON DE ARAUJO GRAFICA E COPIADORA ME,13.038.410/0001-73,"45,00",05/2018
 ADRIANA RAMALHO,PROVEDOR DE INTERNET,TELEFONICA BRASIL S/A,02.558.157/0001-62,"95,70",05/2018
 ADRIANA RAMALHO,TELEFONE MOVEL,TELEFONICA BRASIL S/A,02.558.157/0001-62,"589,99",05/2018
 ADRIANA RAMALHO,ASSINATURA DE JORNAIS E REVISTAS,S.A O ESTADO DE S. PAULO,61.533.949/0001-41,"89,90",06/2018
 ADRIANA RAMALHO,COMBUSTIVEL,POSTO JENNER LTDA,61.699.179/0001-01,"1.287,00",06/2018
 ADRIANA RAMALHO,COMPOSIÇÃO/ARTE/DIAGRAMAÇÃO/PRODUÇÃO/IMPRESSAO GRAFICA,FUNDAÇÃO DORINA NOWILL PARA CEGOS,60.507.100/0001-30,"350,00",06/2018
 ADRIANA RAMALHO,CONTRATAÇAO DE PESSOA JURIDICA,LOCAWEB SERVIÇOS DE INTERNET S.A.,02.351.877/0001-52,"65,00",06/2018
 ADRIANA RAMALHO,CONTRATAÇAO DE PESSOA JURIDICA,FERNANDO IGNACIO VIEIRA -ME,08.779.025/0001-47,"7.500,00",06/2018
 ADRIANA RAMALHO,CONTRATAÇAO DE PESSOA JURIDICA,CONDE e DELL ARINGA - DESENVOLVIMENTO DE SOFTWARES LTDA - EPP,09.613.772/0001-73,"250,00",06/2018
 ADRIANA RAMALHO,CONTRATAÇAO DE PESSOA JURIDICA,SPT SERVIÇOS EMPRESARIAIS LTDA EPP,14.419.909/0001-93,"185,00",06/2018
 ADRIANA RAMALHO,ELABORAÇÃO/MANUTENÇAO DE SITE/HOSPEDAGEM,ALEXSANDRO FERREIRA AUGUSTO,29.831.210/0001-03,"4.000,00",06/2018
 ADRIANA RAMALHO,INTERMEDIADO - CORREIOS,CAMARA MUNICIPAL DE SÃO PAULO,50.176.288/0001-28,"664,35",06/2018
 ADRIANA RAMALHO,INTERMEDIADO - LOCAÇÃO DE VEÍCULOS,CAMARA MUNICIPAL DE SÃO PAULO,50.176.288/0001-28,"2.148,45",06/2018
 ADRIANA RAMALHO,LOCAÇÃO DE MOVEIS E EQUIPAMENTOS,ALOC LOCAÇÃO E COMERCIO DE EQUIPAMENTOS DE INFORMÁTICA LTDA.,07.071.575/0001-44,"1.969,00",06/2018
 ADRIANA RAMALHO,MATERIAL DE ESCRITORIO E OUTROS MATERIAIS DE CONSUMO,CENTER PAPEIS COMERCIAL LTDA.,06.226.820/0001-82,"1.061,35",06/2018
 ADRIANA RAMALHO,PROVEDOR DE INTERNET,TELEFONICA BRASIL S/A,02.558.157/0001-62,"98,93",06/2018
 ADRIANA RAMALHO,TELEFONE MOVEL,TELEFONICA BRASIL S/A,02.558.157/0001-62,"592,13",06/2018
 ADRIANA RAMALHO,ASSINATURA DE JORNAIS E REVISTAS,S.A O ESTADO DE S. PAULO,61.533.949/0001-41,"89,90",07/2018
 ADRIANA RAMALHO,COMBUSTIVEL,POSTO JENNER LTDA,61.699.179/0001-01,"610,00",07/2018
 ADRIANA RAMALHO,COMPOSIÇÃO/ARTE/DIAGRAMAÇÃO/PRODUÇÃO/IMPRESSAO GRAFICA,VISUAL ARTE COPIADORA EIRELLI - ME,13.058.505/0001-59,"200,00",07/2018
 ADRIANA RAMALHO,CONTRATAÇAO DE PESSOA JURIDICA,LOCAWEB SERVIÇOS DE INTERNET S.A.,02.351.877/0001-52,"65,00",07/2018
 ADRIANA RAMALHO,CONTRATAÇAO DE PESSOA JURIDICA,FERNANDO IGNACIO VIEIRA -ME,08.779.025/0001-47,"7.500,00",07/2018
 ADRIANA RAMALHO,CONTRATAÇAO DE PESSOA JURIDICA,CONDE e DELL ARINGA - DESENVOLVIMENTO DE SOFTWARES LTDA - EPP,09.613.772/0001-73,"250,00",07/2018
 ADRIANA RAMALHO,ELABORAÇÃO/MANUTENÇAO DE SITE/HOSPEDAGEM,ALEXSANDRO FERREIRA AUGUSTO,29.831.210/0001-03,"4.000,00",07/2018
 ADRIANA RAMALHO,EVENTOS/SEMINARIOS,VIVAGRAF COMERCIO DE PRODUTOS PROMOCIONAIS EIRELI,25.200.006/0001-33,"650,00",07/2018
 ADRIANA RAMALHO,INTERMEDIADO - CORREIOS,CAMARA MUNICIPAL DE SÃO PAULO,50.176.288/0001-28,"16,56",07/2018
 ADRIANA RAMALHO,INTERMEDIADO - LOCAÇÃO DE VEÍCULOS,CAMARA MUNICIPAL DE SÃO PAULO,50.176.288/0001-28,"2.148,45",07/2018
 ADRIANA RAMALHO,LOCAÇÃO DE MOVEIS E EQUIPAMENTOS,ALOC LOCAÇÃO E COMERCIO DE EQUIPAMENTOS DE INFORMÁTICA LTDA.,07.071.575/0001-44,"1.969,00",07/2018
 ADRIANA RAMALHO,PROVEDOR DE INTERNET,TELEFONICA BRASIL S/A,02.558.157/0001-62,"101,28",07/2018
 ADRIANA RAMALHO,TELEFONE MOVEL,TELEFONICA BRASIL S/A,02.558.157/0001-62,"596,22",07/2018
 ADRIANA RAMALHO,ASSINATURA DE JORNAIS E REVISTAS,S.A O ESTADO DE S. PAULO,61.533.949/0001-41,"89,90",08/2018
 ADRIANA RAMALHO,COMBUSTIVEL,POSTO JENNER LTDA,61.699.179/0001-01,"1.487,10",08/2018
 ADRIANA RAMALHO,COMPOSIÇÃO/ARTE/DIAGRAMAÇÃO/PRODUÇÃO/IMPRESSAO GRAFICA,J.L.E. GRÁFICA E EDITORA LTDA - EPP,03.584.717/0001-16,"2.350,00",08/2018
 ADRIANA RAMALHO,CONTRATAÇAO DE PESSOA JURIDICA,LOCAWEB SERVIÇOS DE INTERNET S.A.,02.351.877/0001-52,"65,00",08/2018
 ADRIANA RAMALHO,CONTRATAÇAO DE PESSOA JURIDICA,FERNANDO IGNACIO VIEIRA -ME,08.779.025/0001-47,"7.500,00",08/2018
 ADRIANA RAMALHO,CONTRATAÇAO DE PESSOA JURIDICA,CONDE e DELL ARINGA - DESENVOLVIMENTO DE SOFTWARES LTDA - EPP,09.613.772/0001-73,"250,00",08/2018
 ADRIANA RAMALHO,ELABORAÇÃO/MANUTENÇAO DE SITE/HOSPEDAGEM,ALEXSANDRO FERREIRA AUGUSTO,29.831.210/0001-03,"4.000,00",08/2018
 ADRIANA RAMALHO,INTERMEDIADO - CORREIOS,CAMARA MUNICIPAL DE SÃO PAULO,50.176.288/0001-28,"1.214,40",08/2018
 ADRIANA RAMALHO,INTERMEDIADO - LOCAÇÃO DE VEÍCULOS,CAMARA MUNICIPAL DE SÃO PAULO,50.176.288/0001-28,"2.148,45",08/2018
 ADRIANA RAMALHO,LOCAÇÃO DE MOVEIS E EQUIPAMENTOS,ALOC LOCAÇÃO E COMERCIO DE EQUIPAMENTOS DE INFORMÁTICA LTDA.,07.071.575/0001-44,"1.969,00",08/2018
 ADRIANA RAMALHO,MATERIAL DE ESCRITORIO E OUTROS MATERIAIS DE CONSUMO,CENTER PAPEIS COMERCIAL LTDA.,06.226.820/0001-82,"1.822,60",08/2018
 ADRIANA RAMALHO,MATERIAL DE ESCRITORIO E OUTROS MATERIAIS DE CONSUMO,KALUNGA COMÉRCIO INDUSTRIA GRÁFICA LTDA,43.283.811/0139-95,"44,80",08/2018
 ADRIANA RAMALHO,PROVEDOR DE INTERNET,TELEFONICA BRASIL S/A,02.558.157/0001-62,"101,28",08/2018
 ADRIANA RAMALHO,TELEFONE MOVEL,TELEFONICA BRASIL S/A,02.558.157/0001-62,"593,67",08/2018
 ADRIANA RAMALHO,ASSINATURA DE JORNAIS E REVISTAS,S.A O ESTADO DE S. PAULO,61.533.949/0001-41,"89,90",09/2018
 ADRIANA RAMALHO,COMBUSTIVEL,POSTO JENNER LTDA,61.699.179/0001-01,"1.257,00",09/2018
 ADRIANA RAMALHO,COMPOSIÇÃO/ARTE/DIAGRAMAÇÃO/PRODUÇÃO/IMPRESSAO GRAFICA,VISUAL ARTE COPIADORA EIRELLI - ME,13.058.505/0001-59,"140,00",09/2018
 ADRIANA RAMALHO,CONTRATAÇAO DE PESSOA JURIDICA,LOCAWEB SERVIÇOS DE INTERNET S.A.,02.351.877/0001-52,"65,00",09/2018
 ADRIANA RAMALHO,CONTRATAÇAO DE PESSOA JURIDICA,FERNANDO IGNACIO VIEIRA -ME,08.779.025/0001-47,"7.500,00",09/2018
 ADRIANA RAMALHO,CONTRATAÇAO DE PESSOA JURIDICA,CONDE e DELL ARINGA - DESENVOLVIMENTO DE SOFTWARES LTDA - EPP,09.613.772/0001-73,"250,00",09/2018
 ADRIANA RAMALHO,ELABORAÇÃO/MANUTENÇAO DE SITE/HOSPEDAGEM,ALEXSANDRO FERREIRA AUGUSTO,29.831.210/0001-03,"4.000,00",09/2018
 ADRIANA RAMALHO,EVENTOS/SEMINARIOS,VIVAGRAF COMERCIO DE PRODUTOS PROMOCIONAIS EIRELI,25.200.006/0001-33,"260,00",09/2018
 ADRIANA RAMALHO,INTERMEDIADO - CORREIOS,CAMARA MUNICIPAL DE SÃO PAULO,50.176.288/0001-28,"1.636,75",09/2018
 ADRIANA RAMALHO,INTERMEDIADO - LOCAÇÃO DE VEÍCULOS,CAMARA MUNICIPAL DE SÃO PAULO,50.176.288/0001-28,"2.148,45",09/2018
 ADRIANA RAMALHO,LOCAÇÃO DE MOVEIS E EQUIPAMENTOS,ALOC LOCAÇÃO E COMERCIO DE EQUIPAMENTOS DE INFORMÁTICA LTDA.,07.071.575/0001-44,"1.969,00",09/2018
 ADRIANA RAMALHO,MATERIAL DE ESCRITORIO E OUTROS MATERIAIS DE CONSUMO,CENTER PAPEIS COMERCIAL LTDA.,06.226.820/0001-82,"1.059,75",09/2018
 ADRIANA RAMALHO,PROVEDOR DE INTERNET,TELEFONICA BRASIL S/A,02.558.157/0001-62,"101,28",09/2018
 ADRIANA RAMALHO,TELEFONE MOVEL,TELEFONICA BRASIL S/A,02.558.157/0001-62,"606,91",09/2018
 ADRIANA RAMALHO,ASSINATURA DE JORNAIS E REVISTAS,S.A O ESTADO DE S. PAULO,61.533.949/0001-41,"89,90",10/2018
 ADRIANA RAMALHO,COMBUSTIVEL,POSTO JENNER LTDA,61.699.179/0001-01,"1.165,00",10/2018
 ADRIANA RAMALHO,CONTRATAÇAO DE PESSOA JURIDICA,LOCAWEB SERVIÇOS DE INTERNET S.A.,02.351.877/0001-52,"65,00",10/2018
 ADRIANA RAMALHO,CONTRATAÇAO DE PESSOA JURIDICA,FERNANDO IGNACIO VIEIRA -ME,08.779.025/0001-47,"7.500,00",10/2018
 ADRIANA RAMALHO,CONTRATAÇAO DE PESSOA JURIDICA,CONDE e DELL ARINGA - DESENVOLVIMENTO DE SOFTWARES LTDA - EPP,09.613.772/0001-73,"250,00",10/2018
 ADRIANA RAMALHO,ELABORAÇÃO/MANUTENÇAO DE SITE/HOSPEDAGEM,ALEXSANDRO FERREIRA AUGUSTO,29.831.210/0001-03,"4.000,00",10/2018
 ADRIANA RAMALHO,INTERMEDIADO - CORREIOS,CAMARA MUNICIPAL DE SÃO PAULO,50.176.288/0001-28,"506,54",10/2018
 ADRIANA RAMALHO,INTERMEDIADO - LOCAÇÃO DE VEÍCULOS,CAMARA MUNICIPAL DE SÃO PAULO,50.176.288/0001-28,"2.148,45",10/2018
 ADRIANA RAMALHO,LOCAÇÃO DE MOVEIS E EQUIPAMENTOS,ALOC LOCAÇÃO E COMERCIO DE EQUIPAMENTOS DE INFORMÁTICA LTDA.,07.071.575/0001-44,"1.969,00",10/2018
 ADRIANA RAMALHO,MATERIAL DE ESCRITORIO E OUTROS MATERIAIS DE CONSUMO,CENTER PAPEIS COMERCIAL LTDA.,06.226.820/0001-82,"381,30",10/2018
 ADRIANA RAMALHO,PROVEDOR DE INTERNET,TELEFONICA BRASIL S/A,02.558.157/0001-62,"101,28",10/2018
 ADRIANA RAMALHO,TELEFONE MOVEL,TELEFONICA BRASIL S/A,02.558.157/0001-62,"611,18",10/2018
 ADRIANA RAMALHO,ASSINATURA DE JORNAIS E REVISTAS,S.A O ESTADO DE S. PAULO,61.533.949/0001-41,"89,90",11/2018
 ADRIANA RAMALHO,COMBUSTIVEL,POSTO JENNER LTDA,61.699.179/0001-01,"679,00",11/2018
 ADRIANA RAMALHO,COMPOSIÇÃO/ARTE/DIAGRAMAÇÃO/PRODUÇÃO/IMPRESSAO GRAFICA,VISUAL ARTE COPIADORA EIRELLI - ME,13.058.505/0001-59,"60,00",11/2018
 ADRIANA RAMALHO,CONTRATAÇAO DE PESSOA JURIDICA,FERNANDO IGNACIO VIEIRA -ME,08.779.025/0001-47,"7.500,00",11/2018
 ADRIANA RAMALHO,CONTRATAÇAO DE PESSOA JURIDICA,CONDE e DELL ARINGA - DESENVOLVIMENTO DE SOFTWARES LTDA - EPP,09.613.772/0001-73,"250,00",11/2018
 ADRIANA RAMALHO,ELABORAÇÃO/MANUTENÇAO DE SITE/HOSPEDAGEM,ALEXSANDRO FERREIRA AUGUSTO,29.831.210/0001-03,"4.000,00",11/2018
 ADRIANA RAMALHO,INTERMEDIADO - CORREIOS,CAMARA MUNICIPAL DE SÃO PAULO,50.176.288/0001-28,"403,46",11/2018
 ADRIANA RAMALHO,INTERMEDIADO - LOCAÇÃO DE VEÍCULOS,CAMARA MUNICIPAL DE SÃO PAULO,50.176.288/0001-28,"2.148,45",11/2018
 ADRIANA RAMALHO,LOCAÇÃO DE MOVEIS E EQUIPAMENTOS,ALOC LOCAÇÃO E COMERCIO DE EQUIPAMENTOS DE INFORMÁTICA LTDA.,07.071.575/0001-44,"1.969,00",11/2018
 ADRIANA RAMALHO,MATERIAL DE ESCRITORIO E OUTROS MATERIAIS DE CONSUMO,CENTER PAPEIS COMERCIAL LTDA.,06.226.820/0001-82,"1.070,65",11/2018
 ADRIANA RAMALHO,PROVEDOR DE INTERNET,TELEFONICA BRASIL S/A,02.558.157/0001-62,"101,28",11/2018
 ADRIANA RAMALHO,TELEFONE MOVEL,TELEFONICA BRASIL S/A,02.558.157/0001-62,"600,36",11/2018
 ADRIANA RAMALHO,ASSINATURA DE JORNAIS E REVISTAS,S.A O ESTADO DE S. PAULO,61.533.949/0001-41,"89,90",12/2018
 ADRIANA RAMALHO,COMBUSTIVEL,POSTO JENNER LTDA,61.699.179/0001-01,"751,00",12/2018
 ADRIANA RAMALHO,CONTRATAÇAO DE PESSOA JURIDICA,LOCAWEB SERVIÇOS DE INTERNET S.A.,02.351.877/0001-52,"65,00",12/2018
 ADRIANA RAMALHO,CONTRATAÇAO DE PESSOA JURIDICA,FERNANDO IGNACIO VIEIRA -ME,08.779.025/0001-47,"7.500,00",12/2018
 ADRIANA RAMALHO,CONTRATAÇAO DE PESSOA JURIDICA,CONDE e DELL ARINGA - DESENVOLVIMENTO DE SOFTWARES LTDA - EPP,09.613.772/0001-73,"250,00",12/2018
 ADRIANA RAMALHO,INTERMEDIADO - CORREIOS,CAMARA MUNICIPAL DE SÃO PAULO,50.176.288/0001-28,"689,94",12/2018
 ADRIANA RAMALHO,INTERMEDIADO - LOCAÇÃO DE VEÍCULOS,CAMARA MUNICIPAL DE SÃO PAULO,50.176.288/0001-28,"2.148,45",12/2018
 ADRIANA RAMALHO,LOCAÇÃO DE MOVEIS E EQUIPAMENTOS,ALOC LOCAÇÃO E COMERCIO DE EQUIPAMENTOS DE INFORMÁTICA LTDA.,07.071.575/0001-44,"1.969,00",12/2018
 ADRIANA RAMALHO,MATERIAL DE ESCRITORIO E OUTROS MATERIAIS DE CONSUMO,CENTER PAPEIS COMERCIAL LTDA.,06.226.820/0001-82,"971,55",12/2018
 ADRIANA RAMALHO,PROVEDOR DE INTERNET,TELEFONICA BRASIL S/A,02.558.157/0001-62,"101,28",12/2018
 ADRIANA RAMALHO,TELEFONE MOVEL,TELEFONICA BRASIL S/A,02.558.157/0001-62,"600,59",12/2018
 ADRIANA RAMALHO,ASSINATURA DE JORNAIS E REVISTAS,S.A O ESTADO DE S. PAULO,61.533.949/0001-41,"89,90",01/2019
 ADRIANA RAMALHO,COMBUSTIVEL,POSTO JENNER LTDA,61.699.179/0001-01,"637,00",01/2019
 ADRIANA RAMALHO,COMPOSIÇÃO/ARTE/DIAGRAMAÇÃO/PRODUÇÃO/IMPRESSAO GRAFICA,J.L.E. GRÁFICA E EDITORA LTDA - EPP,03.584.717/0001-16,"1.900,00",01/2019
 ADRIANA RAMALHO,CONTRATAÇAO DE PESSOA JURIDICA,LOCAWEB SERVIÇOS DE INTERNET S.A.,02.351.877/0001-52,"65,00",01/2019
 ADRIANA RAMALHO,CONTRATAÇAO DE PESSOA JURIDICA,FERNANDO IGNACIO VIEIRA -ME,08.779.025/0001-47,"7.500,00",01/2019
 ADRIANA RAMALHO,CONTRATAÇAO DE PESSOA JURIDICA,CONDE e DELL ARINGA - DESENVOLVIMENTO DE SOFTWARES LTDA - EPP,09.613.772/0001-73,"250,00",01/2019
 ADRIANA RAMALHO,ELABORAÇÃO/MANUTENÇAO DE SITE/HOSPEDAGEM,FERNANDO IGNACIO VIEIRA -ME,08.779.025/0001-47,"4.000,00",01/2019
 ADRIANA RAMALHO,INTERMEDIADO - CORREIOS,CAMARA MUNICIPAL DE SÃO PAULO,50.176.288/0001-28,"688,55",01/2019
 ADRIANA RAMALHO,INTERMEDIADO - LOCAÇÃO DE VEÍCULOS,CAMARA MUNICIPAL DE SÃO PAULO,50.176.288/0001-28,"2.199,17",01/2019
 ADRIANA RAMALHO,LOCAÇÃO DE MOVEIS E EQUIPAMENTOS,ALOC LOCAÇÃO E COMERCIO DE EQUIPAMENTOS DE INFORMÁTICA LTDA.,07.071.575/0001-44,"1.969,00",01/2019
 ADRIANA RAMALHO,MATERIAL DE ESCRITORIO E OUTROS MATERIAIS DE CONSUMO,CENTER PAPEIS COMERCIAL LTDA.,06.226.820/0001-82,"1.102,05",01/2019
 ADRIANA RAMALHO,PROVEDOR DE INTERNET,TELEFONICA BRASIL S/A,02.558.157/0001-62,"101,28",01/2019
 ADRIANA RAMALHO,TELEFONE MOVEL,TELEFONICA BRASIL S/A,02.558.157/0001-62,"609,71",01/2019
 ADRIANA RAMALHO,ASSINATURA DE JORNAIS E REVISTAS,S.A O ESTADO DE S. PAULO,61.533.949/0001-41,"102,90",02/2019
 ADRIANA RAMALHO,COMBUSTIVEL,POSTO JENNER LTDA,61.699.179/0001-01,"1.773,00",02/2019
 ADRIANA RAMALHO,COMPOSIÇÃO/ARTE/DIAGRAMAÇÃO/PRODUÇÃO/IMPRESSAO GRAFICA,VISUAL ARTE COPIADORA EIRELLI - ME,13.058.505/0001-59,"120,00",02/2019
 ADRIANA RAMALHO,COMPOSIÇÃO/ARTE/DIAGRAMAÇÃO/PRODUÇÃO/IMPRESSAO GRAFICA,GRÁFICA E EDITORA SERRANO LTDA,62.835.962/0001-18,"1.550,00",02/2019
 ADRIANA RAMALHO,CONTRATAÇAO DE PESSOA JURIDICA,LOCAWEB SERVIÇOS DE INTERNET S.A.,02.351.877/0001-52,"460,83",02/2019
 ADRIANA RAMALHO,CONTRATAÇAO DE PESSOA JURIDICA,FERNANDO IGNACIO VIEIRA -ME,08.779.025/0001-47,"7.000,00",02/2019
 ADRIANA RAMALHO,CONTRATAÇAO DE PESSOA JURIDICA,CONDE e DELL ARINGA - DESENVOLVIMENTO DE SOFTWARES LTDA - EPP,09.613.772/0001-73,"250,00",02/2019
 ADRIANA RAMALHO,ELABORAÇÃO/MANUTENÇAO DE SITE/HOSPEDAGEM,FERNANDO IGNACIO VIEIRA -ME,08.779.025/0001-47,"7.000,00",02/2019
 ADRIANA RAMALHO,INTERMEDIADO - CORREIOS,CAMARA MUNICIPAL DE SÃO PAULO,50.176.288/0001-28,"1.412,87",02/2019
 ADRIANA RAMALHO,INTERMEDIADO - LOCAÇÃO DE VEÍCULOS,CAMARA MUNICIPAL DE SÃO PAULO,50.176.288/0001-28,"2.214,62",02/2019
 ADRIANA RAMALHO,LOCAÇÃO DE MOVEIS E EQUIPAMENTOS,ALOC LOCAÇÃO E COMERCIO DE EQUIPAMENTOS DE INFORMÁTICA LTDA.,07.071.575/0001-44,"1.969,00",02/2019
 ADRIANA RAMALHO,MATERIAL DE ESCRITORIO E OUTROS MATERIAIS DE CONSUMO,CENTER PAPEIS COMERCIAL LTDA.,06.226.820/0001-82,"831,55",02/2019
 ADRIANA RAMALHO,PROVEDOR DE INTERNET,TELEFONICA BRASIL S/A,02.558.157/0001-62,"101,28",02/2019
 ADRIANA RAMALHO,TELEFONE MOVEL,TELEFONICA BRASIL S/A,02.558.157/0001-62,"657,57",02/2019
 ADRIANA RAMALHO,ASSINATURA DE JORNAIS E REVISTAS,EMPRESA FOLHA DA MANHÃ S.A.,60.579.703/0031-63,"1.996,80",03/2019
 ADRIANA RAMALHO,ASSINATURA DE JORNAIS E REVISTAS,S.A O ESTADO DE S. PAULO,61.533.949/0001-41,"102,90",03/2019
 ADRIANA RAMALHO,COMBUSTIVEL,POSTO JENNER LTDA,61.699.179/0001-01,"1.446,22",03/2019
 ADRIANA RAMALHO,COMPOSIÇÃO/ARTE/DIAGRAMAÇÃO/PRODUÇÃO/IMPRESSAO GRAFICA,VISUAL ARTE COPIADORA EIRELLI - ME,13.058.505/0001-59,"200,00",03/2019
 ADRIANA RAMALHO,CONTRATAÇAO DE PESSOA JURIDICA,LOCAWEB SERVIÇOS DE INTERNET S.A.,02.351.877/0001-52,"65,00",03/2019
 ADRIANA RAMALHO,CONTRATAÇAO DE PESSOA JURIDICA,FERNANDO IGNACIO VIEIRA -ME,08.779.025/0001-47,"7.000,00",03/2019
 ADRIANA RAMALHO,CONTRATAÇAO DE PESSOA JURIDICA,CONDE e DELL ARINGA - DESENVOLVIMENTO DE SOFTWARES LTDA - EPP,09.613.772/0001-73,"250,00",03/2019
 ADRIANA RAMALHO,ELABORAÇÃO/MANUTENÇAO DE SITE/HOSPEDAGEM,FERNANDO IGNACIO VIEIRA -ME,08.779.025/0001-47,"7.000,00",03/2019
 ADRIANA RAMALHO,INTERMEDIADO - CORREIOS,CAMARA MUNICIPAL DE SÃO PAULO,50.176.288/0001-28,"906,90",03/2019
 ADRIANA RAMALHO,INTERMEDIADO - LOCAÇÃO DE VEÍCULOS,CAMARA MUNICIPAL DE SÃO PAULO,50.176.288/0001-28,"2.214,62",03/2019
 ADRIANA RAMALHO,LOCAÇÃO DE MOVEIS E EQUIPAMENTOS,ALOC LOCAÇÃO E COMERCIO DE EQUIPAMENTOS DE INFORMÁTICA LTDA.,07.071.575/0001-44,"1.969,00",03/2019
 ADRIANA RAMALHO,MATERIAL DE ESCRITORIO E OUTROS MATERIAIS DE CONSUMO,KALUNGA COMÉRCIO E INDÚSTRIA GRÁFICA LTDA.,43.283.811/0012-02,"362,40",03/2019
 ADRIANA RAMALHO,PROVEDOR DE INTERNET,TELEFONICA BRASIL S/A,02.558.157/0001-62,"101,28",03/2019
 ADRIANA RAMALHO,TELEFONE MOVEL,TELEFONICA BRASIL S/A,02.558.157/0001-62,"606,46",03/2019
 ADRIANA RAMALHO,ASSINATURA DE JORNAIS E REVISTAS,EDITORA GLOBO S.A. PARQUE GRÁFICO,04.067.191/0007-55,"418,80",04/2019
 ADRIANA RAMALHO,ASSINATURA DE JORNAIS E REVISTAS,S.A O ESTADO DE S. PAULO,61.533.949/0001-41,"102,90",04/2019
 ADRIANA RAMALHO,COMBUSTIVEL,POSTO JENNER LTDA,61.699.179/0001-01,"1.403,00",04/2019
 ADRIANA RAMALHO,COMPOSIÇÃO/ARTE/DIAGRAMAÇÃO/PRODUÇÃO/IMPRESSAO GRAFICA,GRÁFICA E EDITORA SERRANO LTDA,62.835.962/0001-18,"4.800,00",04/2019
 ADRIANA RAMALHO,CONTRATAÇAO DE PESSOA JURIDICA,LOCAWEB SERVIÇOS DE INTERNET S.A.,02.351.877/0001-52,"65,00",04/2019
 ADRIANA RAMALHO,CONTRATAÇAO DE PESSOA JURIDICA,CONDE e DELL ARINGA - DESENVOLVIMENTO DE SOFTWARES LTDA - EPP,09.613.772/0001-73,"250,00",04/2019
 ADRIANA RAMALHO,INTERMEDIADO - CORREIOS,CAMARA MUNICIPAL DE SÃO PAULO,50.176.288/0001-28,"2.835,30",04/2019
 ADRIANA RAMALHO,INTERMEDIADO - LOCAÇÃO DE VEÍCULOS,CAMARA MUNICIPAL DE SÃO PAULO,50.176.288/0001-28,"2.214,62",04/2019
 ADRIANA RAMALHO,LOCAÇÃO DE MOVEIS E EQUIPAMENTOS,K2G SUPRIMENTOS DE IMPRESSÃO E INFORMATICA EIRELLI - ME,19.367.661/0001-88,"530,00",04/2019
 ADRIANA RAMALHO,MATERIAL DE ESCRITORIO E OUTROS MATERIAIS DE CONSUMO,CENTER PAPEIS COMERCIAL LTDA.,06.226.820/0001-82,"1.128,55",04/2019
 ADRIANA RAMALHO,PROVEDOR DE INTERNET,TELEFONICA BRASIL S/A,02.558.157/0001-62,"100,02",04/2019
 ADRIANA RAMALHO,TELEFONE MOVEL,TELEFONICA BRASIL S/A,02.558.157/0001-62,"612,35",04/2019
 ADRIANA RAMALHO,ASSINATURA DE JORNAIS E REVISTAS,S.A O ESTADO DE S. PAULO,61.533.949/0001-41,"102,90",05/2019
 ADRIANA RAMALHO,COMBUSTIVEL,POSTO JENNER LTDA,61.699.179/0001-01,"1.128,00",05/2019
 ADRIANA RAMALHO,COMPOSIÇÃO/ARTE/DIAGRAMAÇÃO/PRODUÇÃO/IMPRESSAO GRAFICA,VISUAL ARTE COPIADORA EIRELLI - ME,13.058.505/0001-59,"240,00",05/2019
 ADRIANA RAMALHO,COMPOSIÇÃO/ARTE/DIAGRAMAÇÃO/PRODUÇÃO/IMPRESSAO GRAFICA,GRÁFICA E EDITORA SERRANO LTDA,62.835.962/0001-18,"3.250,00",05/2019
 ADRIANA RAMALHO,CONTRATAÇAO DE PESSOA JURIDICA,LOCAWEB SERVIÇOS DE INTERNET S.A.,02.351.877/0001-52,"65,00",05/2019
 ADRIANA RAMALHO,CONTRATAÇAO DE PESSOA JURIDICA,CONDE e DELL ARINGA - DESENVOLVIMENTO DE SOFTWARES LTDA - EPP,09.613.772/0001-73,"250,00",05/2019
 ADRIANA RAMALHO,EVENTOS/SEMINARIOS,PLENAPRINT GRAFICA E EDITORA EIRELI,14.674.740/0001-18,"310,00",05/2019
 ADRIANA RAMALHO,EVENTOS/SEMINARIOS,DANIEL DE ALMEIDA PRADO GUIMARAES,29.739.731/0001-35,"700,00",05/2019
 ADRIANA RAMALHO,INTERMEDIADO - CORREIOS,CAMARA MUNICIPAL DE SÃO PAULO,50.176.288/0001-28,"662,98",05/2019
 ADRIANA RAMALHO,INTERMEDIADO - LOCAÇÃO DE VEÍCULOS,CAMARA MUNICIPAL DE SÃO PAULO,50.176.288/0001-28,"2.214,62",05/2019
 ADRIANA RAMALHO,LOCAÇÃO DE MOVEIS E EQUIPAMENTOS,K2G SUPRIMENTOS DE IMPRESSÃO E INFORMATICA EIRELLI - ME,19.367.661/0001-88,"530,00",05/2019
 ADRIANA RAMALHO,MATERIAL DE ESCRITORIO E OUTROS MATERIAIS DE CONSUMO,CENTER PAPEIS COMERCIAL LTDA.,06.226.820/0001-82,"901,25",05/2019
 ADRIANA RAMALHO,PROVEDOR DE INTERNET,TELEFONICA BRASIL S/A,02.558.157/0001-62,"108,54",05/2019
 ADRIANA RAMALHO,TELEFONE MOVEL,TELEFONICA BRASIL S/A,02.558.157/0001-62,"600,48",05/2019
 ADRIANA RAMALHO,ASSINATURA DE JORNAIS E REVISTAS,S.A O ESTADO DE S. PAULO,61.533.949/0001-41,"102,90",06/2019
 ADRIANA RAMALHO,COMBUSTIVEL,POSTO JENNER LTDA,61.699.179/0001-01,"1.222,00",06/2019
 ADRIANA RAMALHO,COMPOSIÇÃO/ARTE/DIAGRAMAÇÃO/PRODUÇÃO/IMPRESSAO GRAFICA,PLENAPRINT GRAFICA E EDITORA EIRELI,14.674.740/0001-18,"2.781,00",06/2019
 ADRIANA RAMALHO,CONTRATAÇAO DE PESSOA JURIDICA,LOCAWEB SERVIÇOS DE INTERNET S.A.,02.351.877/0001-52,"65,00",06/2019
 ADRIANA RAMALHO,CONTRATAÇAO DE PESSOA JURIDICA,CONDE e DELL ARINGA - DESENVOLVIMENTO DE SOFTWARES LTDA - EPP,09.613.772/0001-73,"250,00",06/2019
 ADRIANA RAMALHO,INTERMEDIADO - CORREIOS,CAMARA MUNICIPAL DE SÃO PAULO,50.176.288/0001-28,"1.952,32",06/2019
 ADRIANA RAMALHO,INTERMEDIADO - LOCAÇÃO DE VEÍCULOS,CAMARA MUNICIPAL DE SÃO PAULO,50.176.288/0001-28,"2.214,62",06/2019
 ADRIANA RAMALHO,LOCAÇÃO DE MOVEIS E EQUIPAMENTOS,K2G SUPRIMENTOS DE IMPRESSÃO E INFORMATICA EIRELLI - ME,19.367.661/0001-88,"530,00",06/2019
 ADRIANA RAMALHO,MATERIAL DE ESCRITORIO E OUTROS MATERIAIS DE CONSUMO,CENTER PAPEIS COMERCIAL LTDA.,06.226.820/0001-82,"1.191,60",06/2019
 ADRIANA RAMALHO,MATERIAL DE ESCRITORIO E OUTROS MATERIAIS DE CONSUMO,K2G SUPRIMENTOS DE IMPRESSÃO E INFORMATICA EIRELLI - ME,19.367.661/0001-88,"260,00",06/2019
 ADRIANA RAMALHO,PROVEDOR DE INTERNET,TELEFONICA BRASIL S/A,02.558.157/0001-62,"108,54",06/2019
 ADRIANA RAMALHO,TELEFONE MOVEL,TELEFONICA BRASIL S/A,02.558.157/0001-62,"599,99",06/2019
 ADRIANA RAMALHO,ASSINATURA DE JORNAIS E REVISTAS,S.A O ESTADO DE S. PAULO,61.533.949/0001-41,"102,90",07/2019
 ADRIANA RAMALHO,COMBUSTIVEL,POSTO JENNER LTDA,61.699.179/0001-01,"997,00",07/2019
 ADRIANA RAMALHO,COMPOSIÇÃO/ARTE/DIAGRAMAÇÃO/PRODUÇÃO/IMPRESSAO GRAFICA,VISUAL ARTE COPIADORA EIRELLI - ME,13.058.505/0001-59,"160,00",07/2019
 ADRIANA RAMALHO,COMPOSIÇÃO/ARTE/DIAGRAMAÇÃO/PRODUÇÃO/IMPRESSAO GRAFICA,GRÁFICA E EDITORA SERRANO LTDA,62.835.962/0001-18,"1.800,00",07/2019
 ADRIANA RAMALHO,CONTRATAÇAO DE PESSOA JURIDICA,LOCAWEB SERVIÇOS DE INTERNET S.A.,02.351.877/0001-52,"65,00",07/2019
 ADRIANA RAMALHO,CONTRATAÇAO DE PESSOA JURIDICA,CONDE e DELL ARINGA - DESENVOLVIMENTO DE SOFTWARES LTDA - EPP,09.613.772/0001-73,"250,00",07/2019
 ADRIANA RAMALHO,INTERMEDIADO - CORREIOS,CAMARA MUNICIPAL DE SÃO PAULO,50.176.288/0001-28,"1.666,80",07/2019
 ADRIANA RAMALHO,INTERMEDIADO - LOCAÇÃO DE VEÍCULOS,CAMARA MUNICIPAL DE SÃO PAULO,50.176.288/0001-28,"2.214,62",07/2019
 ADRIANA RAMALHO,LOCAÇÃO DE MOVEIS E EQUIPAMENTOS,K2G SUPRIMENTOS DE IMPRESSÃO E INFORMATICA EIRELLI - ME,19.367.661/0001-88,"780,00",07/2019
 ADRIANA RAMALHO,MATERIAL DE ESCRITORIO E OUTROS MATERIAIS DE CONSUMO,CENTER PAPEIS COMERCIAL LTDA.,06.226.820/0001-82,"413,65",07/2019
 ADRIANA RAMALHO,MATERIAL DE ESCRITORIO E OUTROS MATERIAIS DE CONSUMO,KALUNGA COM. E IND. GRÁFICA LTDA,43.283.811/0177-10,"36,90",07/2019
 ADRIANA RAMALHO,PROVEDOR DE INTERNET,TELEFONICA BRASIL S/A,02.558.157/0001-62,"108,54",07/2019
 ADRIANA RAMALHO,TELEFONE MOVEL,TELEFONICA BRASIL S/A,02.558.157/0001-62,"602,52",07/2019
 ADRIANA RAMALHO,ASSINATURA DE JORNAIS E REVISTAS,S.A O ESTADO DE S. PAULO,61.533.949/0001-41,"102,90",08/2019
 ADRIANA RAMALHO,COMBUSTIVEL,POSTO JENNER LTDA,61.699.179/0001-01,"1.229,76",08/2019
 ADRIANA RAMALHO,COMPOSIÇÃO/ARTE/DIAGRAMAÇÃO/PRODUÇÃO/IMPRESSAO GRAFICA,GRÁFICA E EDITORA SERRANO LTDA,62.835.962/0001-18,"1.550,00",08/2019
 ADRIANA RAMALHO,CONTRATAÇAO DE PESSOA JURIDICA,LOCAWEB SERVIÇOS DE INTERNET S.A.,02.351.877/0001-52,"65,00",08/2019
 ADRIANA RAMALHO,CONTRATAÇAO DE PESSOA JURIDICA,CONDE e DELL ARINGA - DESENVOLVIMENTO DE SOFTWARES LTDA - EPP,09.613.772/0001-73,"250,00",08/2019
 ADRIANA RAMALHO,CONTRATAÇAO DE PESSOA JURIDICA,VINICIUS VIEIRA DE OLIVEIRA,34.132.458/0001-16,"3.000,00",08/2019
 ADRIANA RAMALHO,INTERMEDIADO - CORREIOS,CAMARA MUNICIPAL DE SÃO PAULO,50.176.288/0001-28,"1.429,70",08/2019
 ADRIANA RAMALHO,INTERMEDIADO - LOCAÇÃO DE VEÍCULOS,CAMARA MUNICIPAL DE SÃO PAULO,50.176.288/0001-28,"2.214,62",08/2019
 ADRIANA RAMALHO,LOCAÇÃO DE MOVEIS E EQUIPAMENTOS,K2G SUPRIMENTOS DE IMPRESSÃO E INFORMATICA EIRELLI - ME,19.367.661/0001-88,"780,00",08/2019
 ADRIANA RAMALHO,MATERIAL DE ESCRITORIO E OUTROS MATERIAIS DE CONSUMO,CENTER PAPEIS COMERCIAL LTDA.,06.226.820/0001-82,"746,30",08/2019
 ADRIANA RAMALHO,PROVEDOR DE INTERNET,TELEFONICA BRASIL S/A,02.558.157/0001-62,"108,54",08/2019
 ADRIANA RAMALHO,TELEFONE MOVEL,TELEFONICA BRASIL S/A,02.558.157/0001-62,"609,26",08/2019
 ADRIANA RAMALHO,ASSINATURA DE JORNAIS E REVISTAS,S.A O ESTADO DE S. PAULO,61.533.949/0001-41,"102,90",09/2019
 ADRIANA RAMALHO,COMBUSTIVEL,POSTO JENNER LTDA,61.699.179/0001-01,"1.227,00",09/2019
 ADRIANA RAMALHO,COMPOSIÇÃO/ARTE/DIAGRAMAÇÃO/PRODUÇÃO/IMPRESSAO GRAFICA,PLENAPRINT GRAFICA E EDITORA EIRELI,14.674.740/0001-18,"1.120,00",09/2019
 ADRIANA RAMALHO,CONTRATAÇAO DE PESSOA JURIDICA,LOCAWEB SERVIÇOS DE INTERNET S.A.,02.351.877/0001-52,"65,00",09/2019
 ADRIANA RAMALHO,CONTRATAÇAO DE PESSOA JURIDICA,CONDE e DELL ARINGA - DESENVOLVIMENTO DE SOFTWARES LTDA - EPP,09.613.772/0001-73,"250,00",09/2019
 ADRIANA RAMALHO,CONTRATAÇAO DE PESSOA JURIDICA,GILDSON SANTOS SOUZA,30.566.542/0001-97,"3.000,00",09/2019
 ADRIANA RAMALHO,CONTRATAÇAO DE PESSOA JURIDICA,VINICIUS VIEIRA DE OLIVEIRA,34.132.458/0001-16,"3.000,00",09/2019
 ADRIANA RAMALHO,INTERMEDIADO - CORREIOS,CAMARA MUNICIPAL DE SÃO PAULO,50.176.288/0001-28,"270,35",09/2019
 ADRIANA RAMALHO,INTERMEDIADO - LOCAÇÃO DE VEÍCULOS,CAMARA MUNICIPAL DE SÃO PAULO,50.176.288/0001-28,"2.214,62",09/2019
 ADRIANA RAMALHO,LOCAÇÃO DE MOVEIS E EQUIPAMENTOS,K2G SUPRIMENTOS DE IMPRESSÃO E INFORMATICA EIRELLI - ME,19.367.661/0001-88,"780,00",09/2019
 ADRIANA RAMALHO,MATERIAL DE ESCRITORIO E OUTROS MATERIAIS DE CONSUMO,CENTER PAPEIS COMERCIAL LTDA.,06.226.820/0001-82,"1.477,95",09/2019
 ADRIANA RAMALHO,PROVEDOR DE INTERNET,TELEFONICA BRASIL S/A,02.558.157/0001-62,"108,54",09/2019
 ADRIANA RAMALHO,TELEFONE MOVEL,TELEFONICA BRASIL S/A,02.558.157/0001-62,"629,99",09/2019
 ADRIANA RAMALHO,ASSINATURA DE JORNAIS E REVISTAS,S.A O ESTADO DE S. PAULO,61.533.949/0001-41,"102,90",10/2019
 ADRIANA RAMALHO,COMBUSTIVEL,POSTO JENNER LTDA,61.699.179/0001-01,"290,00",10/2019
 ADRIANA RAMALHO,COMPOSIÇÃO/ARTE/DIAGRAMAÇÃO/PRODUÇÃO/IMPRESSAO GRAFICA,PLENAPRINT GRAFICA E EDITORA EIRELI,14.674.740/0001-18,"3.950,00",10/2019
 ADRIANA RAMALHO,CONTRATAÇAO DE PESSOA JURIDICA,LOCAWEB SERVIÇOS DE INTERNET S.A.,02.351.877/0001-52,"65,00",10/2019
 ADRIANA RAMALHO,CONTRATAÇAO DE PESSOA JURIDICA,CONDE e DELL ARINGA - DESENVOLVIMENTO DE SOFTWARES LTDA - EPP,09.613.772/0001-73,"250,00",10/2019
 ADRIANA RAMALHO,CONTRATAÇAO DE PESSOA JURIDICA,GILDSON SANTOS SOUZA,30.566.542/0001-97,"3.500,00",10/2019
 ADRIANA RAMALHO,CONTRATAÇAO DE PESSOA JURIDICA,VINICIUS VIEIRA DE OLIVEIRA,34.132.458/0001-16,"3.000,00",10/2019
 ADRIANA RAMALHO,INTERMEDIADO - CORREIOS,CAMARA MUNICIPAL DE SÃO PAULO,50.176.288/0001-28,"251,18",10/2019
 ADRIANA RAMALHO,INTERMEDIADO - LOCAÇÃO DE VEÍCULOS,CAMARA MUNICIPAL DE SÃO PAULO,50.176.288/0001-28,"2.214,62",10/2019
 ADRIANA RAMALHO,LOCAÇÃO DE MOVEIS E EQUIPAMENTOS,K2G SUPRIMENTOS DE IMPRESSÃO E INFORMATICA EIRELLI - ME,19.367.661/0001-88,"780,00",10/2019
 ADRIANA RAMALHO,MATERIAL DE ESCRITORIO E OUTROS MATERIAIS DE CONSUMO,CENTER PAPEIS COMERCIAL LTDA.,06.226.820/0001-82,"179,80",10/2019
 ADRIANA RAMALHO,MATERIAL DE ESCRITORIO E OUTROS MATERIAIS DE CONSUMO,K2G SUPRIMENTOS DE IMPRESSÃO E INFORMATICA EIRELLI - ME,19.367.661/0001-88,"605,00",10/2019
 ADRIANA RAMALHO,PROVEDOR DE INTERNET,TELEFONICA BRASIL S/A,02.558.157/0001-62,"108,54",10/2019
 ADRIANA RAMALHO,TELEFONE MOVEL,TELEFONICA BRASIL S/A,02.558.157/0001-62,"629,99",10/2019
 ADRIANA RAMALHO,ASSINATURA DE JORNAIS E REVISTAS,S.A O ESTADO DE S. PAULO,61.533.949/0001-41,"102,90",11/2019
 ADRIANA RAMALHO,COMBUSTIVEL,POSTO JENNER LTDA,61.699.179/0001-01,"672,00",11/2019
 ADRIANA RAMALHO,COMPOSIÇÃO/ARTE/DIAGRAMAÇÃO/PRODUÇÃO/IMPRESSAO GRAFICA,PLENAPRINT GRAFICA E EDITORA EIRELI,14.674.740/0001-18,"1.420,00",11/2019
 ADRIANA RAMALHO,CONTRATAÇAO DE PESSOA JURIDICA,LOCAWEB SERVIÇOS DE INTERNET S.A.,02.351.877/0001-52,"65,00",11/2019
 ADRIANA RAMALHO,CONTRATAÇAO DE PESSOA JURIDICA,CONDE e DELL ARINGA - DESENVOLVIMENTO DE SOFTWARES LTDA - EPP,09.613.772/0001-73,"250,00",11/2019
 ADRIANA RAMALHO,CONTRATAÇAO DE PESSOA JURIDICA,GILDSON SANTOS SOUZA,30.566.542/0001-97,"3.500,00",11/2019
 ADRIANA RAMALHO,CONTRATAÇAO DE PESSOA JURIDICA,VINICIUS VIEIRA DE OLIVEIRA,34.132.458/0001-16,"3.000,00",11/2019
 ADRIANA RAMALHO,INTERMEDIADO - CORREIOS,CAMARA MUNICIPAL DE SÃO PAULO,50.176.288/0001-28,"2.279,15",11/2019
 ADRIANA RAMALHO,INTERMEDIADO - LOCAÇÃO DE VEÍCULOS,CAMARA MUNICIPAL DE SÃO PAULO,50.176.288/0001-28,"2.214,62",11/2019
 ADRIANA RAMALHO,LOCAÇÃO DE MOVEIS E EQUIPAMENTOS,K2G SUPRIMENTOS DE IMPRESSÃO E INFORMATICA EIRELLI - ME,19.367.661/0001-88,"780,00",11/2019
 ADRIANA RAMALHO,MATERIAL DE ESCRITORIO E OUTROS MATERIAIS DE CONSUMO,CENTER PAPEIS COMERCIAL LTDA.,06.226.820/0001-82,"974,15",11/2019
 ADRIANA RAMALHO,MATERIAL DE ESCRITORIO E OUTROS MATERIAIS DE CONSUMO,K2G SUPRIMENTOS DE IMPRESSÃO E INFORMATICA EIRELLI - ME,19.367.661/0001-88,"230,00",11/2019
 ADRIANA RAMALHO,PROVEDOR DE INTERNET,TELEFONICA BRASIL S/A,02.558.157/0001-62,"108,54",11/2019
 ADRIANA RAMALHO,TELEFONE MOVEL,TELEFONICA BRASIL S/A,02.558.157/0001-62,"629,99",11/2019
 ADRIANA RAMALHO,ASSINATURA DE JORNAIS E REVISTAS,S.A O ESTADO DE S. PAULO,61.533.949/0001-41,"102,90",12/2019
 ADRIANA RAMALHO,COMBUSTIVEL,POSTO JENNER LTDA,61.699.179/0001-01,"166,00",12/2019
 ADRIANA RAMALHO,COMPOSIÇÃO/ARTE/DIAGRAMAÇÃO/PRODUÇÃO/IMPRESSAO GRAFICA,PLENAPRINT GRAFICA E EDITORA EIRELI,14.674.740/0001-18,"1.310,00",12/2019
 ADRIANA RAMALHO,COMPOSIÇÃO/ARTE/DIAGRAMAÇÃO/PRODUÇÃO/IMPRESSAO GRAFICA,NATALIA HERNANDEZ PEREIRA DE JESUS-ME,23.506.925/0001-04,"5.851,00",12/2019
 ADRIANA RAMALHO,CONTRATAÇAO DE PESSOA JURIDICA,LOCAWEB SERVIÇOS DE INTERNET S.A.,02.351.877/0001-52,"65,00",12/2019
 ADRIANA RAMALHO,CONTRATAÇAO DE PESSOA JURIDICA,CONDE e DELL ARINGA - DESENVOLVIMENTO DE SOFTWARES LTDA - EPP,09.613.772/0001-73,"250,00",12/2019
 ADRIANA RAMALHO,CONTRATAÇAO DE PESSOA JURIDICA,GILDSON SANTOS SOUZA,30.566.542/0001-97,"3.500,00",12/2019
 ADRIANA RAMALHO,CONTRATAÇAO DE PESSOA JURIDICA,VINICIUS VIEIRA DE OLIVEIRA,34.132.458/0001-16,"3.000,00",12/2019
 ADRIANA RAMALHO,INTERMEDIADO - CORREIOS,CAMARA MUNICIPAL DE SÃO PAULO,50.176.288/0001-28,"2.350,85",12/2019
 ADRIANA RAMALHO,INTERMEDIADO - LOCAÇÃO DE VEÍCULOS,CAMARA MUNICIPAL DE SÃO PAULO,50.176.288/0001-28,"2.214,62",12/2019
 ADRIANA RAMALHO,LOCAÇÃO DE MOVEIS E EQUIPAMENTOS,K2G SUPRIMENTOS DE IMPRESSÃO E INFORMATICA EIRELLI - ME,19.367.661/0001-88,"780,00",12/2019
 ADRIANA RAMALHO,MATERIAL DE ESCRITORIO E OUTROS MATERIAIS DE CONSUMO,CENTER PAPEIS COMERCIAL LTDA.,06.226.820/0001-82,"2.238,50",12/2019
 ADRIANA RAMALHO,PROVEDOR DE INTERNET,TELEFONICA BRASIL S/A,02.558.157/0001-62,"108,54",12/2019
 ADRIANA RAMALHO,TELEFONE MOVEL,TELEFONICA BRASIL S/A,02.558.157/0001-62,"629,99",12/2019
