 JAIR TATTO,COMBUSTIVEL,POSTO DE SERVIÇOS ANTONIO PAES LTDA,62.409.305/0001-09,"1.243,07",01/2017
 JAIR TATTO,COMPOSIÇÃO/ARTE/DIAGRAMAÇÃO/PRODUÇÃO/IMPRESSAO GRAFICA,FÁBRICA SETE GRÁFICA E EDITORA LTDA - ME,00.651.238/0001-87,"4.955,00",01/2017
 JAIR TATTO,COMPOSIÇÃO/ARTE/DIAGRAMAÇÃO/PRODUÇÃO/IMPRESSAO GRAFICA,VISTAR PRESTAÇÃO DE SERVIÇOS DE DIGITAÇÃO LTDA ME,08.689.647/0001-84,"2.973,00",01/2017
 JAIR TATTO,CONTRATAÇAO DE PESSOA JURIDICA,CONDE e DELL ARINGA - DESENVOLVIMENTO DE SOFTWARES LTDA - EPP,09.613.772/0001-73,"161,00",01/2017
 JAIR TATTO,ELABORAÇÃO/MANUTENÇAO DE SITE/HOSPEDAGEM,VISTAR PRESTAÇÃO DE SERVIÇOS DE DIGITAÇÃO LTDA ME,08.689.647/0001-84,"3.964,00",01/2017
 JAIR TATTO,INTERMEDIADO - CORREIOS,CAMARA MUNICIPAL DE SÃO PAULO,50.176.288/0001-28,"68,92",01/2017
 JAIR TATTO,INTERMEDIADO - LOCAÇÃO DE VEÍCULOS,CAMARA MUNICIPAL DE SÃO PAULO,50.176.288/0001-28,"2.058,08",01/2017
 JAIR TATTO,TELEFONE MOVEL,NEXTEL TELECOMUNICAÇÕES LTDA,66.970.229/0001-67,"665,13",01/2017
 JAIR TATTO,COMBUSTIVEL,POSTO DE SERVIÇOS ANTONIO PAES LTDA,62.409.305/0001-09,"1.239,38",02/2017
 JAIR TATTO,COMPOSIÇÃO/ARTE/DIAGRAMAÇÃO/PRODUÇÃO/IMPRESSAO GRAFICA,VISTAR PRESTAÇÃO DE SERVIÇOS DE DIGITAÇÃO LTDA ME,08.689.647/0001-84,"2.973,00",02/2017
 JAIR TATTO,ELABORAÇÃO/MANUTENÇAO DE SITE/HOSPEDAGEM,VISTAR PRESTAÇÃO DE SERVIÇOS DE DIGITAÇÃO LTDA ME,08.689.647/0001-84,"3.964,00",02/2017
 JAIR TATTO,INTERMEDIADO - CORREIOS,CAMARA MUNICIPAL DE SÃO PAULO,50.176.288/0001-28,"37,20",02/2017
 JAIR TATTO,INTERMEDIADO - LOCAÇÃO DE VEÍCULOS,CAMARA MUNICIPAL DE SÃO PAULO,50.176.288/0001-28,"2.101,17",02/2017
 JAIR TATTO,TELEFONE MOVEL,NEXTEL TELECOMUNICAÇÕES LTDA,66.970.229/0001-67,"669,60",02/2017
 JAIR TATTO,COMBUSTIVEL,POSTO DE SERVIÇOS ANTONIO PAES LTDA,62.409.305/0001-09,"1.234,58",03/2017
 JAIR TATTO,COMPOSIÇÃO/ARTE/DIAGRAMAÇÃO/PRODUÇÃO/IMPRESSAO GRAFICA,FÁBRICA SETE GRÁFICA E EDITORA LTDA - ME,00.651.238/0001-87,"4.955,00",03/2017
 JAIR TATTO,COMPOSIÇÃO/ARTE/DIAGRAMAÇÃO/PRODUÇÃO/IMPRESSAO GRAFICA,VISTAR PRESTAÇÃO DE SERVIÇOS DE DIGITAÇÃO LTDA ME,08.689.647/0001-84,"2.973,00",03/2017
 JAIR TATTO,ELABORAÇÃO/MANUTENÇAO DE SITE/HOSPEDAGEM,VISTAR PRESTAÇÃO DE SERVIÇOS DE DIGITAÇÃO LTDA ME,08.689.647/0001-84,"3.964,00",03/2017
 JAIR TATTO,INTERMEDIADO - CORREIOS,CAMARA MUNICIPAL DE SÃO PAULO,50.176.288/0001-28,"1.198,36",03/2017
 JAIR TATTO,INTERMEDIADO - LOCAÇÃO DE VEÍCULOS,CAMARA MUNICIPAL DE SÃO PAULO,50.176.288/0001-28,"2.101,17",03/2017
 JAIR TATTO,MATERIAL DE ESCRITORIO E OUTROS MATERIAIS DE CONSUMO,CORESA COMERCIAL PAPELARIA E INFORMATICA LTDA,54.738.901/0001-04,"1.540,00",03/2017
 JAIR TATTO,TELEFONE MOVEL,NEXTEL TELECOMUNICAÇÕES LTDA,66.970.229/0001-67,"631,37",03/2017
 JAIR TATTO,COMBUSTIVEL,POSTO DE SERVIÇOS ANTONIO PAES LTDA,62.409.305/0001-09,"1.152,57",04/2017
 JAIR TATTO,COMPOSIÇÃO/ARTE/DIAGRAMAÇÃO/PRODUÇÃO/IMPRESSAO GRAFICA,FÁBRICA SETE GRÁFICA E EDITORA LTDA - ME,00.651.238/0001-87,"5.000,00",04/2017
 JAIR TATTO,COMPOSIÇÃO/ARTE/DIAGRAMAÇÃO/PRODUÇÃO/IMPRESSAO GRAFICA,VISTAR PRESTAÇÃO DE SERVIÇOS DE DIGITAÇÃO LTDA ME,08.689.647/0001-84,"3.000,00",04/2017
 JAIR TATTO,ELABORAÇÃO/MANUTENÇAO DE SITE/HOSPEDAGEM,VISTAR PRESTAÇÃO DE SERVIÇOS DE DIGITAÇÃO LTDA ME,08.689.647/0001-84,"4.000,00",04/2017
 JAIR TATTO,INTERMEDIADO - CORREIOS,CAMARA MUNICIPAL DE SÃO PAULO,50.176.288/0001-28,"4.985,40",04/2017
 JAIR TATTO,INTERMEDIADO - LOCAÇÃO DE VEÍCULOS,CAMARA MUNICIPAL DE SÃO PAULO,50.176.288/0001-28,"2.101,17",04/2017
 JAIR TATTO,MATERIAL DE ESCRITORIO E OUTROS MATERIAIS DE CONSUMO,CORESA COMERCIAL PAPELARIA E INFORMATICA LTDA,54.738.901/0001-04,"1.540,00",04/2017
 JAIR TATTO,TELEFONE MOVEL,NEXTEL TELECOMUNICAÇÕES LTDA,66.970.229/0001-67,"670,81",04/2017
 JAIR TATTO,COMBUSTIVEL,POSTO DE SERVIÇOS ANTONIO PAES LTDA,62.409.305/0001-09,"1.035,78",05/2017
 JAIR TATTO,COMPOSIÇÃO/ARTE/DIAGRAMAÇÃO/PRODUÇÃO/IMPRESSAO GRAFICA,FÁBRICA SETE GRÁFICA E EDITORA LTDA - ME,00.651.238/0001-87,"5.000,00",05/2017
 JAIR TATTO,COMPOSIÇÃO/ARTE/DIAGRAMAÇÃO/PRODUÇÃO/IMPRESSAO GRAFICA,VISTAR PRESTAÇÃO DE SERVIÇOS DE DIGITAÇÃO LTDA ME,08.689.647/0001-84,"3.000,00",05/2017
 JAIR TATTO,CONTRATAÇAO DE PESSOA JURIDICA,CONDE e DELL ARINGA - DESENVOLVIMENTO DE SOFTWARES LTDA - EPP,09.613.772/0001-73,"161,00",05/2017
 JAIR TATTO,ELABORAÇÃO/MANUTENÇAO DE SITE/HOSPEDAGEM,VISTAR PRESTAÇÃO DE SERVIÇOS DE DIGITAÇÃO LTDA ME,08.689.647/0001-84,"4.000,00",05/2017
 JAIR TATTO,INTERMEDIADO - CORREIOS,CAMARA MUNICIPAL DE SÃO PAULO,50.176.288/0001-28,"19.322,71",05/2017
 JAIR TATTO,INTERMEDIADO - LOCAÇÃO DE VEÍCULOS,CAMARA MUNICIPAL DE SÃO PAULO,50.176.288/0001-28,"2.101,17",05/2017
 JAIR TATTO,MATERIAL DE ESCRITORIO E OUTROS MATERIAIS DE CONSUMO,KALUNGA COM E IND GRAFICA LTDA,43.283.811/0064-33,"504,00",05/2017
 JAIR TATTO,MATERIAL DE ESCRITORIO E OUTROS MATERIAIS DE CONSUMO,KALUNGA COM. E IND. GRÁFICA LTDA.,43.283.811/0112-75,"826,76",05/2017
 JAIR TATTO,MATERIAL DE ESCRITORIO E OUTROS MATERIAIS DE CONSUMO,CORESA COMERCIAL PAPELARIA E INFORMATICA LTDA,54.738.901/0001-04,"350,00",05/2017
 JAIR TATTO,MATERIAL DE ESCRITORIO E OUTROS MATERIAIS DE CONSUMO,MARIA DA PAZ MARCELINO FREIXA BAZAR,59.408.849/0001-41,"4.698,20",05/2017
 JAIR TATTO,TELEFONE MOVEL,NEXTEL TELECOMUNICAÇÕES LTDA,66.970.229/0001-67,"678,04",05/2017
 JAIR TATTO,COMBUSTIVEL,POSTO DE SERVIÇOS ANTONIO PAES LTDA,62.409.305/0001-09,"1.104,74",06/2017
 JAIR TATTO,COMPOSIÇÃO/ARTE/DIAGRAMAÇÃO/PRODUÇÃO/IMPRESSAO GRAFICA,FÁBRICA SETE GRÁFICA E EDITORA LTDA - ME,00.651.238/0001-87,"5.000,00",06/2017
 JAIR TATTO,COMPOSIÇÃO/ARTE/DIAGRAMAÇÃO/PRODUÇÃO/IMPRESSAO GRAFICA,VISTAR PRESTAÇÃO DE SERVIÇOS DE DIGITAÇÃO LTDA ME,08.689.647/0001-84,"3.000,00",06/2017
 JAIR TATTO,CONTRATAÇAO DE PESSOA JURIDICA,CONDE e DELL ARINGA - DESENVOLVIMENTO DE SOFTWARES LTDA - EPP,09.613.772/0001-73,"161,00",06/2017
 JAIR TATTO,ELABORAÇÃO/MANUTENÇAO DE SITE/HOSPEDAGEM,VISTAR PRESTAÇÃO DE SERVIÇOS DE DIGITAÇÃO LTDA ME,08.689.647/0001-84,"4.000,00",06/2017
 JAIR TATTO,INTERMEDIADO - CORREIOS,CAMARA MUNICIPAL DE SÃO PAULO,50.176.288/0001-28,"2.767,62",06/2017
 JAIR TATTO,INTERMEDIADO - LOCAÇÃO DE VEÍCULOS,CAMARA MUNICIPAL DE SÃO PAULO,50.176.288/0001-28,"2.101,17",06/2017
 JAIR TATTO,MATERIAL DE ESCRITORIO E OUTROS MATERIAIS DE CONSUMO,GRAPHICS GROUP GRAFICA E COPIADORA LTDA,01.677.543/0001-00,"190,00",06/2017
 JAIR TATTO,MATERIAL DE ESCRITORIO E OUTROS MATERIAIS DE CONSUMO,KALUNGA COMÉRCIO E INDÚSTRIA GRÁFICA LTDA.,43.283.811/0038-41,"1.599,36",06/2017
 JAIR TATTO,REPROGRAFIA (XEROX/ENCADERNAÇÃO),GRAPHICS GROUP GRAFICA E COPIADORA LTDA,01.677.543/0001-00,"32,00",06/2017
 JAIR TATTO,TELEFONE MOVEL,NEXTEL TELECOMUNICAÇÕES LTDA,66.970.229/0001-67,"648,21",06/2017
 JAIR TATTO,COMBUSTIVEL,POSTO DE SERVIÇOS ANTONIO PAES LTDA,62.409.305/0001-09,"1.297,66",07/2017
 JAIR TATTO,COMPOSIÇÃO/ARTE/DIAGRAMAÇÃO/PRODUÇÃO/IMPRESSAO GRAFICA,FÁBRICA SETE GRÁFICA E EDITORA LTDA - ME,00.651.238/0001-87,"5.000,00",07/2017
 JAIR TATTO,COMPOSIÇÃO/ARTE/DIAGRAMAÇÃO/PRODUÇÃO/IMPRESSAO GRAFICA,VISTAR PRESTAÇÃO DE SERVIÇOS DE DIGITAÇÃO LTDA ME,08.689.647/0001-84,"3.000,00",07/2017
 JAIR TATTO,CONTRATAÇAO DE PESSOA JURIDICA,CONDE e DELL ARINGA - DESENVOLVIMENTO DE SOFTWARES LTDA - EPP,09.613.772/0001-73,"161,00",07/2017
 JAIR TATTO,CONTRATAÇAO DE PESSOA JURIDICA,SANDRA BATISTA DA CRUZ,28.040.815/0001-13,"3.000,00",07/2017
 JAIR TATTO,ELABORAÇÃO/MANUTENÇAO DE SITE/HOSPEDAGEM,VISTAR PRESTAÇÃO DE SERVIÇOS DE DIGITAÇÃO LTDA ME,08.689.647/0001-84,"3.000,00",07/2017
 JAIR TATTO,INTERMEDIADO - CORREIOS,CAMARA MUNICIPAL DE SÃO PAULO,50.176.288/0001-28,"75,05",07/2017
 JAIR TATTO,INTERMEDIADO - LOCAÇÃO DE VEÍCULOS,CAMARA MUNICIPAL DE SÃO PAULO,50.176.288/0001-28,"2.101,17",07/2017
 JAIR TATTO,TELEFONE MOVEL,NEXTEL TELECOMUNICAÇÕES LTDA,66.970.229/0001-67,"654,65",07/2017
 JAIR TATTO,COMBUSTIVEL,POSTO DE SERVIÇOS ANTONIO PAES LTDA,62.409.305/0001-09,"1.193,92",08/2017
 JAIR TATTO,COMPOSIÇÃO/ARTE/DIAGRAMAÇÃO/PRODUÇÃO/IMPRESSAO GRAFICA,FÁBRICA SETE GRÁFICA E EDITORA LTDA - ME,00.651.238/0001-87,"5.000,00",08/2017
 JAIR TATTO,COMPOSIÇÃO/ARTE/DIAGRAMAÇÃO/PRODUÇÃO/IMPRESSAO GRAFICA,VISTAR PRESTAÇÃO DE SERVIÇOS DE DIGITAÇÃO LTDA ME,08.689.647/0001-84,"3.000,00",08/2017
 JAIR TATTO,CONTRATAÇAO DE PESSOA JURIDICA,CONDE e DELL ARINGA - DESENVOLVIMENTO DE SOFTWARES LTDA - EPP,09.613.772/0001-73,"161,00",08/2017
 JAIR TATTO,CONTRATAÇAO DE PESSOA JURIDICA,SANDRA BATISTA DA CRUZ,28.040.815/0001-13,"3.000,00",08/2017
 JAIR TATTO,ELABORAÇÃO/MANUTENÇAO DE SITE/HOSPEDAGEM,VISTAR PRESTAÇÃO DE SERVIÇOS DE DIGITAÇÃO LTDA ME,08.689.647/0001-84,"3.000,00",08/2017
 JAIR TATTO,INTERMEDIADO - CORREIOS,CAMARA MUNICIPAL DE SÃO PAULO,50.176.288/0001-28,"2.068,47",08/2017
 JAIR TATTO,INTERMEDIADO - LOCAÇÃO DE VEÍCULOS,CAMARA MUNICIPAL DE SÃO PAULO,50.176.288/0001-28,"2.101,17",08/2017
 JAIR TATTO,INTERMEDIADO - REPROGRAFIA (XEROX/ENCADERNAÇÃO),CAMARA MUNICIPAL DE SÃO PAULO,50.176.288/0001-28,"306,00",08/2017
 JAIR TATTO,MATERIAL DE ESCRITORIO E OUTROS MATERIAIS DE CONSUMO,CENTER PAPEIS COMERCIAL LTDA.,06.226.820/0001-82,"266,55",08/2017
 JAIR TATTO,MATERIAL DE ESCRITORIO E OUTROS MATERIAIS DE CONSUMO,MARIA DA PAZ MARCELINO FREIXA BAZAR,59.408.849/0001-41,"2.375,00",08/2017
 JAIR TATTO,PROVEDOR DE INTERNET,TELEFONICA BRASIL S/A,02.558.157/0001-62,"17,74",08/2017
 JAIR TATTO,COMBUSTIVEL,POSTO DE SERVIÇOS ANTONIO PAES LTDA,62.409.305/0001-09,"1.208,08",09/2017
 JAIR TATTO,COMPOSIÇÃO/ARTE/DIAGRAMAÇÃO/PRODUÇÃO/IMPRESSAO GRAFICA,VISTAR PRESTAÇÃO DE SERVIÇOS DE DIGITAÇÃO LTDA ME,08.689.647/0001-84,"3.000,00",09/2017
 JAIR TATTO,CONTRATAÇAO DE PESSOA JURIDICA,CONDE e DELL ARINGA - DESENVOLVIMENTO DE SOFTWARES LTDA - EPP,09.613.772/0001-73,"161,00",09/2017
 JAIR TATTO,CONTRATAÇAO DE PESSOA JURIDICA,MACIV TECNOLOGIA EM COMUNICAÇÃO LTDA,15.198.618/0001-85,"800,00",09/2017
 JAIR TATTO,CONTRATAÇAO DE PESSOA JURIDICA,SANDRA BATISTA DA CRUZ,28.040.815/0001-13,"3.000,00",09/2017
 JAIR TATTO,ELABORAÇÃO/MANUTENÇAO DE SITE/HOSPEDAGEM,VISTAR PRESTAÇÃO DE SERVIÇOS DE DIGITAÇÃO LTDA ME,08.689.647/0001-84,"3.000,00",09/2017
 JAIR TATTO,INTERMEDIADO - CORREIOS,CAMARA MUNICIPAL DE SÃO PAULO,50.176.288/0001-28,"1.302,40",09/2017
 JAIR TATTO,INTERMEDIADO - LOCAÇÃO DE VEÍCULOS,CAMARA MUNICIPAL DE SÃO PAULO,50.176.288/0001-28,"2.101,17",09/2017
 JAIR TATTO,LIVROS,SARAIVA E SICILIANO S/A,61.365.284/0107-62,"254,80",09/2017
 JAIR TATTO,PROVEDOR DE INTERNET,TELEFONICA BRASIL S/A,02.558.157/0001-62,"113,42",09/2017
 JAIR TATTO,REPROGRAFIA (XEROX/ENCADERNAÇÃO),GRAPHICS GROUP GRAFICA E COPIADORA LTDA,01.677.543/0001-00,"66,00",09/2017
 JAIR TATTO,COMBUSTIVEL,POSTO DE SERVIÇOS ANTONIO PAES LTDA,62.409.305/0001-09,"1.473,02",10/2017
 JAIR TATTO,COMPOSIÇÃO/ARTE/DIAGRAMAÇÃO/PRODUÇÃO/IMPRESSAO GRAFICA,FÁBRICA SETE GRÁFICA E EDITORA LTDA - ME,00.651.238/0001-87,"3.000,00",10/2017
 JAIR TATTO,COMPOSIÇÃO/ARTE/DIAGRAMAÇÃO/PRODUÇÃO/IMPRESSAO GRAFICA,VISTAR PRESTAÇÃO DE SERVIÇOS DE DIGITAÇÃO LTDA ME,08.689.647/0001-84,"3.000,00",10/2017
 JAIR TATTO,CONTRATAÇAO DE PESSOA JURIDICA,CONDE e DELL ARINGA - DESENVOLVIMENTO DE SOFTWARES LTDA - EPP,09.613.772/0001-73,"161,00",10/2017
 JAIR TATTO,CONTRATAÇAO DE PESSOA JURIDICA,PROSPECT COMUNICAÇÃO E MARKETING LTDA-ME,26.885.016/0001-12,"1.200,00",10/2017
 JAIR TATTO,CONTRATAÇAO DE PESSOA JURIDICA,SANDRA BATISTA DA CRUZ,28.040.815/0001-13,"3.000,00",10/2017
 JAIR TATTO,ELABORAÇÃO/MANUTENÇAO DE SITE/HOSPEDAGEM,VISTAR PRESTAÇÃO DE SERVIÇOS DE DIGITAÇÃO LTDA ME,08.689.647/0001-84,"2.000,00",10/2017
 JAIR TATTO,EVENTOS/SEMINARIOS,SETTA CRIACAO E PRODUCAO VISUAL LTDA,10.490.997/0001-69,"715,00",10/2017
 JAIR TATTO,INTERMEDIADO - CORREIOS,CAMARA MUNICIPAL DE SÃO PAULO,50.176.288/0001-28,"689,22",10/2017
 JAIR TATTO,INTERMEDIADO - LOCAÇÃO DE VEÍCULOS,CAMARA MUNICIPAL DE SÃO PAULO,50.176.288/0001-28,"2.101,17",10/2017
 JAIR TATTO,INTERMEDIADO - REPROGRAFIA (XEROX/ENCADERNAÇÃO),CAMARA MUNICIPAL DE SÃO PAULO,50.176.288/0001-28,"134,00",10/2017
 JAIR TATTO,MATERIAL DE ESCRITORIO E OUTROS MATERIAIS DE CONSUMO,CORESA COMERCIAL PAPELARIA E INFORMATICA LTDA,54.738.901/0001-04,"1.540,00",10/2017
 JAIR TATTO,PROVEDOR DE INTERNET,TELEFONICA BRASIL S/A,02.558.157/0001-62,"109,99",10/2017
 JAIR TATTO,TELEFONE MOVEL,NEXTEL TELECOMUNICAÇÕES LTDA,66.970.229/0001-67,"200,99",10/2017
 JAIR TATTO,COMBUSTIVEL,POSTO DE SERVIÇOS ANTONIO PAES LTDA,62.409.305/0001-09,"1.317,11",11/2017
 JAIR TATTO,COMPOSIÇÃO/ARTE/DIAGRAMAÇÃO/PRODUÇÃO/IMPRESSAO GRAFICA,FÁBRICA SETE GRÁFICA E EDITORA LTDA - ME,00.651.238/0001-87,"5.000,00",11/2017
 JAIR TATTO,COMPOSIÇÃO/ARTE/DIAGRAMAÇÃO/PRODUÇÃO/IMPRESSAO GRAFICA,VISTAR PRESTAÇÃO DE SERVIÇOS DE DIGITAÇÃO LTDA ME,08.689.647/0001-84,"3.000,00",11/2017
 JAIR TATTO,CONTRATAÇAO DE PESSOA JURIDICA,CONDE e DELL ARINGA - DESENVOLVIMENTO DE SOFTWARES LTDA - EPP,09.613.772/0001-73,"161,00",11/2017
 JAIR TATTO,CONTRATAÇAO DE PESSOA JURIDICA,PROSPECT COMUNICAÇÃO E MARKETING LTDA-ME,26.885.016/0001-12,"1.200,00",11/2017
 JAIR TATTO,CONTRATAÇAO DE PESSOA JURIDICA,SANDRA BATISTA DA CRUZ,28.040.815/0001-13,"3.000,00",11/2017
 JAIR TATTO,CONTRATAÇAO DE PESSOA JURIDICA,GRUPPO DESENVOLVIMENTO HUMANO E INSTITUCIONAL S/S LTDA,74.334.533/0001-46,"1.500,00",11/2017
 JAIR TATTO,ELABORAÇÃO/MANUTENÇAO DE SITE/HOSPEDAGEM,VISTAR PRESTAÇÃO DE SERVIÇOS DE DIGITAÇÃO LTDA ME,08.689.647/0001-84,"2.000,00",11/2017
 JAIR TATTO,INTERMEDIADO - CORREIOS,CAMARA MUNICIPAL DE SÃO PAULO,50.176.288/0001-28,"346,57",11/2017
 JAIR TATTO,INTERMEDIADO - LOCAÇÃO DE VEÍCULOS,CAMARA MUNICIPAL DE SÃO PAULO,50.176.288/0001-28,"2.101,17",11/2017
 JAIR TATTO,MATERIAL DE ESCRITORIO E OUTROS MATERIAIS DE CONSUMO,MARIA DA PAZ MARCELINO FREIXA BAZAR,59.408.849/0001-41,"3.833,40",11/2017
 JAIR TATTO,PROVEDOR DE INTERNET,TELEFONICA BRASIL S/A,02.558.157/0001-62,"109,99",11/2017
 JAIR TATTO,TELEFONE MOVEL,NEXTEL TELECOMUNICAÇÕES LTDA,66.970.229/0001-67,"218,74",11/2017
 JAIR TATTO,COMBUSTIVEL,POSTO DE SERVIÇOS ANTONIO PAES LTDA,62.409.305/0001-09,"1.277,85",12/2017
 JAIR TATTO,COMPOSIÇÃO/ARTE/DIAGRAMAÇÃO/PRODUÇÃO/IMPRESSAO GRAFICA,VISTAR PRESTAÇÃO DE SERVIÇOS DE DIGITAÇÃO LTDA ME,08.689.647/0001-84,"3.000,00",12/2017
 JAIR TATTO,CONTRATAÇAO DE PESSOA JURIDICA,CONDE e DELL ARINGA - DESENVOLVIMENTO DE SOFTWARES LTDA - EPP,09.613.772/0001-73,"161,00",12/2017
 JAIR TATTO,CONTRATAÇAO DE PESSOA JURIDICA,PROSPECT COMUNICAÇÃO E MARKETING LTDA-ME,26.885.016/0001-12,"1.200,00",12/2017
 JAIR TATTO,CONTRATAÇAO DE PESSOA JURIDICA,SANDRA BATISTA DA CRUZ,28.040.815/0001-13,"4.000,00",12/2017
 JAIR TATTO,ELABORAÇÃO/MANUTENÇAO DE SITE/HOSPEDAGEM,VISTAR PRESTAÇÃO DE SERVIÇOS DE DIGITAÇÃO LTDA ME,08.689.647/0001-84,"2.000,00",12/2017
 JAIR TATTO,INTERMEDIADO - CORREIOS,CAMARA MUNICIPAL DE SÃO PAULO,50.176.288/0001-28,"304,79",12/2017
 JAIR TATTO,INTERMEDIADO - LOCAÇÃO DE VEÍCULOS,CAMARA MUNICIPAL DE SÃO PAULO,50.176.288/0001-28,"2.101,17",12/2017
 JAIR TATTO,LIVROS,EDITORA WMF MARTINS FONTES LTDA - PAULISTA,08.463.170/0003-86,"413,77",12/2017
 JAIR TATTO,PROVEDOR DE INTERNET,TELEFONICA BRASIL S/A,02.558.157/0001-62,"109,99",12/2017
 JAIR TATTO,REPROGRAFIA (XEROX/ENCADERNAÇÃO),GRAPHICS GROUP GRAFICA E COPIADORA LTDA,01.677.543/0001-00,"68,00",12/2017
 JAIR TATTO,TELEFONE MOVEL,NEXTEL TELECOMUNICAÇÕES LTDA,66.970.229/0001-67,"210,20",12/2017
 JAIR TATTO,COMBUSTIVEL,POSTO DE SERVIÇOS ANTONIO PAES LTDA,62.409.305/0001-09,"1.028,68",01/2018
 JAIR TATTO,COMPOSIÇÃO/ARTE/DIAGRAMAÇÃO/PRODUÇÃO/IMPRESSAO GRAFICA,VISTAR PRESTAÇÃO DE SERVIÇOS DE DIGITAÇÃO LTDA ME,08.689.647/0001-84,"3.000,00",01/2018
 JAIR TATTO,CONTRATAÇAO DE PESSOA JURIDICA,CONDE e DELL ARINGA - DESENVOLVIMENTO DE SOFTWARES LTDA - EPP,09.613.772/0001-73,"161,00",01/2018
 JAIR TATTO,CONTRATAÇAO DE PESSOA JURIDICA,PROSPECT COMUNICAÇÃO E MARKETING LTDA-ME,26.885.016/0001-12,"1.200,00",01/2018
 JAIR TATTO,CONTRATAÇAO DE PESSOA JURIDICA,SANDRA DA CRUZ SANTANA NOGUEIRA 24753582892,28.040.815/0001-13,"3.000,00",01/2018
 JAIR TATTO,ELABORAÇÃO/MANUTENÇAO DE SITE/HOSPEDAGEM,VISTAR PRESTAÇÃO DE SERVIÇOS DE DIGITAÇÃO LTDA ME,08.689.647/0001-84,"2.000,00",01/2018
 JAIR TATTO,INTERMEDIADO - CORREIOS,CAMARA MUNICIPAL DE SÃO PAULO,50.176.288/0001-28,"248,91",01/2018
 JAIR TATTO,INTERMEDIADO - LOCAÇÃO DE VEÍCULOS,CAMARA MUNICIPAL DE SÃO PAULO,50.176.288/0001-28,"2.137,42",01/2018
 JAIR TATTO,PROVEDOR DE INTERNET,TELEFONICA BRASIL S/A,02.558.157/0001-62,"109,99",01/2018
 JAIR TATTO,TELEFONE MOVEL,NEXTEL TELECOMUNICAÇÕES LTDA,66.970.229/0001-67,"228,15",01/2018
 JAIR TATTO,COMBUSTIVEL,POSTO DE SERVIÇOS ANTONIO PAES LTDA,62.409.305/0001-09,"1.279,76",02/2018
 JAIR TATTO,COMPOSIÇÃO/ARTE/DIAGRAMAÇÃO/PRODUÇÃO/IMPRESSAO GRAFICA,VISTAR PRESTAÇÃO DE SERVIÇOS DE DIGITAÇÃO LTDA ME,08.689.647/0001-84,"3.000,00",02/2018
 JAIR TATTO,CONTRATAÇAO DE PESSOA JURIDICA,CONDE e DELL ARINGA - DESENVOLVIMENTO DE SOFTWARES LTDA - EPP,09.613.772/0001-73,"161,00",02/2018
 JAIR TATTO,CONTRATAÇAO DE PESSOA JURIDICA,SANDRA DA CRUZ SANTANA NOGUEIRA 24753582892,28.040.815/0001-13,"3.000,00",02/2018
 JAIR TATTO,ELABORAÇÃO/MANUTENÇAO DE SITE/HOSPEDAGEM,VISTAR PRESTAÇÃO DE SERVIÇOS DE DIGITAÇÃO LTDA ME,08.689.647/0001-84,"2.000,00",02/2018
 JAIR TATTO,INTERMEDIADO - CORREIOS,CAMARA MUNICIPAL DE SÃO PAULO,50.176.288/0001-28,"1.380,65",02/2018
 JAIR TATTO,INTERMEDIADO - LOCAÇÃO DE VEÍCULOS,CAMARA MUNICIPAL DE SÃO PAULO,50.176.288/0001-28,"2.148,45",02/2018
 JAIR TATTO,MATERIAL DE ESCRITORIO E OUTROS MATERIAIS DE CONSUMO,CORESA COMERCIAL PAPELARIA E INFORMATICA LTDA,54.738.901/0001-04,"1.638,00",02/2018
 JAIR TATTO,PROVEDOR DE INTERNET,TELEFONICA BRASIL S/A,02.558.157/0001-62,"109,99",02/2018
 JAIR TATTO,TELEFONE MOVEL,NEXTEL TELECOMUNICAÇÕES LTDA,66.970.229/0001-67,"216,77",02/2018
 JAIR TATTO,COMBUSTIVEL,POSTO DE SERVIÇOS ANTONIO PAES LTDA,62.409.305/0001-09,"1.592,83",03/2018
 JAIR TATTO,COMPOSIÇÃO/ARTE/DIAGRAMAÇÃO/PRODUÇÃO/IMPRESSAO GRAFICA,VISTAR PRESTAÇÃO DE SERVIÇOS DE DIGITAÇÃO LTDA ME,08.689.647/0001-84,"3.000,00",03/2018
 JAIR TATTO,CONTRATAÇAO DE PESSOA JURIDICA,CONDE e DELL ARINGA - DESENVOLVIMENTO DE SOFTWARES LTDA - EPP,09.613.772/0001-73,"161,00",03/2018
 JAIR TATTO,CONTRATAÇAO DE PESSOA JURIDICA,PROSPECT COMUNICAÇÃO E MARKETING LTDA-ME,26.885.016/0001-12,"1.200,00",03/2018
 JAIR TATTO,CONTRATAÇAO DE PESSOA JURIDICA,SANDRA DA CRUZ SANTANA NOGUEIRA 24753582892,28.040.815/0001-13,"3.000,00",03/2018
 JAIR TATTO,ELABORAÇÃO/MANUTENÇAO DE SITE/HOSPEDAGEM,VISTAR PRESTAÇÃO DE SERVIÇOS DE DIGITAÇÃO LTDA ME,08.689.647/0001-84,"2.000,00",03/2018
 JAIR TATTO,INTERMEDIADO - CORREIOS,CAMARA MUNICIPAL DE SÃO PAULO,50.176.288/0001-28,"229,30",03/2018
 JAIR TATTO,INTERMEDIADO - LOCAÇÃO DE VEÍCULOS,CAMARA MUNICIPAL DE SÃO PAULO,50.176.288/0001-28,"2.148,45",03/2018
 JAIR TATTO,PROVEDOR DE INTERNET,TELEFONICA BRASIL S/A,02.558.157/0001-62,"110,48",03/2018
 JAIR TATTO,TELEFONE MOVEL,NEXTEL TELECOMUNICAÇÕES LTDA,66.970.229/0001-67,"205,25",03/2018
 JAIR TATTO,COMBUSTIVEL,POSTO DE SERVIÇOS ANTONIO PAES LTDA,62.409.305/0001-09,"1.555,43",04/2018
 JAIR TATTO,COMPOSIÇÃO/ARTE/DIAGRAMAÇÃO/PRODUÇÃO/IMPRESSAO GRAFICA,VISTAR PRESTAÇÃO DE SERVIÇOS DE DIGITAÇÃO LTDA ME,08.689.647/0001-84,"3.000,00",04/2018
 JAIR TATTO,CONTRATAÇAO DE PESSOA JURIDICA,CONDE e DELL ARINGA - DESENVOLVIMENTO DE SOFTWARES LTDA - EPP,09.613.772/0001-73,"161,00",04/2018
 JAIR TATTO,CONTRATAÇAO DE PESSOA JURIDICA,PROSPECT COMUNICAÇÃO E MARKETING LTDA-ME,26.885.016/0001-12,"1.200,00",04/2018
 JAIR TATTO,CONTRATAÇAO DE PESSOA JURIDICA,SANDRA DA CRUZ SANTANA NOGUEIRA 24753582892,28.040.815/0001-13,"3.000,00",04/2018
 JAIR TATTO,ELABORAÇÃO/MANUTENÇAO DE SITE/HOSPEDAGEM,VISTAR PRESTAÇÃO DE SERVIÇOS DE DIGITAÇÃO LTDA ME,08.689.647/0001-84,"2.000,00",04/2018
 JAIR TATTO,EVENTOS/SEMINARIOS,RONALDO DE CARVALHO MORALES - ME,03.100.751/0001-78,"375,00",04/2018
 JAIR TATTO,EVENTOS/SEMINARIOS,VISTAR PRESTAÇÃO DE SERVIÇOS DE DIGITAÇÃO LTDA ME,08.689.647/0001-84,"750,00",04/2018
 JAIR TATTO,INTERMEDIADO - CORREIOS,CAMARA MUNICIPAL DE SÃO PAULO,50.176.288/0001-28,"296,53",04/2018
 JAIR TATTO,INTERMEDIADO - LOCAÇÃO DE VEÍCULOS,CAMARA MUNICIPAL DE SÃO PAULO,50.176.288/0001-28,"2.148,45",04/2018
 JAIR TATTO,PROVEDOR DE INTERNET,TELEFONICA BRASIL S/A,02.558.157/0001-62,"109,99",04/2018
 JAIR TATTO,REPROGRAFIA (XEROX/ENCADERNAÇÃO),GRAPHICS GROUP GRAFICA E COPIADORA LTDA,01.677.543/0001-00,"28,00",04/2018
 JAIR TATTO,TELEFONE MOVEL,NEXTEL TELECOMUNICAÇÕES LTDA,66.970.229/0001-67,"244,73",04/2018
 JAIR TATTO,COMBUSTIVEL,POSTO DE SERVIÇOS ANTONIO PAES LTDA,62.409.305/0001-09,"1.251,21",05/2018
 JAIR TATTO,COMPOSIÇÃO/ARTE/DIAGRAMAÇÃO/PRODUÇÃO/IMPRESSAO GRAFICA,FÁBRICA SETE GRÁFICA E EDITORA LTDA - ME,00.651.238/0001-87,"5.000,00",05/2018
 JAIR TATTO,COMPOSIÇÃO/ARTE/DIAGRAMAÇÃO/PRODUÇÃO/IMPRESSAO GRAFICA,VISTAR PRESTAÇÃO DE SERVIÇOS DE DIGITAÇÃO LTDA ME,08.689.647/0001-84,"3.000,00",05/2018
 JAIR TATTO,CONTRATAÇAO DE PESSOA JURIDICA,CONDE e DELL ARINGA - DESENVOLVIMENTO DE SOFTWARES LTDA - EPP,09.613.772/0001-73,"161,00",05/2018
 JAIR TATTO,CONTRATAÇAO DE PESSOA JURIDICA,PROSPECT COMUNICAÇÃO E MARKETING LTDA-ME,26.885.016/0001-12,"1.200,00",05/2018
 JAIR TATTO,CONTRATAÇAO DE PESSOA JURIDICA,SANDRA DA CRUZ SANTANA NOGUEIRA 24753582892,28.040.815/0001-13,"3.000,00",05/2018
 JAIR TATTO,ELABORAÇÃO/MANUTENÇAO DE SITE/HOSPEDAGEM,VISTAR PRESTAÇÃO DE SERVIÇOS DE DIGITAÇÃO LTDA ME,08.689.647/0001-84,"2.000,00",05/2018
 JAIR TATTO,INTERMEDIADO - CORREIOS,CAMARA MUNICIPAL DE SÃO PAULO,50.176.288/0001-28,"599,40",05/2018
 JAIR TATTO,INTERMEDIADO - LOCAÇÃO DE VEÍCULOS,CAMARA MUNICIPAL DE SÃO PAULO,50.176.288/0001-28,"2.148,45",05/2018
 JAIR TATTO,MATERIAL DE ESCRITORIO E OUTROS MATERIAIS DE CONSUMO,MARIA DA PAZ MARCELINO FREIXA BAZAR,59.408.849/0001-41,"5.500,45",05/2018
 JAIR TATTO,PROVEDOR DE INTERNET,TELEFONICA BRASIL S/A,02.558.157/0001-62,"109,99",05/2018
 JAIR TATTO,COMBUSTIVEL,POSTO DE SERVIÇOS ANTONIO PAES LTDA,62.409.305/0001-09,"1.564,92",06/2018
 JAIR TATTO,COMPOSIÇÃO/ARTE/DIAGRAMAÇÃO/PRODUÇÃO/IMPRESSAO GRAFICA,FÁBRICA SETE GRÁFICA E EDITORA LTDA - ME,00.651.238/0001-87,"5.000,00",06/2018
 JAIR TATTO,COMPOSIÇÃO/ARTE/DIAGRAMAÇÃO/PRODUÇÃO/IMPRESSAO GRAFICA,VISTAR PRESTAÇÃO DE SERVIÇOS DE DIGITAÇÃO LTDA ME,08.689.647/0001-84,"3.000,00",06/2018
 JAIR TATTO,CONTRATAÇAO DE PESSOA JURIDICA,CONDE e DELL ARINGA - DESENVOLVIMENTO DE SOFTWARES LTDA - EPP,09.613.772/0001-73,"161,00",06/2018
 JAIR TATTO,CONTRATAÇAO DE PESSOA JURIDICA,PROSPECT COMUNICAÇÃO E MARKETING LTDA-ME,26.885.016/0001-12,"1.200,00",06/2018
 JAIR TATTO,CONTRATAÇAO DE PESSOA JURIDICA,SANDRA DA CRUZ SANTANA NOGUEIRA 24753582892,28.040.815/0001-13,"3.000,00",06/2018
 JAIR TATTO,ELABORAÇÃO/MANUTENÇAO DE SITE/HOSPEDAGEM,VISTAR PRESTAÇÃO DE SERVIÇOS DE DIGITAÇÃO LTDA ME,08.689.647/0001-84,"2.000,00",06/2018
 JAIR TATTO,INTERMEDIADO - CORREIOS,CAMARA MUNICIPAL DE SÃO PAULO,50.176.288/0001-28,"298,92",06/2018
 JAIR TATTO,INTERMEDIADO - LOCAÇÃO DE VEÍCULOS,CAMARA MUNICIPAL DE SÃO PAULO,50.176.288/0001-28,"2.148,45",06/2018
 JAIR TATTO,PROVEDOR DE INTERNET,TELEFONICA BRASIL S/A,02.558.157/0001-62,"110,63",06/2018
 JAIR TATTO,TELEFONE MOVEL,NEXTEL TELECOMUNICAÇÕES LTDA,66.970.229/0001-67,"234,37",06/2018
 JAIR TATTO,COMBUSTIVEL,POSTO DE SERVIÇOS ANTONIO PAES LTDA,62.409.305/0001-09,"1.311,07",07/2018
 JAIR TATTO,COMPOSIÇÃO/ARTE/DIAGRAMAÇÃO/PRODUÇÃO/IMPRESSAO GRAFICA,VISTAR PRESTAÇÃO DE SERVIÇOS DE DIGITAÇÃO LTDA ME,08.689.647/0001-84,"3.000,00",07/2018
 JAIR TATTO,CONTRATAÇAO DE PESSOA JURIDICA,CONDE e DELL ARINGA - DESENVOLVIMENTO DE SOFTWARES LTDA - EPP,09.613.772/0001-73,"161,00",07/2018
 JAIR TATTO,CONTRATAÇAO DE PESSOA JURIDICA,PROSPECT COMUNICAÇÃO E MARKETING LTDA-ME,26.885.016/0001-12,"1.200,00",07/2018
 JAIR TATTO,CONTRATAÇAO DE PESSOA JURIDICA,SANDRA DA CRUZ SANTANA NOGUEIRA 24753582892,28.040.815/0001-13,"3.000,00",07/2018
 JAIR TATTO,ELABORAÇÃO/MANUTENÇAO DE SITE/HOSPEDAGEM,VISTAR PRESTAÇÃO DE SERVIÇOS DE DIGITAÇÃO LTDA ME,08.689.647/0001-84,"2.000,00",07/2018
 JAIR TATTO,INTERMEDIADO - CORREIOS,CAMARA MUNICIPAL DE SÃO PAULO,50.176.288/0001-28,"2.324,50",07/2018
 JAIR TATTO,INTERMEDIADO - LOCAÇÃO DE VEÍCULOS,CAMARA MUNICIPAL DE SÃO PAULO,50.176.288/0001-28,"2.148,45",07/2018
 JAIR TATTO,PROVEDOR DE INTERNET,TELEFONICA BRASIL S/A,02.558.157/0001-62,"129,99",07/2018
 JAIR TATTO,TELEFONE MOVEL,NEXTEL TELECOMUNICAÇÕES LTDA,66.970.229/0001-67,"243,65",07/2018
 JAIR TATTO,COMBUSTIVEL,POSTO DE SERVIÇOS ANTONIO PAES LTDA,62.409.305/0001-09,"1.696,20",08/2018
 JAIR TATTO,COMPOSIÇÃO/ARTE/DIAGRAMAÇÃO/PRODUÇÃO/IMPRESSAO GRAFICA,FÁBRICA SETE GRÁFICA E EDITORA LTDA - ME,00.651.238/0001-87,"5.000,00",08/2018
 JAIR TATTO,COMPOSIÇÃO/ARTE/DIAGRAMAÇÃO/PRODUÇÃO/IMPRESSAO GRAFICA,VISTAR PRESTAÇÃO DE SERVIÇOS DE DIGITAÇÃO LTDA ME,08.689.647/0001-84,"3.000,00",08/2018
 JAIR TATTO,CONTRATAÇAO DE PESSOA JURIDICA,CONDE e DELL ARINGA - DESENVOLVIMENTO DE SOFTWARES LTDA - EPP,09.613.772/0001-73,"161,00",08/2018
 JAIR TATTO,CONTRATAÇAO DE PESSOA JURIDICA,SANDRA DA CRUZ SANTANA NOGUEIRA 24753582892,28.040.815/0001-13,"3.500,00",08/2018
 JAIR TATTO,ELABORAÇÃO/MANUTENÇAO DE SITE/HOSPEDAGEM,VISTAR PRESTAÇÃO DE SERVIÇOS DE DIGITAÇÃO LTDA ME,08.689.647/0001-84,"2.000,00",08/2018
 JAIR TATTO,INTERMEDIADO - CORREIOS,CAMARA MUNICIPAL DE SÃO PAULO,50.176.288/0001-28,"921,65",08/2018
 JAIR TATTO,INTERMEDIADO - LOCAÇÃO DE VEÍCULOS,CAMARA MUNICIPAL DE SÃO PAULO,50.176.288/0001-28,"2.148,45",08/2018
 JAIR TATTO,MATERIAL DE ESCRITORIO E OUTROS MATERIAIS DE CONSUMO,CORESA COMERCIAL PAPELARIA E INFORMATICA LTDA,54.738.901/0001-04,"1.425,00",08/2018
 JAIR TATTO,PROVEDOR DE INTERNET,TELEFONICA BRASIL S/A,02.558.157/0001-62,"29,36",08/2018
 JAIR TATTO,TELEFONE MOVEL,NEXTEL TELECOMUNICAÇÕES LTDA,66.970.229/0001-67,"247,31",08/2018
 JAIR TATTO,COMBUSTIVEL,POSTO DE SERVIÇOS ANTONIO PAES LTDA,62.409.305/0001-09,"1.115,52",09/2018
 JAIR TATTO,COMPOSIÇÃO/ARTE/DIAGRAMAÇÃO/PRODUÇÃO/IMPRESSAO GRAFICA,FÁBRICA SETE GRÁFICA E EDITORA LTDA - ME,00.651.238/0001-87,"5.000,00",09/2018
 JAIR TATTO,COMPOSIÇÃO/ARTE/DIAGRAMAÇÃO/PRODUÇÃO/IMPRESSAO GRAFICA,VISTAR PRESTAÇÃO DE SERVIÇOS DE DIGITAÇÃO LTDA ME,08.689.647/0001-84,"3.000,00",09/2018
 JAIR TATTO,CONTRATAÇAO DE PESSOA JURIDICA,CONDE e DELL ARINGA - DESENVOLVIMENTO DE SOFTWARES LTDA - EPP,09.613.772/0001-73,"161,00",09/2018
 JAIR TATTO,CONTRATAÇAO DE PESSOA JURIDICA,PROSPECT COMUNICAÇÃO E MARKETING LTDA-ME,26.885.016/0001-12,"1.200,00",09/2018
 JAIR TATTO,CONTRATAÇAO DE PESSOA JURIDICA,SANDRA DA CRUZ SANTANA NOGUEIRA 24753582892,28.040.815/0001-13,"3.500,00",09/2018
 JAIR TATTO,ELABORAÇÃO/MANUTENÇAO DE SITE/HOSPEDAGEM,VISTAR PRESTAÇÃO DE SERVIÇOS DE DIGITAÇÃO LTDA ME,08.689.647/0001-84,"2.000,00",09/2018
 JAIR TATTO,INTERMEDIADO - CORREIOS,CAMARA MUNICIPAL DE SÃO PAULO,50.176.288/0001-28,"314,08",09/2018
 JAIR TATTO,INTERMEDIADO - LOCAÇÃO DE VEÍCULOS,CAMARA MUNICIPAL DE SÃO PAULO,50.176.288/0001-28,"2.148,45",09/2018
 JAIR TATTO,PROVEDOR DE INTERNET,TELEFONICA BRASIL S/A,02.558.157/0001-62,"25,16",09/2018
 JAIR TATTO,TELEFONE MOVEL,NEXTEL TELECOMUNICAÇÕES LTDA,66.970.229/0001-67,"266,65",09/2018
 JAIR TATTO,COMBUSTIVEL,POSTO DE SERVIÇOS ANTONIO PAES LTDA,62.409.305/0001-09,"1.245,69",10/2018
 JAIR TATTO,COMPOSIÇÃO/ARTE/DIAGRAMAÇÃO/PRODUÇÃO/IMPRESSAO GRAFICA,FÁBRICA SETE GRÁFICA E EDITORA LTDA - ME,00.651.238/0001-87,"5.000,00",10/2018
 JAIR TATTO,COMPOSIÇÃO/ARTE/DIAGRAMAÇÃO/PRODUÇÃO/IMPRESSAO GRAFICA,VISTAR PRESTAÇÃO DE SERVIÇOS DE DIGITAÇÃO LTDA ME,08.689.647/0001-84,"3.000,00",10/2018
 JAIR TATTO,CONTRATAÇAO DE PESSOA JURIDICA,CONDE e DELL ARINGA - DESENVOLVIMENTO DE SOFTWARES LTDA - EPP,09.613.772/0001-73,"161,00",10/2018
 JAIR TATTO,CONTRATAÇAO DE PESSOA JURIDICA,PROSPECT COMUNICAÇÃO E MARKETING LTDA-ME,26.885.016/0001-12,"1.200,00",10/2018
 JAIR TATTO,CONTRATAÇAO DE PESSOA JURIDICA,SANDRA DA CRUZ SANTANA NOGUEIRA 24753582892,28.040.815/0001-13,"3.500,00",10/2018
 JAIR TATTO,ELABORAÇÃO/MANUTENÇAO DE SITE/HOSPEDAGEM,VISTAR PRESTAÇÃO DE SERVIÇOS DE DIGITAÇÃO LTDA ME,08.689.647/0001-84,"2.000,00",10/2018
 JAIR TATTO,INTERMEDIADO - CORREIOS,CAMARA MUNICIPAL DE SÃO PAULO,50.176.288/0001-28,"8.839,75",10/2018
 JAIR TATTO,INTERMEDIADO - LOCAÇÃO DE VEÍCULOS,CAMARA MUNICIPAL DE SÃO PAULO,50.176.288/0001-28,"2.148,45",10/2018
 JAIR TATTO,MATERIAL DE ESCRITORIO E OUTROS MATERIAIS DE CONSUMO,MARIA DA PAZ MARCELINO FREIXA BAZAR,59.408.849/0001-41,"5.530,50",10/2018
 JAIR TATTO,PROVEDOR DE INTERNET,TELEFONICA BRASIL S/A,02.558.157/0001-62,"129,99",10/2018
 JAIR TATTO,TELEFONE MOVEL,NEXTEL TELECOMUNICAÇÕES LTDA,66.970.229/0001-67,"283,31",10/2018
 JAIR TATTO,COMBUSTIVEL,POSTO DE SERVIÇOS ANTONIO PAES LTDA,62.409.305/0001-09,"1.381,47",11/2018
 JAIR TATTO,COMPOSIÇÃO/ARTE/DIAGRAMAÇÃO/PRODUÇÃO/IMPRESSAO GRAFICA,GRAFICA E EDITORA MATSUNAGA LTDA,07.462.215/0001-73,"5.000,00",11/2018
 JAIR TATTO,COMPOSIÇÃO/ARTE/DIAGRAMAÇÃO/PRODUÇÃO/IMPRESSAO GRAFICA,VISTAR PRESTAÇÃO DE SERVIÇOS DE DIGITAÇÃO LTDA ME,08.689.647/0001-84,"3.000,00",11/2018
 JAIR TATTO,CONTRATAÇAO DE PESSOA JURIDICA,CONDE e DELL ARINGA - DESENVOLVIMENTO DE SOFTWARES LTDA - EPP,09.613.772/0001-73,"161,00",11/2018
 JAIR TATTO,CONTRATAÇAO DE PESSOA JURIDICA,PROSPECT COMUNICAÇÃO E MARKETING LTDA-ME,26.885.016/0001-12,"1.200,00",11/2018
 JAIR TATTO,CONTRATAÇAO DE PESSOA JURIDICA,SANDRA DA CRUZ SANTANA NOGUEIRA 24753582892,28.040.815/0001-13,"3.500,00",11/2018
 JAIR TATTO,CONTRATAÇAO DE PESSOA JURIDICA,WORK LINE SYSTEM INFORMÁTICA LTDA,67.002.329/0001-62,"3.036,00",11/2018
 JAIR TATTO,ELABORAÇÃO/MANUTENÇAO DE SITE/HOSPEDAGEM,VISTAR PRESTAÇÃO DE SERVIÇOS DE DIGITAÇÃO LTDA ME,08.689.647/0001-84,"2.000,00",11/2018
 JAIR TATTO,INTERMEDIADO - CORREIOS,CAMARA MUNICIPAL DE SÃO PAULO,50.176.288/0001-28,"323,86",11/2018
 JAIR TATTO,INTERMEDIADO - LOCAÇÃO DE VEÍCULOS,CAMARA MUNICIPAL DE SÃO PAULO,50.176.288/0001-28,"2.148,45",11/2018
 JAIR TATTO,MATERIAL DE ESCRITORIO E OUTROS MATERIAIS DE CONSUMO,HABILTECS DISTRIBUIÇÃO DE PEÇAS E SERVIÇOS LTDA.,96.409.172/0001-92,"1.497,58",11/2018
 JAIR TATTO,PROVEDOR DE INTERNET,TELEFONICA BRASIL S/A,02.558.157/0001-62,"129,99",11/2018
 JAIR TATTO,REPROGRAFIA (XEROX/ENCADERNAÇÃO),TOP MANUSEIO SOLUÇÕES LOGISTICAS GRAFICAS E POSTAIS LTDA-ME,23.826.867/0001-04,"7.975,00",11/2018
 JAIR TATTO,TELEFONE MOVEL,NEXTEL TELECOMUNICAÇÕES LTDA,66.970.229/0001-67,"310,53",11/2018
 JAIR TATTO,COMBUSTIVEL,POSTO DE SERVIÇOS ANTONIO PAES LTDA,62.409.305/0001-09,"1.393,44",12/2018
 JAIR TATTO,COMPOSIÇÃO/ARTE/DIAGRAMAÇÃO/PRODUÇÃO/IMPRESSAO GRAFICA,GRAFICA E EDITORA MATSUNAGA LTDA,07.462.215/0001-73,"5.000,00",12/2018
 JAIR TATTO,COMPOSIÇÃO/ARTE/DIAGRAMAÇÃO/PRODUÇÃO/IMPRESSAO GRAFICA,VISTAR PRESTAÇÃO DE SERVIÇOS DE DIGITAÇÃO LTDA ME,08.689.647/0001-84,"3.000,00",12/2018
 JAIR TATTO,CONTRATAÇAO DE PESSOA JURIDICA,PROSPECT COMUNICAÇÃO E MARKETING LTDA-ME,26.885.016/0001-12,"636,00",12/2018
 JAIR TATTO,CONTRATAÇAO DE PESSOA JURIDICA,SANDRA DA CRUZ SANTANA NOGUEIRA 24753582892,28.040.815/0001-13,"3.500,00",12/2018
 JAIR TATTO,CONTRATAÇAO DE PESSOA JURIDICA,WORK LINE SYSTEM INFORMÁTICA LTDA,67.002.329/0001-62,"3.864,00",12/2018
 JAIR TATTO,ELABORAÇÃO/MANUTENÇAO DE SITE/HOSPEDAGEM,VISTAR PRESTAÇÃO DE SERVIÇOS DE DIGITAÇÃO LTDA ME,08.689.647/0001-84,"2.000,00",12/2018
 JAIR TATTO,INTERMEDIADO - CORREIOS,CAMARA MUNICIPAL DE SÃO PAULO,50.176.288/0001-28,"354,00",12/2018
 JAIR TATTO,INTERMEDIADO - LOCAÇÃO DE VEÍCULOS,CAMARA MUNICIPAL DE SÃO PAULO,50.176.288/0001-28,"2.148,45",12/2018
 JAIR TATTO,PROVEDOR DE INTERNET,TELEFONICA BRASIL S/A,02.558.157/0001-62,"129,99",12/2018
 JAIR TATTO,PROVEDOR DE INTERNET,CONDE e DELL ARINGA - DESENVOLVIMENTO DE SOFTWARES LTDA - EPP,09.613.772/0001-73,"161,00",12/2018
 JAIR TATTO,REPROGRAFIA (XEROX/ENCADERNAÇÃO),TOP MANUSEIO SOLUÇÕES LOGISTICAS GRAFICAS E POSTAIS LTDA-ME,23.826.867/0001-04,"7.975,00",12/2018
 JAIR TATTO,TELEFONE MOVEL,NEXTEL TELECOMUNICAÇÕES LTDA,66.970.229/0001-67,"274,50",12/2018
 JAIR TATTO,COMBUSTIVEL,POSTO DE SERVIÇOS ANTONIO PAES LTDA,62.409.305/0001-09,"694,22",01/2019
 JAIR TATTO,COMPOSIÇÃO/ARTE/DIAGRAMAÇÃO/PRODUÇÃO/IMPRESSAO GRAFICA,GRAFICA E EDITORA MATSUNAGA LTDA,07.462.215/0001-73,"5.000,00",01/2019
 JAIR TATTO,COMPOSIÇÃO/ARTE/DIAGRAMAÇÃO/PRODUÇÃO/IMPRESSAO GRAFICA,VISTAR PRESTAÇÃO DE SERVIÇOS DE DIGITAÇÃO LTDA ME,08.689.647/0001-84,"3.000,00",01/2019
 JAIR TATTO,CONTRATAÇAO DE PESSOA JURIDICA,PROSPECT COMUNICAÇÃO E MARKETING LTDA-ME,26.885.016/0001-12,"1.200,00",01/2019
 JAIR TATTO,CONTRATAÇAO DE PESSOA JURIDICA,SANDRA DA CRUZ SANTANA NOGUEIRA 24753582892,28.040.815/0001-13,"3.500,00",01/2019
 JAIR TATTO,ELABORAÇÃO/MANUTENÇAO DE SITE/HOSPEDAGEM,VISTAR PRESTAÇÃO DE SERVIÇOS DE DIGITAÇÃO LTDA ME,08.689.647/0001-84,"2.000,00",01/2019
 JAIR TATTO,INTERMEDIADO - CORREIOS,CAMARA MUNICIPAL DE SÃO PAULO,50.176.288/0001-28,"167,08",01/2019
 JAIR TATTO,INTERMEDIADO - LOCAÇÃO DE VEÍCULOS,CAMARA MUNICIPAL DE SÃO PAULO,50.176.288/0001-28,"2.199,17",01/2019
 JAIR TATTO,TELEFONE MOVEL,NEXTEL TELECOMUNICAÇÕES LTDA,66.970.229/0001-67,"273,66",01/2019
 JAIR TATTO,COMBUSTIVEL,POSTO DE SERVIÇOS ANTONIO PAES LTDA,62.409.305/0001-09,"1.024,60",02/2019
 JAIR TATTO,COMPOSIÇÃO/ARTE/DIAGRAMAÇÃO/PRODUÇÃO/IMPRESSAO GRAFICA,GRAFICA E EDITORA MATSUNAGA LTDA,07.462.215/0001-73,"5.000,00",02/2019
 JAIR TATTO,COMPOSIÇÃO/ARTE/DIAGRAMAÇÃO/PRODUÇÃO/IMPRESSAO GRAFICA,VISTAR PRESTAÇÃO DE SERVIÇOS DE DIGITAÇÃO LTDA ME,08.689.647/0001-84,"3.000,00",02/2019
 JAIR TATTO,CONTRATAÇAO DE PESSOA JURIDICA,CONDE e DELL ARINGA - DESENVOLVIMENTO DE SOFTWARES LTDA - EPP,09.613.772/0001-73,"161,00",02/2019
 JAIR TATTO,CONTRATAÇAO DE PESSOA JURIDICA,PROSPECT COMUNICAÇÃO E MARKETING LTDA-ME,26.885.016/0001-12,"1.200,00",02/2019
 JAIR TATTO,CONTRATAÇAO DE PESSOA JURIDICA,SANDRA DA CRUZ SANTANA NOGUEIRA 24753582892,28.040.815/0001-13,"3.500,00",02/2019
 JAIR TATTO,ELABORAÇÃO/MANUTENÇAO DE SITE/HOSPEDAGEM,VISTAR PRESTAÇÃO DE SERVIÇOS DE DIGITAÇÃO LTDA ME,08.689.647/0001-84,"2.000,00",02/2019
 JAIR TATTO,INTERMEDIADO - CORREIOS,CAMARA MUNICIPAL DE SÃO PAULO,50.176.288/0001-28,"360,83",02/2019
 JAIR TATTO,INTERMEDIADO - LOCAÇÃO DE VEÍCULOS,CAMARA MUNICIPAL DE SÃO PAULO,50.176.288/0001-28,"2.214,62",02/2019
 JAIR TATTO,TELEFONE MOVEL,NEXTEL TELECOMUNICAÇÕES LTDA,66.970.229/0001-67,"268,76",02/2019
 JAIR TATTO,COMBUSTIVEL,POSTO DE SERVIÇOS ANTONIO PAES LTDA,62.409.305/0001-09,"1.034,62",03/2019
 JAIR TATTO,COMPOSIÇÃO/ARTE/DIAGRAMAÇÃO/PRODUÇÃO/IMPRESSAO GRAFICA,GRAFICA E EDITORA MATSUNAGA LTDA,07.462.215/0001-73,"5.000,00",03/2019
 JAIR TATTO,COMPOSIÇÃO/ARTE/DIAGRAMAÇÃO/PRODUÇÃO/IMPRESSAO GRAFICA,VISTAR PRESTAÇÃO DE SERVIÇOS DE DIGITAÇÃO LTDA ME,08.689.647/0001-84,"3.000,00",03/2019
 JAIR TATTO,CONTRATAÇAO DE PESSOA JURIDICA,CONDE e DELL ARINGA - DESENVOLVIMENTO DE SOFTWARES LTDA - EPP,09.613.772/0001-73,"161,00",03/2019
 JAIR TATTO,CONTRATAÇAO DE PESSOA JURIDICA,PROSPECT COMUNICAÇÃO E MARKETING LTDA-ME,26.885.016/0001-12,"1.200,00",03/2019
 JAIR TATTO,CONTRATAÇAO DE PESSOA JURIDICA,SANDRA DA CRUZ SANTANA NOGUEIRA 24753582892,28.040.815/0001-13,"4.500,00",03/2019
 JAIR TATTO,ELABORAÇÃO/MANUTENÇAO DE SITE/HOSPEDAGEM,VISTAR PRESTAÇÃO DE SERVIÇOS DE DIGITAÇÃO LTDA ME,08.689.647/0001-84,"2.000,00",03/2019
 JAIR TATTO,INTERMEDIADO - CORREIOS,CAMARA MUNICIPAL DE SÃO PAULO,50.176.288/0001-28,"617,85",03/2019
 JAIR TATTO,INTERMEDIADO - LOCAÇÃO DE VEÍCULOS,CAMARA MUNICIPAL DE SÃO PAULO,50.176.288/0001-28,"2.214,62",03/2019
 JAIR TATTO,MATERIAL DE ESCRITORIO E OUTROS MATERIAIS DE CONSUMO,HABILTECS DISTRIBUIÇÃO DE PEÇAS E SERVIÇOS LTDA.,96.409.172/0001-92,"1.716,00",03/2019
 JAIR TATTO,TELEFONE MOVEL,NEXTEL TELECOMUNICAÇÕES LTDA,66.970.229/0001-67,"263,65",03/2019
 JAIR TATTO,APERFEIÇOAMENTO PROFISSIONAL,EXPERT DIGITAL CONSULTORIA E TREINAMENTO LTDA,23.406.720/0001-57,"1.400,00",04/2019
 JAIR TATTO,COMBUSTIVEL,POSTO DE SERVIÇOS ANTONIO PAES LTDA,62.409.305/0001-09,"1.308,37",04/2019
 JAIR TATTO,COMPOSIÇÃO/ARTE/DIAGRAMAÇÃO/PRODUÇÃO/IMPRESSAO GRAFICA,BIGFORMS LTDA ME,02.262.031/0001-46,"5.000,00",04/2019
 JAIR TATTO,COMPOSIÇÃO/ARTE/DIAGRAMAÇÃO/PRODUÇÃO/IMPRESSAO GRAFICA,VISTAR PRESTAÇÃO DE SERVIÇOS DE DIGITAÇÃO LTDA ME,08.689.647/0001-84,"3.000,00",04/2019
 JAIR TATTO,CONTRATAÇAO DE PESSOA JURIDICA,SILVEIRA ANDRADE ADVOGADOS,06.002.367/0001-20,"5.000,00",04/2019
 JAIR TATTO,CONTRATAÇAO DE PESSOA JURIDICA,CONDE e DELL ARINGA - DESENVOLVIMENTO DE SOFTWARES LTDA - EPP,09.613.772/0001-73,"161,00",04/2019
 JAIR TATTO,CONTRATAÇAO DE PESSOA JURIDICA,PROSPECT COMUNICAÇÃO E MARKETING LTDA-ME,26.885.016/0001-12,"1.200,00",04/2019
 JAIR TATTO,CONTRATAÇAO DE PESSOA JURIDICA,SANDRA DA CRUZ SANTANA NOGUEIRA 24753582892,28.040.815/0001-13,"4.500,00",04/2019
 JAIR TATTO,ELABORAÇÃO/MANUTENÇAO DE SITE/HOSPEDAGEM,VISTAR PRESTAÇÃO DE SERVIÇOS DE DIGITAÇÃO LTDA ME,08.689.647/0001-84,"2.000,00",04/2019
 JAIR TATTO,INTERMEDIADO - CORREIOS,CAMARA MUNICIPAL DE SÃO PAULO,50.176.288/0001-28,"482,56",04/2019
 JAIR TATTO,INTERMEDIADO - LOCAÇÃO DE VEÍCULOS,CAMARA MUNICIPAL DE SÃO PAULO,50.176.288/0001-28,"2.214,62",04/2019
 JAIR TATTO,MATERIAL DE ESCRITORIO E OUTROS MATERIAIS DE CONSUMO,MARIA DA PAZ MARCELINO FREIXA BAZAR,59.408.849/0001-41,"4.624,00",04/2019
 JAIR TATTO,TELEFONE MOVEL,NEXTEL TELECOMUNICAÇÕES LTDA,66.970.229/0001-67,"284,07",04/2019
 JAIR TATTO,COMBUSTIVEL,POSTO DE SERVIÇOS ANTONIO PAES LTDA,62.409.305/0001-09,"1.404,96",05/2019
 JAIR TATTO,COMPOSIÇÃO/ARTE/DIAGRAMAÇÃO/PRODUÇÃO/IMPRESSAO GRAFICA,BIGFORMS LTDA ME,02.262.031/0001-46,"6.000,00",05/2019
 JAIR TATTO,COMPOSIÇÃO/ARTE/DIAGRAMAÇÃO/PRODUÇÃO/IMPRESSAO GRAFICA,VISTAR PRESTAÇÃO DE SERVIÇOS DE DIGITAÇÃO LTDA ME,08.689.647/0001-84,"3.000,00",05/2019
 JAIR TATTO,CONTRATAÇAO DE PESSOA JURIDICA,CONDE e DELL ARINGA - DESENVOLVIMENTO DE SOFTWARES LTDA - EPP,09.613.772/0001-73,"161,00",05/2019
 JAIR TATTO,CONTRATAÇAO DE PESSOA JURIDICA,PROSPECT COMUNICAÇÃO E MARKETING LTDA-ME,26.885.016/0001-12,"1.200,00",05/2019
 JAIR TATTO,CONTRATAÇAO DE PESSOA JURIDICA,FRANCISCO DE ASSIS ARAUJO DE MACEDO,29.076.515/0001-57,"1.500,00",05/2019
 JAIR TATTO,CONTRATAÇAO DE PESSOA JURIDICA,PRISCILA SILVA DE LIMA,33.434.261/0001-79,"3.500,00",05/2019
 JAIR TATTO,ELABORAÇÃO/MANUTENÇAO DE SITE/HOSPEDAGEM,VISTAR PRESTAÇÃO DE SERVIÇOS DE DIGITAÇÃO LTDA ME,08.689.647/0001-84,"2.000,00",05/2019
 JAIR TATTO,EVENTOS/SEMINARIOS,PRINT SEVEN COPIAS E IMPRESSÕES LTDA - EPP,05.547.244/0001-02,"292,50",05/2019
 JAIR TATTO,EVENTOS/SEMINARIOS,A.E. GUIMARÃES-ME,62.342.613/0001-64,"560,00",05/2019
 JAIR TATTO,INTERMEDIADO - CORREIOS,CAMARA MUNICIPAL DE SÃO PAULO,50.176.288/0001-28,"500,85",05/2019
 JAIR TATTO,INTERMEDIADO - LOCAÇÃO DE VEÍCULOS,CAMARA MUNICIPAL DE SÃO PAULO,50.176.288/0001-28,"2.214,62",05/2019
 JAIR TATTO,TELEFONE MOVEL,NEXTEL TELECOMUNICAÇÕES LTDA,66.970.229/0001-67,"270,41",05/2019
 JAIR TATTO,COMBUSTIVEL,POSTO DE SERVIÇOS ANTONIO PAES LTDA,62.409.305/0001-09,"1.272,78",06/2019
 JAIR TATTO,COMPOSIÇÃO/ARTE/DIAGRAMAÇÃO/PRODUÇÃO/IMPRESSAO GRAFICA,VISTAR PRESTAÇÃO DE SERVIÇOS DE DIGITAÇÃO LTDA ME,08.689.647/0001-84,"3.000,00",06/2019
 JAIR TATTO,CONTRATAÇAO DE PESSOA JURIDICA,CONDE e DELL ARINGA - DESENVOLVIMENTO DE SOFTWARES LTDA - EPP,09.613.772/0001-73,"161,00",06/2019
 JAIR TATTO,CONTRATAÇAO DE PESSOA JURIDICA,PROSPECT COMUNICAÇÃO E MARKETING LTDA-ME,26.885.016/0001-12,"1.200,00",06/2019
 JAIR TATTO,ELABORAÇÃO/MANUTENÇAO DE SITE/HOSPEDAGEM,VISTAR PRESTAÇÃO DE SERVIÇOS DE DIGITAÇÃO LTDA ME,08.689.647/0001-84,"2.000,00",06/2019
 JAIR TATTO,INTERMEDIADO - CORREIOS,CAMARA MUNICIPAL DE SÃO PAULO,50.176.288/0001-28,"429,60",06/2019
 JAIR TATTO,INTERMEDIADO - LOCAÇÃO DE VEÍCULOS,CAMARA MUNICIPAL DE SÃO PAULO,50.176.288/0001-28,"2.214,62",06/2019
 JAIR TATTO,REPROGRAFIA (XEROX/ENCADERNAÇÃO),TOP MANUSEIO SOLUÇÕES LOGISTICAS GRAFICAS E POSTAIS LTDA-ME,23.826.867/0001-04,"540,00",06/2019
 JAIR TATTO,TELEFONE MOVEL,NEXTEL TELECOMUNICAÇÕES LTDA,66.970.229/0001-67,"256,38",06/2019
 JAIR TATTO,COMBUSTIVEL,POSTO DE SERVIÇOS ANTONIO PAES LTDA,62.409.305/0001-09,"994,95",07/2019
 JAIR TATTO,COMPOSIÇÃO/ARTE/DIAGRAMAÇÃO/PRODUÇÃO/IMPRESSAO GRAFICA,BIGFORMS LTDA ME,02.262.031/0001-46,"5.000,00",07/2019
 JAIR TATTO,COMPOSIÇÃO/ARTE/DIAGRAMAÇÃO/PRODUÇÃO/IMPRESSAO GRAFICA,VISTAR PRESTAÇÃO DE SERVIÇOS DE DIGITAÇÃO LTDA ME,08.689.647/0001-84,"3.000,00",07/2019
 JAIR TATTO,CONTRATAÇAO DE PESSOA JURIDICA,CONDE e DELL ARINGA - DESENVOLVIMENTO DE SOFTWARES LTDA - EPP,09.613.772/0001-73,"161,00",07/2019
 JAIR TATTO,CONTRATAÇAO DE PESSOA JURIDICA,PROSPECT COMUNICAÇÃO E MARKETING LTDA-ME,26.885.016/0001-12,"1.200,00",07/2019
 JAIR TATTO,CONTRATAÇAO DE PESSOA JURIDICA,PRISCILA SILVA DE LIMA,33.434.261/0001-79,"3.500,00",07/2019
 JAIR TATTO,ELABORAÇÃO/MANUTENÇAO DE SITE/HOSPEDAGEM,VISTAR PRESTAÇÃO DE SERVIÇOS DE DIGITAÇÃO LTDA ME,08.689.647/0001-84,"2.000,00",07/2019
 JAIR TATTO,EVENTOS/SEMINARIOS,JAMES RODRIGO COLOMBO DOS SANTOS,33.663.031/0001-81,"460,00",07/2019
 JAIR TATTO,INTERMEDIADO - CORREIOS,CAMARA MUNICIPAL DE SÃO PAULO,50.176.288/0001-28,"349,70",07/2019
 JAIR TATTO,INTERMEDIADO - LOCAÇÃO DE VEÍCULOS,CAMARA MUNICIPAL DE SÃO PAULO,50.176.288/0001-28,"2.214,62",07/2019
 JAIR TATTO,TELEFONE MOVEL,TELEFONICA BRASIL S/A,02.558.157/0001-62,"145,65",07/2019
 JAIR TATTO,TELEFONE MOVEL,NEXTEL TELECOMUNICAÇÕES LTDA,66.970.229/0001-67,"198,51",07/2019
 JAIR TATTO,APERFEIÇOAMENTO PROFISSIONAL,INSTITUTO BRASILEIRO DE EDUCAÇÃO EM GESTÃO PÚBLICA - IBEGESP,15.691.685/0001-37,"782,00",08/2019
 JAIR TATTO,COMBUSTIVEL,POSTO DE SERVIÇOS ANTONIO PAES LTDA,62.409.305/0001-09,"1.511,34",08/2019
 JAIR TATTO,COMPOSIÇÃO/ARTE/DIAGRAMAÇÃO/PRODUÇÃO/IMPRESSAO GRAFICA,BIGFORMS LTDA ME,02.262.031/0001-46,"6.000,00",08/2019
 JAIR TATTO,COMPOSIÇÃO/ARTE/DIAGRAMAÇÃO/PRODUÇÃO/IMPRESSAO GRAFICA,VISTAR PRESTAÇÃO DE SERVIÇOS DE DIGITAÇÃO LTDA ME,08.689.647/0001-84,"3.000,00",08/2019
 JAIR TATTO,CONTRATAÇAO DE PESSOA JURIDICA,CONDE e DELL ARINGA - DESENVOLVIMENTO DE SOFTWARES LTDA - EPP,09.613.772/0001-73,"161,00",08/2019
 JAIR TATTO,CONTRATAÇAO DE PESSOA JURIDICA,PROSPECT COMUNICAÇÃO E MARKETING LTDA-ME,26.885.016/0001-12,"1.200,00",08/2019
 JAIR TATTO,CONTRATAÇAO DE PESSOA JURIDICA,PRISCILA SILVA DE LIMA,33.434.261/0001-79,"7.000,00",08/2019
 JAIR TATTO,ELABORAÇÃO/MANUTENÇAO DE SITE/HOSPEDAGEM,VISTAR PRESTAÇÃO DE SERVIÇOS DE DIGITAÇÃO LTDA ME,08.689.647/0001-84,"2.000,00",08/2019
 JAIR TATTO,INTERMEDIADO - CORREIOS,CAMARA MUNICIPAL DE SÃO PAULO,50.176.288/0001-28,"485,15",08/2019
 JAIR TATTO,INTERMEDIADO - LOCAÇÃO DE VEÍCULOS,CAMARA MUNICIPAL DE SÃO PAULO,50.176.288/0001-28,"2.214,62",08/2019
 JAIR TATTO,LOCAÇÃO DE MOVEIS E EQUIPAMENTOS,ATTBRASIL TECNOLOGIA LOCAÇÃO E SOLUÇÕES EM INFORMATICA LTDA EPP,22.392.165/0001-99,"920,00",08/2019
 JAIR TATTO,TELEFONE MOVEL,TELEFONICA BRASIL S/A,02.558.157/0001-62,"420,81",08/2019
 JAIR TATTO,COMBUSTIVEL,POSTO DE SERVIÇOS ANTONIO PAES LTDA,62.409.305/0001-09,"1.048,05",09/2019
 JAIR TATTO,COMPOSIÇÃO/ARTE/DIAGRAMAÇÃO/PRODUÇÃO/IMPRESSAO GRAFICA,BIGFORMS LTDA ME,02.262.031/0001-46,"8.050,00",09/2019
 JAIR TATTO,COMPOSIÇÃO/ARTE/DIAGRAMAÇÃO/PRODUÇÃO/IMPRESSAO GRAFICA,VISTAR PRESTAÇÃO DE SERVIÇOS DE DIGITAÇÃO LTDA ME,08.689.647/0001-84,"3.000,00",09/2019
 JAIR TATTO,CONTRATAÇAO DE PESSOA JURIDICA,CONDE e DELL ARINGA - DESENVOLVIMENTO DE SOFTWARES LTDA - EPP,09.613.772/0001-73,"161,00",09/2019
 JAIR TATTO,CONTRATAÇAO DE PESSOA JURIDICA,PRISCILA SILVA DE LIMA,33.434.261/0001-79,"3.500,00",09/2019
 JAIR TATTO,ELABORAÇÃO/MANUTENÇAO DE SITE/HOSPEDAGEM,VISTAR PRESTAÇÃO DE SERVIÇOS DE DIGITAÇÃO LTDA ME,08.689.647/0001-84,"2.000,00",09/2019
 JAIR TATTO,INTERMEDIADO - CORREIOS,CAMARA MUNICIPAL DE SÃO PAULO,50.176.288/0001-28,"9.090,50",09/2019
 JAIR TATTO,INTERMEDIADO - LOCAÇÃO DE VEÍCULOS,CAMARA MUNICIPAL DE SÃO PAULO,50.176.288/0001-28,"2.214,62",09/2019
 JAIR TATTO,LOCAÇÃO DE MOVEIS E EQUIPAMENTOS,ATTBRASIL TECNOLOGIA LOCAÇÃO E SOLUÇÕES EM INFORMATICA LTDA EPP,22.392.165/0001-99,"920,00",09/2019
 JAIR TATTO,MATERIAL DE ESCRITORIO E OUTROS MATERIAIS DE CONSUMO,HABILTECS DISTRIBUIÇÃO DE PEÇAS E SERVIÇOS LTDA.,96.409.172/0001-92,"1.896,00",09/2019
 JAIR TATTO,TELEFONE MOVEL,TELEFONICA BRASIL S/A,02.558.157/0001-62,"304,81",09/2019
 JAIR TATTO,COMBUSTIVEL,POSTO DE SERVIÇOS ANTONIO PAES LTDA,62.409.305/0001-09,"323,04",10/2019
 JAIR TATTO,COMPOSIÇÃO/ARTE/DIAGRAMAÇÃO/PRODUÇÃO/IMPRESSAO GRAFICA,BIGFORMS LTDA ME,02.262.031/0001-46,"8.000,00",10/2019
 JAIR TATTO,COMPOSIÇÃO/ARTE/DIAGRAMAÇÃO/PRODUÇÃO/IMPRESSAO GRAFICA,VISTAR PRESTAÇÃO DE SERVIÇOS DE DIGITAÇÃO LTDA ME,08.689.647/0001-84,"3.000,00",10/2019
 JAIR TATTO,CONTRATAÇAO DE PESSOA JURIDICA,CONDE e DELL ARINGA - DESENVOLVIMENTO DE SOFTWARES LTDA - EPP,09.613.772/0001-73,"161,00",10/2019
 JAIR TATTO,CONTRATAÇAO DE PESSOA JURIDICA,PROSPECT COMUNICAÇÃO E MARKETING LTDA-ME,26.885.016/0001-12,"1.200,00",10/2019
 JAIR TATTO,CONTRATAÇAO DE PESSOA JURIDICA,PRISCILA SILVA DE LIMA,33.434.261/0001-79,"3.500,00",10/2019
 JAIR TATTO,ELABORAÇÃO/MANUTENÇAO DE SITE/HOSPEDAGEM,VISTAR PRESTAÇÃO DE SERVIÇOS DE DIGITAÇÃO LTDA ME,08.689.647/0001-84,"2.000,00",10/2019
 JAIR TATTO,EVENTOS/SEMINARIOS,PRINT SEVEN COPIAS E IMPRESSÕES LTDA - EPP,05.547.244/0001-02,"555,75",10/2019
 JAIR TATTO,EVENTOS/SEMINARIOS,JAMES RODRIGO COLOMBO DOS SANTOS,33.663.031/0001-81,"500,00",10/2019
 JAIR TATTO,INTERMEDIADO - CORREIOS,CAMARA MUNICIPAL DE SÃO PAULO,50.176.288/0001-28,"330,91",10/2019
 JAIR TATTO,INTERMEDIADO - LOCAÇÃO DE VEÍCULOS,CAMARA MUNICIPAL DE SÃO PAULO,50.176.288/0001-28,"2.214,62",10/2019
 JAIR TATTO,LOCAÇÃO DE MOVEIS E EQUIPAMENTOS,ATTBRASIL TECNOLOGIA LOCAÇÃO E SOLUÇÕES EM INFORMATICA LTDA EPP,22.392.165/0001-99,"920,00",10/2019
 JAIR TATTO,MATERIAL DE ESCRITORIO E OUTROS MATERIAIS DE CONSUMO,CENTER PAPEIS COMERCIAL LTDA.,06.226.820/0001-82,"878,30",10/2019
 JAIR TATTO,MATERIAL DE ESCRITORIO E OUTROS MATERIAIS DE CONSUMO,MARIA DA PAZ MARCELINO FREIXA BAZAR,59.408.849/0001-41,"4.546,40",10/2019
 JAIR TATTO,TELEFONE MOVEL,TELEFONICA BRASIL S/A,02.558.157/0001-62,"283,04",10/2019
 JAIR TATTO,COMBUSTIVEL,POSTO DE SERVIÇOS ANTONIO PAES LTDA,62.409.305/0001-09,"1.254,03",11/2019
 JAIR TATTO,COMPOSIÇÃO/ARTE/DIAGRAMAÇÃO/PRODUÇÃO/IMPRESSAO GRAFICA,BIGFORMS LTDA ME,02.262.031/0001-46,"7.952,00",11/2019
 JAIR TATTO,COMPOSIÇÃO/ARTE/DIAGRAMAÇÃO/PRODUÇÃO/IMPRESSAO GRAFICA,VISTAR PRESTAÇÃO DE SERVIÇOS DE DIGITAÇÃO LTDA ME,08.689.647/0001-84,"3.000,00",11/2019
 JAIR TATTO,CONTRATAÇAO DE PESSOA JURIDICA,CONDE e DELL ARINGA - DESENVOLVIMENTO DE SOFTWARES LTDA - EPP,09.613.772/0001-73,"161,00",11/2019
 JAIR TATTO,CONTRATAÇAO DE PESSOA JURIDICA,PROSPECT COMUNICAÇÃO E MARKETING LTDA-ME,26.885.016/0001-12,"1.200,00",11/2019
 JAIR TATTO,CONTRATAÇAO DE PESSOA JURIDICA,PRISCILA SILVA DE LIMA,33.434.261/0001-79,"3.500,00",11/2019
 JAIR TATTO,ELABORAÇÃO/MANUTENÇAO DE SITE/HOSPEDAGEM,VISTAR PRESTAÇÃO DE SERVIÇOS DE DIGITAÇÃO LTDA ME,08.689.647/0001-84,"2.000,00",11/2019
 JAIR TATTO,INTERMEDIADO - CORREIOS,CAMARA MUNICIPAL DE SÃO PAULO,50.176.288/0001-28,"494,55",11/2019
 JAIR TATTO,INTERMEDIADO - LOCAÇÃO DE VEÍCULOS,CAMARA MUNICIPAL DE SÃO PAULO,50.176.288/0001-28,"2.214,62",11/2019
 JAIR TATTO,LOCAÇÃO DE MOVEIS E EQUIPAMENTOS,ATTBRASIL TECNOLOGIA LOCAÇÃO E SOLUÇÕES EM INFORMATICA LTDA EPP,22.392.165/0001-99,"920,00",11/2019
 JAIR TATTO,TELEFONE MOVEL,TELEFONICA BRASIL S/A,02.558.157/0001-62,"375,99",11/2019
 JAIR TATTO,COMBUSTIVEL,POSTO DE SERVIÇOS ANTONIO PAES LTDA,62.409.305/0001-09,"1.570,71",12/2019
 JAIR TATTO,COMPOSIÇÃO/ARTE/DIAGRAMAÇÃO/PRODUÇÃO/IMPRESSAO GRAFICA,BIGFORMS LTDA ME,02.262.031/0001-46,"8.949,00",12/2019
 JAIR TATTO,COMPOSIÇÃO/ARTE/DIAGRAMAÇÃO/PRODUÇÃO/IMPRESSAO GRAFICA,VISTAR PRESTAÇÃO DE SERVIÇOS DE DIGITAÇÃO LTDA ME,08.689.647/0001-84,"4.000,00",12/2019
 JAIR TATTO,CONTRATAÇAO DE PESSOA JURIDICA,CONDE e DELL ARINGA - DESENVOLVIMENTO DE SOFTWARES LTDA - EPP,09.613.772/0001-73,"161,00",12/2019
 JAIR TATTO,CONTRATAÇAO DE PESSOA JURIDICA,PROSPECT COMUNICAÇÃO E MARKETING LTDA-ME,26.885.016/0001-12,"2.200,00",12/2019
 JAIR TATTO,CONTRATAÇAO DE PESSOA JURIDICA,PRISCILA SILVA DE LIMA,33.434.261/0001-79,"4.500,00",12/2019
 JAIR TATTO,ELABORAÇÃO/MANUTENÇAO DE SITE/HOSPEDAGEM,VISTAR PRESTAÇÃO DE SERVIÇOS DE DIGITAÇÃO LTDA ME,08.689.647/0001-84,"3.000,00",12/2019
 JAIR TATTO,INTERMEDIADO - CORREIOS,CAMARA MUNICIPAL DE SÃO PAULO,50.176.288/0001-28,"496,58",12/2019
 JAIR TATTO,INTERMEDIADO - LOCAÇÃO DE VEÍCULOS,CAMARA MUNICIPAL DE SÃO PAULO,50.176.288/0001-28,"2.214,62",12/2019
 JAIR TATTO,LOCAÇÃO DE MOVEIS E EQUIPAMENTOS,ATTBRASIL TECNOLOGIA LOCAÇÃO E SOLUÇÕES EM INFORMATICA LTDA EPP,22.392.165/0001-99,"920,00",12/2019
 JAIR TATTO,MATERIAL DE ESCRITORIO E OUTROS MATERIAIS DE CONSUMO,HABILTECS DISTRIBUIÇÃO DE PEÇAS E SERVIÇOS LTDA.,96.409.172/0001-92,"2.772,00",12/2019
 JAIR TATTO,TELEFONE MOVEL,TELEFONICA BRASIL S/A,02.558.157/0001-62,"295,91",12/2019
 JAIR TATTO,COMBUSTIVEL,POSTO DE SERVIÇOS ANTONIO PAES LTDA,62.409.305/0001-09,"1.029,91",01/2020
 JAIR TATTO,COMPOSIÇÃO/ARTE/DIAGRAMAÇÃO/PRODUÇÃO/IMPRESSAO GRAFICA,BIGFORMS LTDA ME,02.262.031/0001-46,"6.975,00",01/2020
 JAIR TATTO,COMPOSIÇÃO/ARTE/DIAGRAMAÇÃO/PRODUÇÃO/IMPRESSAO GRAFICA,VISTAR PRESTAÇÃO DE SERVIÇOS DE DIGITAÇÃO LTDA ME,08.689.647/0001-84,"3.000,00",01/2020
 JAIR TATTO,CONTRATAÇAO DE PESSOA JURIDICA,CONDE e DELL ARINGA - DESENVOLVIMENTO DE SOFTWARES LTDA - EPP,09.613.772/0001-73,"161,00",01/2020
 JAIR TATTO,CONTRATAÇAO DE PESSOA JURIDICA,PROSPECT COMUNICAÇÃO E MARKETING LTDA-ME,26.885.016/0001-12,"1.200,00",01/2020
 JAIR TATTO,CONTRATAÇAO DE PESSOA JURIDICA,PRISCILA SILVA DE LIMA,33.434.261/0001-79,"3.500,00",01/2020
 JAIR TATTO,ELABORAÇÃO/MANUTENÇAO DE SITE/HOSPEDAGEM,VISTAR PRESTAÇÃO DE SERVIÇOS DE DIGITAÇÃO LTDA ME,08.689.647/0001-84,"2.000,00",01/2020
 JAIR TATTO,INTERMEDIADO - CORREIOS,CAMARA MUNICIPAL DE SÃO PAULO,50.176.288/0001-28,"291,49",01/2020
 JAIR TATTO,INTERMEDIADO - LOCAÇÃO DE VEÍCULOS,CAMARA MUNICIPAL DE SÃO PAULO,50.176.288/0001-28,"2.249,41",01/2020
 JAIR TATTO,LOCAÇÃO DE MOVEIS E EQUIPAMENTOS,ATTBRASIL TECNOLOGIA LOCAÇÃO E SOLUÇÕES EM INFORMATICA LTDA EPP,22.392.165/0001-99,"920,00",01/2020
 JAIR TATTO,TELEFONE MOVEL,TELEFONICA BRASIL S/A,02.558.157/0001-62,"310,17",01/2020
 JAIR TATTO,COMBUSTIVEL,POSTO DE SERVIÇOS ANTONIO PAES LTDA,62.409.305/0001-09,"1.575,07",02/2020
 JAIR TATTO,COMPOSIÇÃO/ARTE/DIAGRAMAÇÃO/PRODUÇÃO/IMPRESSAO GRAFICA,VISTAR PRESTAÇÃO DE SERVIÇOS DE DIGITAÇÃO LTDA ME,08.689.647/0001-84,"3.000,00",02/2020
 JAIR TATTO,CONTRATAÇAO DE PESSOA JURIDICA,CONDE e DELL ARINGA - DESENVOLVIMENTO DE SOFTWARES LTDA - EPP,09.613.772/0001-73,"161,00",02/2020
 JAIR TATTO,CONTRATAÇAO DE PESSOA JURIDICA,PROSPECT COMUNICAÇÃO E MARKETING LTDA-ME,26.885.016/0001-12,"1.200,00",02/2020
 JAIR TATTO,CONTRATAÇAO DE PESSOA JURIDICA,PRISCILA SILVA DE LIMA,33.434.261/0001-79,"3.500,00",02/2020
 JAIR TATTO,ELABORAÇÃO/MANUTENÇAO DE SITE/HOSPEDAGEM,VISTAR PRESTAÇÃO DE SERVIÇOS DE DIGITAÇÃO LTDA ME,08.689.647/0001-84,"2.000,00",02/2020
 JAIR TATTO,INTERMEDIADO - CORREIOS,CAMARA MUNICIPAL DE SÃO PAULO,50.176.288/0001-28,"182,00",02/2020
 JAIR TATTO,INTERMEDIADO - LOCAÇÃO DE VEÍCULOS,CAMARA MUNICIPAL DE SÃO PAULO,50.176.288/0001-28,"2.260,00",02/2020
 JAIR TATTO,LOCAÇÃO DE MOVEIS E EQUIPAMENTOS,ATTBRASIL TECNOLOGIA LOCAÇÃO E SOLUÇÕES EM INFORMATICA LTDA EPP,22.392.165/0001-99,"920,00",02/2020
 JAIR TATTO,TELEFONE MOVEL,TELEFONICA BRASIL S/A,02.558.157/0001-62,"268,29",02/2020
 JAIR TATTO,COMBUSTIVEL,POSTO DE SERVIÇOS ANTONIO PAES LTDA,62.409.305/0001-09,"678,53",03/2020
 JAIR TATTO,COMPOSIÇÃO/ARTE/DIAGRAMAÇÃO/PRODUÇÃO/IMPRESSAO GRAFICA,VISTAR PRESTAÇÃO DE SERVIÇOS DE DIGITAÇÃO LTDA ME,08.689.647/0001-84,"3.000,00",03/2020
 JAIR TATTO,CONTRATAÇAO DE PESSOA JURIDICA,CONDE e DELL ARINGA - DESENVOLVIMENTO DE SOFTWARES LTDA - EPP,09.613.772/0001-73,"161,00",03/2020
 JAIR TATTO,CONTRATAÇAO DE PESSOA JURIDICA,PROSPECT COMUNICAÇÃO E MARKETING LTDA-ME,26.885.016/0001-12,"1.200,00",03/2020
 JAIR TATTO,CONTRATAÇAO DE PESSOA JURIDICA,PRISCILA SILVA DE LIMA,33.434.261/0001-79,"3.500,00",03/2020
 JAIR TATTO,ELABORAÇÃO/MANUTENÇAO DE SITE/HOSPEDAGEM,VISTAR PRESTAÇÃO DE SERVIÇOS DE DIGITAÇÃO LTDA ME,08.689.647/0001-84,"2.000,00",03/2020
 JAIR TATTO,EVENTOS/SEMINARIOS,DOUGLAS AMPARO MANSUR EIRELI-ME,01.179.280/0001-00,"300,00",03/2020
 JAIR TATTO,EVENTOS/SEMINARIOS,CESAR HIDEITI OGATA ME,09.427.004/0001-25,"400,00",03/2020
 JAIR TATTO,EVENTOS/SEMINARIOS,A.E. GUIMARÃES-ME,62.342.613/0001-64,"195,00",03/2020
 JAIR TATTO,INTERMEDIADO - CORREIOS,CAMARA MUNICIPAL DE SÃO PAULO,50.176.288/0001-28,"320,61",03/2020
 JAIR TATTO,INTERMEDIADO - LOCAÇÃO DE VEÍCULOS,CAMARA MUNICIPAL DE SÃO PAULO,50.176.288/0001-28,"2.260,00",03/2020
 JAIR TATTO,LOCAÇÃO DE MOVEIS E EQUIPAMENTOS,ATTBRASIL TECNOLOGIA LOCAÇÃO E SOLUÇÕES EM INFORMATICA LTDA EPP,22.392.165/0001-99,"920,00",03/2020
 JAIR TATTO,COMPOSIÇÃO/ARTE/DIAGRAMAÇÃO/PRODUÇÃO/IMPRESSAO GRAFICA,VISTAR PRESTAÇÃO DE SERVIÇOS DE DIGITAÇÃO LTDA ME,08.689.647/0001-84,"3.000,00",04/2020
 JAIR TATTO,CONTRATAÇAO DE PESSOA JURIDICA,PROSPECT COMUNICAÇÃO E MARKETING LTDA-ME,26.885.016/0001-12,"1.200,00",04/2020
 JAIR TATTO,CONTRATAÇAO DE PESSOA JURIDICA,PRISCILA SILVA DE LIMA,33.434.261/0001-79,"3.500,00",04/2020
 JAIR TATTO,ELABORAÇÃO/MANUTENÇAO DE SITE/HOSPEDAGEM,VISTAR PRESTAÇÃO DE SERVIÇOS DE DIGITAÇÃO LTDA ME,08.689.647/0001-84,"2.000,00",04/2020
 JAIR TATTO,INTERMEDIADO - LOCAÇÃO DE VEÍCULOS,CAMARA MUNICIPAL DE SÃO PAULO,50.176.288/0001-28,"2.260,00",04/2020
