 RICARDO NUNES,COMBUSTIVEL,POSTO ISOLA DERIVADOS DE PETROLEO LTDA.,02.872.106/0001-00,"517,12",01/2017
 RICARDO NUNES,COMPOSI츒/ARTE/DIAGRAMA츒/PRODU츒/IMPRESSAO GRAFICA,EXPRESS츒 SANTO ANDRE GRAFICA E EDITORA EIRELI EPP,47.828.827/0001-51,"7.210,00",01/2017
 RICARDO NUNES,CONTRATA큐O DE PESSOA JURIDICA,SOLARYS SOLUES DIGITAIS LTDA-ME,08.648.207/0001-89,"693,70",01/2017
 RICARDO NUNES,CONTRATA큐O DE PESSOA JURIDICA,ATTBRASIL TECNOLOGIA LOCA츒 E SOLUES EM INFORMATICA LTDA EPP,22.392.165/0001-99,"346,85",01/2017
 RICARDO NUNES,INTERMEDIADO - CORREIOS,CAMARA MUNICIPAL DE S츒 PAULO,50.176.288/0001-28,"124,20",01/2017
 RICARDO NUNES,INTERMEDIADO - LOCA츒 DE VE펚ULOS,CAMARA MUNICIPAL DE S츒 PAULO,50.176.288/0001-28,"2.058,08",01/2017
 RICARDO NUNES,INTERMEDIADO - REPROGRAFIA (XEROX/ENCADERNA츒),CAMARA MUNICIPAL DE S츒 PAULO,50.176.288/0001-28,"75,78",01/2017
 RICARDO NUNES,LOCA츒 DE MOVEIS E EQUIPAMENTOS,ATTBRASIL TECNOLOGIA LOCA츒 E SOLUES EM INFORMATICA LTDA EPP,22.392.165/0001-99,"1.215,00",01/2017
 RICARDO NUNES,MATERIAL DE ESCRITORIO E OUTROS MATERIAIS DE CONSUMO,CENTER PAPEIS COMERCIAL LTDA.,06.226.820/0001-82,"735,15",01/2017
 RICARDO NUNES,PROVEDOR DE INTERNET,TELEFONICA BRASIL S/A,02.558.157/0001-62,"90,79",01/2017
 RICARDO NUNES,COMBUSTIVEL,POSTO ISOLA DERIVADOS DE PETROLEO LTDA.,02.872.106/0001-00,"160,01",02/2017
 RICARDO NUNES,COMPOSI츒/ARTE/DIAGRAMA츒/PRODU츒/IMPRESSAO GRAFICA,HERTHA MAX LTDA,04.128.944/0001-08,"1.600,00",02/2017
 RICARDO NUNES,CONTRATA큐O DE PESSOA JURIDICA,SOLARYS SOLUES DIGITAIS LTDA-ME,08.648.207/0001-89,"693,70",02/2017
 RICARDO NUNES,CONTRATA큐O DE PESSOA JURIDICA,ATTBRASIL TECNOLOGIA LOCA츒 E SOLUES EM INFORMATICA LTDA EPP,22.392.165/0001-99,"346,85",02/2017
 RICARDO NUNES,INTERMEDIADO - CORREIOS,CAMARA MUNICIPAL DE S츒 PAULO,50.176.288/0001-28,"1.825,40",02/2017
 RICARDO NUNES,INTERMEDIADO - LOCA츒 DE VE펚ULOS,CAMARA MUNICIPAL DE S츒 PAULO,50.176.288/0001-28,"2.101,17",02/2017
 RICARDO NUNES,INTERMEDIADO - REPROGRAFIA (XEROX/ENCADERNA츒),CAMARA MUNICIPAL DE S츒 PAULO,50.176.288/0001-28,"147,42",02/2017
 RICARDO NUNES,LOCA츒 DE MOVEIS E EQUIPAMENTOS,ATTBRASIL TECNOLOGIA LOCA츒 E SOLUES EM INFORMATICA LTDA EPP,22.392.165/0001-99,"1.215,00",02/2017
 RICARDO NUNES,MATERIAL DE ESCRITORIO E OUTROS MATERIAIS DE CONSUMO,CENTER PAPEIS COMERCIAL LTDA.,06.226.820/0001-82,"748,25",02/2017
 RICARDO NUNES,PROVEDOR DE INTERNET,TELEFONICA BRASIL S/A,02.558.157/0001-62,"90,79",02/2017
 RICARDO NUNES,COMBUSTIVEL,POSTO ISOLA DERIVADOS DE PETROLEO LTDA.,02.872.106/0001-00,"487,02",03/2017
 RICARDO NUNES,COMPOSI츒/ARTE/DIAGRAMA츒/PRODU츒/IMPRESSAO GRAFICA,IMAGE COLOR EDITORA E SERVI큞S LTDA EPP,03.623.639/0001-11,"4.360,00",03/2017
 RICARDO NUNES,COMPOSI츒/ARTE/DIAGRAMA츒/PRODU츒/IMPRESSAO GRAFICA,CEDYU CRIA츒 GRAFICA LTDA ME,11.272.401/0001-17,"3.186,77",03/2017
 RICARDO NUNES,CONTRATA큐O DE PESSOA JURIDICA,SOLARYS SOLUES DIGITAIS LTDA-ME,08.648.207/0001-89,"700,00",03/2017
 RICARDO NUNES,CONTRATA큐O DE PESSOA JURIDICA,ATTBRASIL TECNOLOGIA LOCA츒 E SOLUES EM INFORMATICA LTDA EPP,22.392.165/0001-99,"350,00",03/2017
 RICARDO NUNES,INTERMEDIADO - CORREIOS,CAMARA MUNICIPAL DE S츒 PAULO,50.176.288/0001-28,"1.491,04",03/2017
 RICARDO NUNES,INTERMEDIADO - LOCA츒 DE VE펚ULOS,CAMARA MUNICIPAL DE S츒 PAULO,50.176.288/0001-28,"2.101,17",03/2017
 RICARDO NUNES,INTERMEDIADO - REPROGRAFIA (XEROX/ENCADERNA츒),CAMARA MUNICIPAL DE S츒 PAULO,50.176.288/0001-28,"5,58",03/2017
 RICARDO NUNES,LOCA츒 DE MOVEIS E EQUIPAMENTOS,JET HOUSE COMERCIO E INFORMATICA LTDA EPP,04.360.279/0001-75,"1.965,00",03/2017
 RICARDO NUNES,LOCA츒 DE MOVEIS E EQUIPAMENTOS,ATTBRASIL TECNOLOGIA LOCA츒 E SOLUES EM INFORMATICA LTDA EPP,22.392.165/0001-99,"1.215,00",03/2017
 RICARDO NUNES,MATERIAL DE ESCRITORIO E OUTROS MATERIAIS DE CONSUMO,CENTER PAPEIS COMERCIAL LTDA.,06.226.820/0001-82,"410,65",03/2017
 RICARDO NUNES,MATERIAL DE ESCRITORIO E OUTROS MATERIAIS DE CONSUMO,RMC CENTER PAPELARIA LTDA,09.488.048/0001-65,"354,45",03/2017
 RICARDO NUNES,PROVEDOR DE INTERNET,TELEFONICA BRASIL S/A,02.558.157/0001-62,"90,79",03/2017
 RICARDO NUNES,COMPOSI츒/ARTE/DIAGRAMA츒/PRODU츒/IMPRESSAO GRAFICA,M8K AGENCIA LTDA,04.368.514/0001-55,"1.400,00",04/2017
 RICARDO NUNES,COMPOSI츒/ARTE/DIAGRAMA츒/PRODU츒/IMPRESSAO GRAFICA,CEDYU CRIA츒 GRAFICA LTDA ME,11.272.401/0001-17,"5.100,00",04/2017
 RICARDO NUNES,COMPOSI츒/ARTE/DIAGRAMA츒/PRODU츒/IMPRESSAO GRAFICA,COMUNICA츒 ABERTA EMPREENDEDORISMO SOCIAL LTDA,26.381.682/0001-13,"1.500,00",04/2017
 RICARDO NUNES,CONTRATA큐O DE PESSOA JURIDICA,SOLARYS SOLUES DIGITAIS LTDA-ME,08.648.207/0001-89,"700,00",04/2017
 RICARDO NUNES,CONTRATA큐O DE PESSOA JURIDICA,ATTBRASIL TECNOLOGIA LOCA츒 E SOLUES EM INFORMATICA LTDA EPP,22.392.165/0001-99,"350,00",04/2017
 RICARDO NUNES,INTERMEDIADO - CORREIOS,CAMARA MUNICIPAL DE S츒 PAULO,50.176.288/0001-28,"4.010,85",04/2017
 RICARDO NUNES,INTERMEDIADO - LOCA츒 DE VE펚ULOS,CAMARA MUNICIPAL DE S츒 PAULO,50.176.288/0001-28,"2.101,17",04/2017
 RICARDO NUNES,INTERMEDIADO - REPROGRAFIA (XEROX/ENCADERNA츒),CAMARA MUNICIPAL DE S츒 PAULO,50.176.288/0001-28,"54,00",04/2017
 RICARDO NUNES,LOCA츒 DE MOVEIS E EQUIPAMENTOS,JET HOUSE COMERCIO E INFORMATICA LTDA EPP,04.360.279/0001-75,"1.965,00",04/2017
 RICARDO NUNES,LOCA츒 DE MOVEIS E EQUIPAMENTOS,ATTBRASIL TECNOLOGIA LOCA츒 E SOLUES EM INFORMATICA LTDA EPP,22.392.165/0001-99,"1.215,00",04/2017
 RICARDO NUNES,PROVEDOR DE INTERNET,TELEFONICA BRASIL S/A,02.558.157/0001-62,"90,79",04/2017
 RICARDO NUNES,COMPOSI츒/ARTE/DIAGRAMA츒/PRODU츒/IMPRESSAO GRAFICA,M8K AGENCIA LTDA,04.368.514/0001-55,"2.990,00",05/2017
 RICARDO NUNES,COMPOSI츒/ARTE/DIAGRAMA츒/PRODU츒/IMPRESSAO GRAFICA,VCA SERVI큞S DIGITAIS LTDA EPP,12.837.403/0001-79,"4.899,66",05/2017
 RICARDO NUNES,CONTRATA큐O DE PESSOA JURIDICA,SOLARYS SOLUES DIGITAIS LTDA-ME,08.648.207/0001-89,"700,00",05/2017
 RICARDO NUNES,CONTRATA큐O DE PESSOA JURIDICA,COSTA E MENEZES SOCIEDADE DE ADVOGADOS,17.576.298/0001-85,"4.500,00",05/2017
 RICARDO NUNES,CONTRATA큐O DE PESSOA JURIDICA,ATTBRASIL TECNOLOGIA LOCA츒 E SOLUES EM INFORMATICA LTDA EPP,22.392.165/0001-99,"350,00",05/2017
 RICARDO NUNES,INTERMEDIADO - CORREIOS,CAMARA MUNICIPAL DE S츒 PAULO,50.176.288/0001-28,"8.844,55",05/2017
 RICARDO NUNES,INTERMEDIADO - LOCA츒 DE VE펚ULOS,CAMARA MUNICIPAL DE S츒 PAULO,50.176.288/0001-28,"560,31",05/2017
 RICARDO NUNES,LOCA츒 DE MOVEIS E EQUIPAMENTOS,JET HOUSE COMERCIO E INFORMATICA LTDA EPP,04.360.279/0001-75,"1.965,00",05/2017
 RICARDO NUNES,LOCA츒 DE MOVEIS E EQUIPAMENTOS,ATTBRASIL TECNOLOGIA LOCA츒 E SOLUES EM INFORMATICA LTDA EPP,22.392.165/0001-99,"1.215,00",05/2017
 RICARDO NUNES,MATERIAL DE ESCRITORIO E OUTROS MATERIAIS DE CONSUMO,CENTER PAPEIS COMERCIAL LTDA.,06.226.820/0001-82,"1.182,90",05/2017
 RICARDO NUNES,PROVEDOR DE INTERNET,TELEFONICA BRASIL S/A,02.558.157/0001-62,"90,79",05/2017
 RICARDO NUNES,REPROGRAFIA (XEROX/ENCADERNA츒),MASARRAT SIGNS COLOR COMUNICA츒 VISUAL LTDA - ME,14.215.387/0001-08,"7.200,00",05/2017
 RICARDO NUNES,COMPOSI츒/ARTE/DIAGRAMA츒/PRODU츒/IMPRESSAO GRAFICA,M8K AGENCIA LTDA,04.368.514/0001-55,"1.310,00",06/2017
 RICARDO NUNES,COMPOSI츒/ARTE/DIAGRAMA츒/PRODU츒/IMPRESSAO GRAFICA,TRINCA BUSINESS SOLUES EMPRESARIAIS LTDA ME,05.134.543/0001-15,"1.200,00",06/2017
 RICARDO NUNES,COMPOSI츒/ARTE/DIAGRAMA츒/PRODU츒/IMPRESSAO GRAFICA,VCA SERVI큞S DIGITAIS LTDA EPP,12.837.403/0001-79,"5.490,00",06/2017
 RICARDO NUNES,CONTRATA큐O DE PESSOA JURIDICA,M8K AGENCIA LTDA,04.368.514/0001-55,"2.990,00",06/2017
 RICARDO NUNES,CONTRATA큐O DE PESSOA JURIDICA,SOLARYS SOLUES DIGITAIS LTDA-ME,08.648.207/0001-89,"700,00",06/2017
 RICARDO NUNES,CONTRATA큐O DE PESSOA JURIDICA,COSTA E MENEZES SOCIEDADE DE ADVOGADOS,17.576.298/0001-85,"3.500,00",06/2017
 RICARDO NUNES,CONTRATA큐O DE PESSOA JURIDICA,ATTBRASIL TECNOLOGIA LOCA츒 E SOLUES EM INFORMATICA LTDA EPP,22.392.165/0001-99,"350,00",06/2017
 RICARDO NUNES,INTERMEDIADO - CORREIOS,CAMARA MUNICIPAL DE S츒 PAULO,50.176.288/0001-28,"1.504,12",06/2017
 RICARDO NUNES,INTERMEDIADO - REPROGRAFIA (XEROX/ENCADERNA츒),CAMARA MUNICIPAL DE S츒 PAULO,50.176.288/0001-28,"18,00",06/2017
 RICARDO NUNES,LOCA츒 DE MOVEIS E EQUIPAMENTOS,JET HOUSE COMERCIO E INFORMATICA LTDA EPP,04.360.279/0001-75,"1.965,00",06/2017
 RICARDO NUNES,LOCA츒 DE MOVEIS E EQUIPAMENTOS,ATTBRASIL TECNOLOGIA LOCA츒 E SOLUES EM INFORMATICA LTDA EPP,22.392.165/0001-99,"1.215,00",06/2017
 RICARDO NUNES,MATERIAL DE ESCRITORIO E OUTROS MATERIAIS DE CONSUMO,CENTER PAPEIS COMERCIAL LTDA.,06.226.820/0001-82,"353,50",06/2017
 RICARDO NUNES,MATERIAL DE ESCRITORIO E OUTROS MATERIAIS DE CONSUMO,RMC CENTER PAPELARIA LTDA,09.488.048/0001-65,"1.064,70",06/2017
 RICARDO NUNES,PROVEDOR DE INTERNET,TELEFONICA BRASIL S/A,02.558.157/0001-62,"89,92",06/2017
 RICARDO NUNES,REPROGRAFIA (XEROX/ENCADERNA츒),CEDYU CRIA츒 GRAFICA LTDA ME,11.272.401/0001-17,"5.460,30",06/2017
 RICARDO NUNES,REPROGRAFIA (XEROX/ENCADERNA츒),MASARRAT SIGNS COLOR COMUNICA츒 VISUAL LTDA - ME,14.215.387/0001-08,"2.500,00",06/2017
 RICARDO NUNES,COMPOSI츒/ARTE/DIAGRAMA츒/PRODU츒/IMPRESSAO GRAFICA,M8K AGENCIA LTDA,04.368.514/0001-55,"1.073,01",07/2017
 RICARDO NUNES,COMPOSI츒/ARTE/DIAGRAMA츒/PRODU츒/IMPRESSAO GRAFICA,FORMA CERTA GRAFICA  DIGITAL LTDA,07.691.829/0001-27,"626,00",07/2017
 RICARDO NUNES,COMPOSI츒/ARTE/DIAGRAMA츒/PRODU츒/IMPRESSAO GRAFICA,VCA SERVI큞S DIGITAIS LTDA EPP,12.837.403/0001-79,"5.500,00",07/2017
 RICARDO NUNES,COMPOSI츒/ARTE/DIAGRAMA츒/PRODU츒/IMPRESSAO GRAFICA,ARTE LU E RO GRAFICA EIRELI,18.588.528/0001-99,"800,00",07/2017
 RICARDO NUNES,CONTRATA큐O DE PESSOA JURIDICA,M8K AGENCIA LTDA,04.368.514/0001-55,"2.990,00",07/2017
 RICARDO NUNES,CONTRATA큐O DE PESSOA JURIDICA,SOLARYS SOLUES DIGITAIS LTDA-ME,08.648.207/0001-89,"700,00",07/2017
 RICARDO NUNES,INTERMEDIADO - CORREIOS,CAMARA MUNICIPAL DE S츒 PAULO,50.176.288/0001-28,"901,40",07/2017
 RICARDO NUNES,INTERMEDIADO - REPROGRAFIA (XEROX/ENCADERNA츒),CAMARA MUNICIPAL DE S츒 PAULO,50.176.288/0001-28,"58,68",07/2017
 RICARDO NUNES,LOCA츒 DE MOVEIS E EQUIPAMENTOS,JET HOUSE COMERCIO E INFORMATICA LTDA EPP,04.360.279/0001-75,"1.965,00",07/2017
 RICARDO NUNES,MATERIAL DE ESCRITORIO E OUTROS MATERIAIS DE CONSUMO,CENTER PAPEIS COMERCIAL LTDA.,06.226.820/0001-82,"372,10",07/2017
 RICARDO NUNES,PROVEDOR DE INTERNET,TELEFONICA BRASIL S/A,02.558.157/0001-62,"90,79",07/2017
 RICARDO NUNES,REPROGRAFIA (XEROX/ENCADERNA츒),CEDYU CRIA츒 GRAFICA LTDA ME,11.272.401/0001-17,"3.250,00",07/2017
 RICARDO NUNES,REPROGRAFIA (XEROX/ENCADERNA츒),GRAFICA SANDY FORMULARIOS E SERVI큞S GRAFICOS,13.346.474/0001-31,"4.750,00",07/2017
 RICARDO NUNES,COMPOSI츒/ARTE/DIAGRAMA츒/PRODU츒/IMPRESSAO GRAFICA,M8K AGENCIA LTDA,04.368.514/0001-55,"1.100,16",08/2017
 RICARDO NUNES,COMPOSI츒/ARTE/DIAGRAMA츒/PRODU츒/IMPRESSAO GRAFICA,VCA SERVI큞S DIGITAIS LTDA EPP,12.837.403/0001-79,"6.000,00",08/2017
 RICARDO NUNES,COMPOSI츒/ARTE/DIAGRAMA츒/PRODU츒/IMPRESSAO GRAFICA,HENRIQUE BARBOSA DE SOUZA,19.819.989/0001-98,"899,84",08/2017
 RICARDO NUNES,CONTRATA큐O DE PESSOA JURIDICA,M8K AGENCIA LTDA,04.368.514/0001-55,"2.990,00",08/2017
 RICARDO NUNES,CONTRATA큐O DE PESSOA JURIDICA,SOLARYS SOLUES DIGITAIS LTDA-ME,08.648.207/0001-89,"700,00",08/2017
 RICARDO NUNES,INTERMEDIADO - CORREIOS,CAMARA MUNICIPAL DE S츒 PAULO,50.176.288/0001-28,"8.699,62",08/2017
 RICARDO NUNES,INTERMEDIADO - REPROGRAFIA (XEROX/ENCADERNA츒),CAMARA MUNICIPAL DE S츒 PAULO,50.176.288/0001-28,"684,00",08/2017
 RICARDO NUNES,LOCA츒 DE MOVEIS E EQUIPAMENTOS,JET HOUSE COMERCIO E INFORMATICA LTDA EPP,04.360.279/0001-75,"1.965,00",08/2017
 RICARDO NUNES,MATERIAL DE ESCRITORIO E OUTROS MATERIAIS DE CONSUMO,CENTER PAPEIS COMERCIAL LTDA.,06.226.820/0001-82,"388,75",08/2017
 RICARDO NUNES,MATERIAL DE ESCRITORIO E OUTROS MATERIAIS DE CONSUMO,RMC CENTER PAPELARIA LTDA,09.488.048/0001-65,"566,80",08/2017
 RICARDO NUNES,PROVEDOR DE INTERNET,TELEFONICA BRASIL S/A,02.558.157/0001-62,"90,52",08/2017
 RICARDO NUNES,REPROGRAFIA (XEROX/ENCADERNA츒),MASARRAT SIGNS COLOR COMUNICA츒 VISUAL LTDA - ME,14.215.387/0001-08,"8.000,00",08/2017
 RICARDO NUNES,COMPOSI츒/ARTE/DIAGRAMA츒/PRODU츒/IMPRESSAO GRAFICA,FORMA CERTA GRAFICA  DIGITAL LTDA,07.691.829/0001-27,"2.400,00",09/2017
 RICARDO NUNES,COMPOSI츒/ARTE/DIAGRAMA츒/PRODU츒/IMPRESSAO GRAFICA,VCA SERVI큞S DIGITAIS LTDA EPP,12.837.403/0001-79,"3.950,00",09/2017
 RICARDO NUNES,COMPOSI츒/ARTE/DIAGRAMA츒/PRODU츒/IMPRESSAO GRAFICA,HENRIQUE BARBOSA DE SOUZA,19.819.989/0001-98,"1.650,00",09/2017
 RICARDO NUNES,CONTRATA큐O DE PESSOA JURIDICA,M8K AGENCIA LTDA,04.368.514/0001-55,"2.990,00",09/2017
 RICARDO NUNES,CONTRATA큐O DE PESSOA JURIDICA,AVALIAR - SERVI큞 NACIONAL DE AVALIAES E INFORMAES LTDA EPP,07.196.885/0001-95,"2.800,00",09/2017
 RICARDO NUNES,CONTRATA큐O DE PESSOA JURIDICA,SOLARYS SOLUES DIGITAIS LTDA-ME,08.648.207/0001-89,"700,00",09/2017
 RICARDO NUNES,INTERMEDIADO - CORREIOS,CAMARA MUNICIPAL DE S츒 PAULO,50.176.288/0001-28,"2.646,85",09/2017
 RICARDO NUNES,INTERMEDIADO - REPROGRAFIA (XEROX/ENCADERNA츒),CAMARA MUNICIPAL DE S츒 PAULO,50.176.288/0001-28,"81,36",09/2017
 RICARDO NUNES,LOCA츒 DE MOVEIS E EQUIPAMENTOS,JET HOUSE COMERCIO E INFORMATICA LTDA EPP,04.360.279/0001-75,"1.965,00",09/2017
 RICARDO NUNES,PROVEDOR DE INTERNET,TELEFONICA BRASIL S/A,02.558.157/0001-62,"90,37",09/2017
 RICARDO NUNES,REPROGRAFIA (XEROX/ENCADERNA츒),CEDYU CRIA츒 GRAFICA LTDA ME,11.272.401/0001-17,"5.490,00",09/2017
 RICARDO NUNES,REPROGRAFIA (XEROX/ENCADERNA츒),MASARRAT SIGNS COLOR COMUNICA츒 VISUAL LTDA - ME,14.215.387/0001-08,"2.510,00",09/2017
 RICARDO NUNES,COMPOSI츒/ARTE/DIAGRAMA츒/PRODU츒/IMPRESSAO GRAFICA,M8K AGENCIA LTDA,04.368.514/0001-55,"3.955,31",10/2017
 RICARDO NUNES,COMPOSI츒/ARTE/DIAGRAMA츒/PRODU츒/IMPRESSAO GRAFICA,FORMA CERTA GRAFICA  DIGITAL LTDA,07.691.829/0001-27,"1.800,00",10/2017
 RICARDO NUNES,COMPOSI츒/ARTE/DIAGRAMA츒/PRODU츒/IMPRESSAO GRAFICA,VCA SERVI큞S DIGITAIS LTDA EPP,12.837.403/0001-79,"2.150,00",10/2017
 RICARDO NUNES,CONTRATA큐O DE PESSOA JURIDICA,M8K AGENCIA LTDA,04.368.514/0001-55,"2.990,00",10/2017
 RICARDO NUNES,CONTRATA큐O DE PESSOA JURIDICA,SOLARYS SOLUES DIGITAIS LTDA-ME,08.648.207/0001-89,"700,00",10/2017
 RICARDO NUNES,INTERMEDIADO - CORREIOS,CAMARA MUNICIPAL DE S츒 PAULO,50.176.288/0001-28,"3.447,60",10/2017
 RICARDO NUNES,INTERMEDIADO - REPROGRAFIA (XEROX/ENCADERNA츒),CAMARA MUNICIPAL DE S츒 PAULO,50.176.288/0001-28,"124,98",10/2017
 RICARDO NUNES,LOCA츒 DE MOVEIS E EQUIPAMENTOS,JET HOUSE COMERCIO E INFORMATICA LTDA EPP,04.360.279/0001-75,"1.965,00",10/2017
 RICARDO NUNES,MATERIAL DE ESCRITORIO E OUTROS MATERIAIS DE CONSUMO,CENTER PAPEIS COMERCIAL LTDA.,06.226.820/0001-82,"690,90",10/2017
 RICARDO NUNES,PROVEDOR DE INTERNET,TELEFONICA BRASIL S/A,02.558.157/0001-62,"89,48",10/2017
 RICARDO NUNES,REPROGRAFIA (XEROX/ENCADERNA츒),FORMA CERTA GRAFICA  DIGITAL LTDA,07.691.829/0001-27,"7.200,00",10/2017
 RICARDO NUNES,REPROGRAFIA (XEROX/ENCADERNA츒),VCA SERVI큞S DIGITAIS LTDA EPP,12.837.403/0001-79,"800,00",10/2017
 RICARDO NUNES,COMPOSI츒/ARTE/DIAGRAMA츒/PRODU츒/IMPRESSAO GRAFICA,M8K AGENCIA LTDA,04.368.514/0001-55,"2.154,47",11/2017
 RICARDO NUNES,COMPOSI츒/ARTE/DIAGRAMA츒/PRODU츒/IMPRESSAO GRAFICA,FORMA CERTA GRAFICA  DIGITAL LTDA,07.691.829/0001-27,"4.134,00",11/2017
 RICARDO NUNES,COMPOSI츒/ARTE/DIAGRAMA츒/PRODU츒/IMPRESSAO GRAFICA,CEDYU CRIA츒 GRAFICA LTDA ME,11.272.401/0001-17,"1.265,40",11/2017
 RICARDO NUNES,COMPOSI츒/ARTE/DIAGRAMA츒/PRODU츒/IMPRESSAO GRAFICA,HENRIQUE BARBOSA DE SOUZA,19.819.989/0001-98,"446,13",11/2017
 RICARDO NUNES,CONTRATA큐O DE PESSOA JURIDICA,SOLARYS SOLUES DIGITAIS LTDA-ME,08.648.207/0001-89,"700,00",11/2017
 RICARDO NUNES,INTERMEDIADO - CORREIOS,CAMARA MUNICIPAL DE S츒 PAULO,50.176.288/0001-28,"6.436,00",11/2017
 RICARDO NUNES,LOCA츒 DE MOVEIS E EQUIPAMENTOS,JET HOUSE COMERCIO E INFORMATICA LTDA EPP,04.360.279/0001-75,"1.965,00",11/2017
 RICARDO NUNES,MATERIAL DE ESCRITORIO E OUTROS MATERIAIS DE CONSUMO,JET HOUSE COMERCIO E INFORMATICA LTDA EPP,04.360.279/0001-75,"305,00",11/2017
 RICARDO NUNES,MATERIAL DE ESCRITORIO E OUTROS MATERIAIS DE CONSUMO,CENTER PAPEIS COMERCIAL LTDA.,06.226.820/0001-82,"1.285,80",11/2017
 RICARDO NUNES,PROVEDOR DE INTERNET,TELEFONICA BRASIL S/A,02.558.157/0001-62,"90,79",11/2017
 RICARDO NUNES,COMPOSI츒/ARTE/DIAGRAMA츒/PRODU츒/IMPRESSAO GRAFICA,M8K AGENCIA LTDA,04.368.514/0001-55,"4.611,91",12/2017
 RICARDO NUNES,COMPOSI츒/ARTE/DIAGRAMA츒/PRODU츒/IMPRESSAO GRAFICA,FORMA CERTA GRAFICA  DIGITAL LTDA,07.691.829/0001-27,"1.092,00",12/2017
 RICARDO NUNES,CONTRATA큐O DE PESSOA JURIDICA,M8K AGENCIA LTDA,04.368.514/0001-55,"2.990,00",12/2017
 RICARDO NUNES,CONTRATA큐O DE PESSOA JURIDICA,SOLARYS SOLUES DIGITAIS LTDA-ME,08.648.207/0001-89,"700,00",12/2017
 RICARDO NUNES,INTERMEDIADO - CORREIOS,CAMARA MUNICIPAL DE S츒 PAULO,50.176.288/0001-28,"19.442,71",12/2017
 RICARDO NUNES,LOCA츒 DE MOVEIS E EQUIPAMENTOS,JET HOUSE COMERCIO E INFORMATICA LTDA EPP,04.360.279/0001-75,"1.965,00",12/2017
 RICARDO NUNES,MATERIAL DE ESCRITORIO E OUTROS MATERIAIS DE CONSUMO,CENTER PAPEIS COMERCIAL LTDA.,06.226.820/0001-82,"355,75",12/2017
 RICARDO NUNES,PROVEDOR DE INTERNET,TELEFONICA BRASIL S/A,02.558.157/0001-62,"90,79",12/2017
 RICARDO NUNES,REPROGRAFIA (XEROX/ENCADERNA츒),DPT EDITORA츒 S/S LTDA,11.905.708/0001-08,"2.250,00",12/2017
 RICARDO NUNES,COMPOSI츒/ARTE/DIAGRAMA츒/PRODU츒/IMPRESSAO GRAFICA,DPT EDITORA츒 S/S LTDA,11.905.708/0001-08,"6.905,00",01/2018
 RICARDO NUNES,CONTRATA큐O DE PESSOA JURIDICA,M8K AGENCIA LTDA,04.368.514/0001-55,"2.990,00",01/2018
 RICARDO NUNES,CONTRATA큐O DE PESSOA JURIDICA,SOLARYS SOLUES DIGITAIS LTDA-ME,08.648.207/0001-89,"700,00",01/2018
 RICARDO NUNES,INTERMEDIADO - CORREIOS,CAMARA MUNICIPAL DE S츒 PAULO,50.176.288/0001-28,"114,50",01/2018
 RICARDO NUNES,INTERMEDIADO - REPROGRAFIA (XEROX/ENCADERNA츒),CAMARA MUNICIPAL DE S츒 PAULO,50.176.288/0001-28,"24,99",01/2018
 RICARDO NUNES,LOCA츒 DE MOVEIS E EQUIPAMENTOS,JET HOUSE COMERCIO E INFORMATICA LTDA EPP,04.360.279/0001-75,"1.965,00",01/2018
 RICARDO NUNES,MATERIAL DE ESCRITORIO E OUTROS MATERIAIS DE CONSUMO,CENTER PAPEIS COMERCIAL LTDA.,06.226.820/0001-82,"968,60",01/2018
 RICARDO NUNES,MATERIAL DE ESCRITORIO E OUTROS MATERIAIS DE CONSUMO,KALUNGA COMRCIO E INDＣTRIA GR첹ICA LTDA.,43.283.811/0038-41,"144,00",01/2018
 RICARDO NUNES,PROVEDOR DE INTERNET,TELEFONICA BRASIL S/A,02.558.157/0001-62,"90,79",01/2018
 RICARDO NUNES,REPROGRAFIA (XEROX/ENCADERNA츒),M8K AGENCIA LTDA,04.368.514/0001-55,"2.856,60",01/2018
 RICARDO NUNES,COMPOSI츒/ARTE/DIAGRAMA츒/PRODU츒/IMPRESSAO GRAFICA,M8K AGENCIA LTDA,04.368.514/0001-55,"526,42",02/2018
 RICARDO NUNES,COMPOSI츒/ARTE/DIAGRAMA츒/PRODU츒/IMPRESSAO GRAFICA,CEDYU CRIA츒 GRAFICA LTDA ME,11.272.401/0001-17,"2.080,00",02/2018
 RICARDO NUNES,COMPOSI츒/ARTE/DIAGRAMA츒/PRODU츒/IMPRESSAO GRAFICA,ARTE LU E RO GRAFICA EIRELI,18.588.528/0001-99,"1.600,00",02/2018
 RICARDO NUNES,CONTRATA큐O DE PESSOA JURIDICA,M8K AGENCIA LTDA,04.368.514/0001-55,"2.990,00",02/2018
 RICARDO NUNES,CONTRATA큐O DE PESSOA JURIDICA,SOLARYS SOLUES DIGITAIS LTDA-ME,08.648.207/0001-89,"700,00",02/2018
 RICARDO NUNES,INTERMEDIADO - CORREIOS,CAMARA MUNICIPAL DE S츒 PAULO,50.176.288/0001-28,"203,50",02/2018
 RICARDO NUNES,INTERMEDIADO - REPROGRAFIA (XEROX/ENCADERNA츒),CAMARA MUNICIPAL DE S츒 PAULO,50.176.288/0001-28,"126,00",02/2018
 RICARDO NUNES,LOCA츒 DE MOVEIS E EQUIPAMENTOS,JET HOUSE COMERCIO E INFORMATICA LTDA EPP,04.360.279/0001-75,"1.965,00",02/2018
 RICARDO NUNES,MATERIAL DE ESCRITORIO E OUTROS MATERIAIS DE CONSUMO,CENTER PAPEIS COMERCIAL LTDA.,06.226.820/0001-82,"770,70",02/2018
 RICARDO NUNES,PROVEDOR DE INTERNET,TELEFONICA BRASIL S/A,02.558.157/0001-62,"90,79",02/2018
 RICARDO NUNES,COMPOSI츒/ARTE/DIAGRAMA츒/PRODU츒/IMPRESSAO GRAFICA,M8K AGENCIA LTDA,04.368.514/0001-55,"770,32",03/2018
 RICARDO NUNES,COMPOSI츒/ARTE/DIAGRAMA츒/PRODU츒/IMPRESSAO GRAFICA,SERVIGRAPH SOLUES GRAFICAS LTDA ME,06.123.998/0001-06,"246,68",03/2018
 RICARDO NUNES,COMPOSI츒/ARTE/DIAGRAMA츒/PRODU츒/IMPRESSAO GRAFICA,DPT EDITORA츒 S/S LTDA,11.905.708/0001-08,"6.983,00",03/2018
 RICARDO NUNES,CONTRATA큐O DE PESSOA JURIDICA,M8K AGENCIA LTDA,04.368.514/0001-55,"2.990,00",03/2018
 RICARDO NUNES,CONTRATA큐O DE PESSOA JURIDICA,SOLARYS SOLUES DIGITAIS LTDA-ME,08.648.207/0001-89,"700,00",03/2018
 RICARDO NUNES,INTERMEDIADO - CORREIOS,CAMARA MUNICIPAL DE S츒 PAULO,50.176.288/0001-28,"584,85",03/2018
 RICARDO NUNES,MATERIAL DE ESCRITORIO E OUTROS MATERIAIS DE CONSUMO,CENTER PAPEIS COMERCIAL LTDA.,06.226.820/0001-82,"773,30",03/2018
 RICARDO NUNES,PROVEDOR DE INTERNET,TELEFONICA BRASIL S/A,02.558.157/0001-62,"90,39",03/2018
 RICARDO NUNES,COMPOSI츒/ARTE/DIAGRAMA츒/PRODU츒/IMPRESSAO GRAFICA,M8K AGENCIA LTDA,04.368.514/0001-55,"869,99",04/2018
 RICARDO NUNES,COMPOSI츒/ARTE/DIAGRAMA츒/PRODU츒/IMPRESSAO GRAFICA,FORMA CERTA GRAFICA  DIGITAL LTDA,07.691.829/0001-27,"2.525,01",04/2018
 RICARDO NUNES,COMPOSI츒/ARTE/DIAGRAMA츒/PRODU츒/IMPRESSAO GRAFICA,DPT EDITORA츒 S/S LTDA,11.905.708/0001-08,"4.605,00",04/2018
 RICARDO NUNES,CONTRATA큐O DE PESSOA JURIDICA,M8K AGENCIA LTDA,04.368.514/0001-55,"2.990,00",04/2018
 RICARDO NUNES,CONTRATA큐O DE PESSOA JURIDICA,SOLARYS SOLUES DIGITAIS LTDA-ME,08.648.207/0001-89,"700,00",04/2018
 RICARDO NUNES,INTERMEDIADO - CORREIOS,CAMARA MUNICIPAL DE S츒 PAULO,50.176.288/0001-28,"242,40",04/2018
 RICARDO NUNES,INTERMEDIADO - REPROGRAFIA (XEROX/ENCADERNA츒),CAMARA MUNICIPAL DE S츒 PAULO,50.176.288/0001-28,"147,00",04/2018
 RICARDO NUNES,MATERIAL DE ESCRITORIO E OUTROS MATERIAIS DE CONSUMO,CENTER PAPEIS COMERCIAL LTDA.,06.226.820/0001-82,"300,30",04/2018
 RICARDO NUNES,PROVEDOR DE INTERNET,TELEFONICA BRASIL S/A,02.558.157/0001-62,"90,79",04/2018
 RICARDO NUNES,REPROGRAFIA (XEROX/ENCADERNA츒),DPT EDITORA츒 S/S LTDA,11.905.708/0001-08,"3.420,00",04/2018
 RICARDO NUNES,COMPOSI츒/ARTE/DIAGRAMA츒/PRODU츒/IMPRESSAO GRAFICA,CEDYU CRIA츒 GRAFICA LTDA ME,11.272.401/0001-17,"2.900,00",05/2018
 RICARDO NUNES,COMPOSI츒/ARTE/DIAGRAMA츒/PRODU츒/IMPRESSAO GRAFICA,DPT EDITORA츒 S/S LTDA,11.905.708/0001-08,"5.100,00",05/2018
 RICARDO NUNES,CONTRATA큐O DE PESSOA JURIDICA,M8K AGENCIA LTDA,04.368.514/0001-55,"2.990,00",05/2018
 RICARDO NUNES,CONTRATA큐O DE PESSOA JURIDICA,SOLARYS SOLUES DIGITAIS LTDA-ME,08.648.207/0001-89,"700,00",05/2018
 RICARDO NUNES,INTERMEDIADO - CORREIOS,CAMARA MUNICIPAL DE S츒 PAULO,50.176.288/0001-28,"264,40",05/2018
 RICARDO NUNES,MATERIAL DE ESCRITORIO E OUTROS MATERIAIS DE CONSUMO,CENTER PAPEIS COMERCIAL LTDA.,06.226.820/0001-82,"388,10",05/2018
 RICARDO NUNES,PROVEDOR DE INTERNET,TELEFONICA BRASIL S/A,02.558.157/0001-62,"90,17",05/2018
 RICARDO NUNES,REPROGRAFIA (XEROX/ENCADERNA츒),M8K AGENCIA LTDA,04.368.514/0001-55,"1.500,00",05/2018
 RICARDO NUNES,COMPOSI츒/ARTE/DIAGRAMA츒/PRODU츒/IMPRESSAO GRAFICA,M8K AGENCIA LTDA,04.368.514/0001-55,"2.402,85",06/2018
 RICARDO NUNES,COMPOSI츒/ARTE/DIAGRAMA츒/PRODU츒/IMPRESSAO GRAFICA,FORMA CERTA GRAFICA  DIGITAL LTDA,07.691.829/0001-27,"700,00",06/2018
 RICARDO NUNES,COMPOSI츒/ARTE/DIAGRAMA츒/PRODU츒/IMPRESSAO GRAFICA,CEDYU CRIA츒 GRAFICA LTDA ME,11.272.401/0001-17,"3.489,20",06/2018
 RICARDO NUNES,CONTRATA큐O DE PESSOA JURIDICA,M8K AGENCIA LTDA,04.368.514/0001-55,"2.990,00",06/2018
 RICARDO NUNES,CONTRATA큐O DE PESSOA JURIDICA,SOLARYS SOLUES DIGITAIS LTDA-ME,08.648.207/0001-89,"700,00",06/2018
 RICARDO NUNES,INTERMEDIADO - CORREIOS,CAMARA MUNICIPAL DE S츒 PAULO,50.176.288/0001-28,"229,20",06/2018
 RICARDO NUNES,INTERMEDIADO - REPROGRAFIA (XEROX/ENCADERNA츒),CAMARA MUNICIPAL DE S츒 PAULO,50.176.288/0001-28,"15,33",06/2018
 RICARDO NUNES,MATERIAL DE ESCRITORIO E OUTROS MATERIAIS DE CONSUMO,CENTER PAPEIS COMERCIAL LTDA.,06.226.820/0001-82,"865,05",06/2018
 RICARDO NUNES,PROVEDOR DE INTERNET,TELEFONICA BRASIL S/A,02.558.157/0001-62,"90,79",06/2018
 RICARDO NUNES,REPROGRAFIA (XEROX/ENCADERNA츒),DPT EDITORA츒 S/S LTDA,11.905.708/0001-08,"7.000,00",06/2018
 RICARDO NUNES,COMPOSI츒/ARTE/DIAGRAMA츒/PRODU츒/IMPRESSAO GRAFICA,M8K AGENCIA LTDA,04.368.514/0001-55,"2.699,42",07/2018
 RICARDO NUNES,COMPOSI츒/ARTE/DIAGRAMA츒/PRODU츒/IMPRESSAO GRAFICA,TECPRINT PROD E SERV EM PAPELARIA E ELETROELETRONICA LTDA ME,07.425.043/0001-68,"3.460,00",07/2018
 RICARDO NUNES,CONTRATA큐O DE PESSOA JURIDICA,M8K AGENCIA LTDA,04.368.514/0001-55,"2.990,00",07/2018
 RICARDO NUNES,CONTRATA큐O DE PESSOA JURIDICA,SOLARYS SOLUES DIGITAIS LTDA-ME,08.648.207/0001-89,"700,00",07/2018
 RICARDO NUNES,INTERMEDIADO - CORREIOS,CAMARA MUNICIPAL DE S츒 PAULO,50.176.288/0001-28,"207,65",07/2018
 RICARDO NUNES,INTERMEDIADO - REPROGRAFIA (XEROX/ENCADERNA츒),CAMARA MUNICIPAL DE S츒 PAULO,50.176.288/0001-28,"262,50",07/2018
 RICARDO NUNES,MATERIAL DE ESCRITORIO E OUTROS MATERIAIS DE CONSUMO,CENTER PAPEIS COMERCIAL LTDA.,06.226.820/0001-82,"517,85",07/2018
 RICARDO NUNES,MATERIAL DE ESCRITORIO E OUTROS MATERIAIS DE CONSUMO,RMC CENTER PAPELARIA LTDA,09.488.048/0001-65,"245,60",07/2018
 RICARDO NUNES,PROVEDOR DE INTERNET,TELEFONICA BRASIL S/A,02.558.157/0001-62,"90,79",07/2018
 RICARDO NUNES,COMPOSI츒/ARTE/DIAGRAMA츒/PRODU츒/IMPRESSAO GRAFICA,M8K AGENCIA LTDA,04.368.514/0001-55,"599,99",08/2018
 RICARDO NUNES,CONTRATA큐O DE PESSOA JURIDICA,M8K AGENCIA LTDA,04.368.514/0001-55,"2.990,00",08/2018
 RICARDO NUNES,CONTRATA큐O DE PESSOA JURIDICA,SOLARYS SOLUES DIGITAIS LTDA-ME,08.648.207/0001-89,"700,00",08/2018
 RICARDO NUNES,INTERMEDIADO - CORREIOS,CAMARA MUNICIPAL DE S츒 PAULO,50.176.288/0001-28,"205,85",08/2018
 RICARDO NUNES,MATERIAL DE ESCRITORIO E OUTROS MATERIAIS DE CONSUMO,RMC CENTER PAPELARIA LTDA,09.488.048/0001-65,"1.046,70",08/2018
 RICARDO NUNES,MATERIAL DE ESCRITORIO E OUTROS MATERIAIS DE CONSUMO,KALUNGA COMRCIO E INDＣTRIA GR첹ICA LTDA.,43.283.811/0038-41,"57,60",08/2018
 RICARDO NUNES,MATERIAL DE ESCRITORIO E OUTROS MATERIAIS DE CONSUMO,KALUNGA COM. E IND. GR첹ICA LTDA,43.283.811/0177-10,"57,60",08/2018
 RICARDO NUNES,PROVEDOR DE INTERNET,TELEFONICA BRASIL S/A,02.558.157/0001-62,"87,86",08/2018
 RICARDO NUNES,CONTRATA큐O DE PESSOA JURIDICA,M8K AGENCIA LTDA,04.368.514/0001-55,"2.990,00",09/2018
 RICARDO NUNES,CONTRATA큐O DE PESSOA JURIDICA,FRANQUEIRA E MILANI SOCIEDADE DE ADVOGADOS,07.749.313/0001-96,"5.000,00",09/2018
 RICARDO NUNES,INTERMEDIADO - CORREIOS,CAMARA MUNICIPAL DE S츒 PAULO,50.176.288/0001-28,"25,05",09/2018
 RICARDO NUNES,MATERIAL DE ESCRITORIO E OUTROS MATERIAIS DE CONSUMO,CENTER PAPEIS COMERCIAL LTDA.,06.226.820/0001-82,"741,20",09/2018
 RICARDO NUNES,COMPOSI츒/ARTE/DIAGRAMA츒/PRODU츒/IMPRESSAO GRAFICA,ARTE LU E RO GRAFICA EIRELI,18.588.528/0001-99,"1.350,00",10/2018
 RICARDO NUNES,CONTRATA큐O DE PESSOA JURIDICA,M8K AGENCIA LTDA,04.368.514/0001-55,"2.990,00",10/2018
 RICARDO NUNES,CONTRATA큐O DE PESSOA JURIDICA,FRANQUEIRA E MILANI SOCIEDADE DE ADVOGADOS,07.749.313/0001-96,"2.500,00",10/2018
 RICARDO NUNES,CONTRATA큐O DE PESSOA JURIDICA,SOLARYS SOLUES DIGITAIS LTDA-ME,08.648.207/0001-89,"700,00",10/2018
 RICARDO NUNES,INTERMEDIADO - CORREIOS,CAMARA MUNICIPAL DE S츒 PAULO,50.176.288/0001-28,"80,40",10/2018
 RICARDO NUNES,INTERMEDIADO - REPROGRAFIA (XEROX/ENCADERNA츒),CAMARA MUNICIPAL DE S츒 PAULO,50.176.288/0001-28,"21,00",10/2018
 RICARDO NUNES,MATERIAL DE ESCRITORIO E OUTROS MATERIAIS DE CONSUMO,CENTER PAPEIS COMERCIAL LTDA.,06.226.820/0001-82,"463,10",10/2018
 RICARDO NUNES,PROVEDOR DE INTERNET,TELEFONICA BRASIL S/A,02.558.157/0001-62,"90,79",10/2018
 RICARDO NUNES,COMPOSI츒/ARTE/DIAGRAMA츒/PRODU츒/IMPRESSAO GRAFICA,M8K AGENCIA LTDA,04.368.514/0001-55,"554,51",11/2018
 RICARDO NUNES,COMPOSI츒/ARTE/DIAGRAMA츒/PRODU츒/IMPRESSAO GRAFICA,TECPRINT PROD E SERV EM PAPELARIA E ELETROELETRONICA LTDA ME,07.425.043/0001-68,"3.105,00",11/2018
 RICARDO NUNES,CONTRATA큐O DE PESSOA JURIDICA,M8K AGENCIA LTDA,04.368.514/0001-55,"2.990,00",11/2018
 RICARDO NUNES,CONTRATA큐O DE PESSOA JURIDICA,SOLARYS SOLUES DIGITAIS LTDA-ME,08.648.207/0001-89,"700,00",11/2018
 RICARDO NUNES,CONTRATA큐O DE PESSOA JURIDICA,WORK LINE SYSTEM INFORM쳆ICA LTDA,67.002.329/0001-62,"1.840,00",11/2018
 RICARDO NUNES,INTERMEDIADO - CORREIOS,CAMARA MUNICIPAL DE S츒 PAULO,50.176.288/0001-28,"237,65",11/2018
 RICARDO NUNES,MATERIAL DE ESCRITORIO E OUTROS MATERIAIS DE CONSUMO,CENTER PAPEIS COMERCIAL LTDA.,06.226.820/0001-82,"494,45",11/2018
 RICARDO NUNES,PROVEDOR DE INTERNET,TELEFONICA BRASIL S/A,02.558.157/0001-62,"90,79",11/2018
 RICARDO NUNES,COMPOSI츒/ARTE/DIAGRAMA츒/PRODU츒/IMPRESSAO GRAFICA,M8K AGENCIA LTDA,04.368.514/0001-55,"574,12",12/2018
 RICARDO NUNES,CONTRATA큐O DE PESSOA JURIDICA,M8K AGENCIA LTDA,04.368.514/0001-55,"2.990,00",12/2018
 RICARDO NUNES,CONTRATA큐O DE PESSOA JURIDICA,SOLARYS SOLUES DIGITAIS LTDA-ME,08.648.207/0001-89,"700,00",12/2018
 RICARDO NUNES,INTERMEDIADO - CORREIOS,CAMARA MUNICIPAL DE S츒 PAULO,50.176.288/0001-28,"150,25",12/2018
 RICARDO NUNES,MATERIAL DE ESCRITORIO E OUTROS MATERIAIS DE CONSUMO,KALUNGA COMRCIO E INDＣTRIA GR첹ICA LTDA.,43.283.811/0038-41,"144,00",12/2018
 RICARDO NUNES,PROVEDOR DE INTERNET,TELEFONICA BRASIL S/A,02.558.157/0001-62,"90,79",12/2018
 RICARDO NUNES,COMPOSI츒/ARTE/DIAGRAMA츒/PRODU츒/IMPRESSAO GRAFICA,M8K AGENCIA LTDA,04.368.514/0001-55,"1.300,17",01/2019
 RICARDO NUNES,CONTRATA큐O DE PESSOA JURIDICA,M8K AGENCIA LTDA,04.368.514/0001-55,"2.990,00",01/2019
 RICARDO NUNES,CONTRATA큐O DE PESSOA JURIDICA,SOLARYS SOLUES DIGITAIS LTDA-ME,08.648.207/0001-89,"700,00",01/2019
 RICARDO NUNES,INTERMEDIADO - CORREIOS,CAMARA MUNICIPAL DE S츒 PAULO,50.176.288/0001-28,"27,90",01/2019
 RICARDO NUNES,MATERIAL DE ESCRITORIO E OUTROS MATERIAIS DE CONSUMO,CENTER PAPEIS COMERCIAL LTDA.,06.226.820/0001-82,"557,85",01/2019
 RICARDO NUNES,PROVEDOR DE INTERNET,TELEFONICA BRASIL S/A,02.558.157/0001-62,"90,79",01/2019
 RICARDO NUNES,COMPOSI츒/ARTE/DIAGRAMA츒/PRODU츒/IMPRESSAO GRAFICA,M8K AGENCIA LTDA,04.368.514/0001-55,"902,47",02/2019
 RICARDO NUNES,COMPOSI츒/ARTE/DIAGRAMA츒/PRODU츒/IMPRESSAO GRAFICA,DPT EDITORA츒 S/S LTDA,11.905.708/0001-08,"590,00",02/2019
 RICARDO NUNES,CONTRATA큐O DE PESSOA JURIDICA,M8K AGENCIA LTDA,04.368.514/0001-55,"2.990,00",02/2019
 RICARDO NUNES,CONTRATA큐O DE PESSOA JURIDICA,SOLARYS SOLUES DIGITAIS LTDA-ME,08.648.207/0001-89,"700,00",02/2019
 RICARDO NUNES,INTERMEDIADO - CORREIOS,CAMARA MUNICIPAL DE S츒 PAULO,50.176.288/0001-28,"1.090,40",02/2019
 RICARDO NUNES,INTERMEDIADO - REPROGRAFIA (XEROX/ENCADERNA츒),CAMARA MUNICIPAL DE S츒 PAULO,50.176.288/0001-28,"99,00",02/2019
 RICARDO NUNES,MATERIAL DE ESCRITORIO E OUTROS MATERIAIS DE CONSUMO,CENTER PAPEIS COMERCIAL LTDA.,06.226.820/0001-82,"539,20",02/2019
 RICARDO NUNES,MATERIAL DE ESCRITORIO E OUTROS MATERIAIS DE CONSUMO,KALUNGA COMRCIO E INDＣTRIA GR첹ICA LTDA.,43.283.811/0038-41,"57,60",02/2019
 RICARDO NUNES,PROVEDOR DE INTERNET,TELEFONICA BRASIL S/A,02.558.157/0001-62,"90,79",02/2019
 RICARDO NUNES,COMPOSI츒/ARTE/DIAGRAMA츒/PRODU츒/IMPRESSAO GRAFICA,M8K AGENCIA LTDA,04.368.514/0001-55,"1.067,96",03/2019
 RICARDO NUNES,COMPOSI츒/ARTE/DIAGRAMA츒/PRODU츒/IMPRESSAO GRAFICA,VCA SERVI큞S DIGITAIS LTDA EPP,12.837.403/0001-79,"10.494,00",03/2019
 RICARDO NUNES,CONTRATA큐O DE PESSOA JURIDICA,M8K AGENCIA LTDA,04.368.514/0001-55,"2.990,00",03/2019
 RICARDO NUNES,CONTRATA큐O DE PESSOA JURIDICA,SOLARYS SOLUES DIGITAIS LTDA-ME,08.648.207/0001-89,"700,00",03/2019
 RICARDO NUNES,INTERMEDIADO - CORREIOS,CAMARA MUNICIPAL DE S츒 PAULO,50.176.288/0001-28,"202,47",03/2019
 RICARDO NUNES,PROVEDOR DE INTERNET,TELEFONICA BRASIL S/A,02.558.157/0001-62,"90,79",03/2019
 RICARDO NUNES,COMPOSI츒/ARTE/DIAGRAMA츒/PRODU츒/IMPRESSAO GRAFICA,M8K AGENCIA LTDA,04.368.514/0001-55,"655,28",04/2019
 RICARDO NUNES,COMPOSI츒/ARTE/DIAGRAMA츒/PRODU츒/IMPRESSAO GRAFICA,DCS SERVI큞S DE COMUNICA츒 VISUAL LTDA,07.425.043/0001-68,"1.705,00",04/2019
 RICARDO NUNES,CONTRATA큐O DE PESSOA JURIDICA,M8K AGENCIA LTDA,04.368.514/0001-55,"2.990,00",04/2019
 RICARDO NUNES,CONTRATA큐O DE PESSOA JURIDICA,SOLARYS SOLUES DIGITAIS LTDA-ME,08.648.207/0001-89,"700,00",04/2019
 RICARDO NUNES,INTERMEDIADO - CORREIOS,CAMARA MUNICIPAL DE S츒 PAULO,50.176.288/0001-28,"304,15",04/2019
 RICARDO NUNES,MATERIAL DE ESCRITORIO E OUTROS MATERIAIS DE CONSUMO,CENTER PAPEIS COMERCIAL LTDA.,06.226.820/0001-82,"593,15",04/2019
 RICARDO NUNES,PROVEDOR DE INTERNET,TELEFONICA BRASIL S/A,02.558.157/0001-62,"92,36",04/2019
 RICARDO NUNES,APERFEI큞AMENTO PROFISSIONAL,PRESEN큐 ONLINE ESTRAT텒IAS DIGITAIS LTDA,15.038.046/0001-77,"552,00",05/2019
 RICARDO NUNES,COMPOSI츒/ARTE/DIAGRAMA츒/PRODU츒/IMPRESSAO GRAFICA,M8K AGENCIA LTDA,04.368.514/0001-55,"200,00",05/2019
 RICARDO NUNES,CONTRATA큐O DE PESSOA JURIDICA,M8K AGENCIA LTDA,04.368.514/0001-55,"2.990,00",05/2019
 RICARDO NUNES,CONTRATA큐O DE PESSOA JURIDICA,SOLARYS SOLUES DIGITAIS LTDA-ME,08.648.207/0001-89,"700,00",05/2019
 RICARDO NUNES,INTERMEDIADO - CORREIOS,CAMARA MUNICIPAL DE S츒 PAULO,50.176.288/0001-28,"267,90",05/2019
 RICARDO NUNES,MATERIAL DE ESCRITORIO E OUTROS MATERIAIS DE CONSUMO,CENTER PAPEIS COMERCIAL LTDA.,06.226.820/0001-82,"289,45",05/2019
 RICARDO NUNES,PROVEDOR DE INTERNET,TELEFONICA BRASIL S/A,02.558.157/0001-62,"94,85",05/2019
 RICARDO NUNES,COMPOSI츒/ARTE/DIAGRAMA츒/PRODU츒/IMPRESSAO GRAFICA,M8K AGENCIA LTDA,04.368.514/0001-55,"1.653,15",06/2019
 RICARDO NUNES,CONTRATA큐O DE PESSOA JURIDICA,M8K AGENCIA LTDA,04.368.514/0001-55,"2.990,00",06/2019
 RICARDO NUNES,CONTRATA큐O DE PESSOA JURIDICA,SOLARYS SOLUES DIGITAIS LTDA-ME,08.648.207/0001-89,"700,00",06/2019
 RICARDO NUNES,INTERMEDIADO - CORREIOS,CAMARA MUNICIPAL DE S츒 PAULO,50.176.288/0001-28,"151,90",06/2019
 RICARDO NUNES,MATERIAL DE ESCRITORIO E OUTROS MATERIAIS DE CONSUMO,CENTER PAPEIS COMERCIAL LTDA.,06.226.820/0001-82,"982,55",06/2019
 RICARDO NUNES,PROVEDOR DE INTERNET,TELEFONICA BRASIL S/A,02.558.157/0001-62,"95,32",06/2019
 RICARDO NUNES,COMPOSI츒/ARTE/DIAGRAMA츒/PRODU츒/IMPRESSAO GRAFICA,M8K AGENCIA LTDA,04.368.514/0001-55,"1.638,81",07/2019
 RICARDO NUNES,CONTRATA큐O DE PESSOA JURIDICA,M8K AGENCIA LTDA,04.368.514/0001-55,"2.990,00",07/2019
 RICARDO NUNES,CONTRATA큐O DE PESSOA JURIDICA,SOLARYS SOLUES DIGITAIS LTDA-ME,08.648.207/0001-89,"700,00",07/2019
 RICARDO NUNES,INTERMEDIADO - CORREIOS,CAMARA MUNICIPAL DE S츒 PAULO,50.176.288/0001-28,"133,47",07/2019
 RICARDO NUNES,MATERIAL DE ESCRITORIO E OUTROS MATERIAIS DE CONSUMO,CENTER PAPEIS COMERCIAL LTDA.,06.226.820/0001-82,"289,20",07/2019
 RICARDO NUNES,PROVEDOR DE INTERNET,TELEFONICA BRASIL S/A,02.558.157/0001-62,"95,32",07/2019
 RICARDO NUNES,REPROGRAFIA (XEROX/ENCADERNA츒),M8K AGENCIA LTDA,04.368.514/0001-55,"9.614,40",07/2019
 RICARDO NUNES,COMPOSI츒/ARTE/DIAGRAMA츒/PRODU츒/IMPRESSAO GRAFICA,M8K AGENCIA LTDA,04.368.514/0001-55,"254,48",08/2019
 RICARDO NUNES,COMPOSI츒/ARTE/DIAGRAMA츒/PRODU츒/IMPRESSAO GRAFICA,DCS SERVI큞S DE COMUNICA츒 VISUAL LTDA,07.425.043/0001-68,"6.070,00",08/2019
 RICARDO NUNES,COMPOSI츒/ARTE/DIAGRAMA츒/PRODU츒/IMPRESSAO GRAFICA,FORMA CERTA GRAFICA  DIGITAL LTDA,07.691.829/0001-27,"1.740,00",08/2019
 RICARDO NUNES,CONTRATA큐O DE PESSOA JURIDICA,M8K AGENCIA LTDA,04.368.514/0001-55,"2.990,00",08/2019
 RICARDO NUNES,CONTRATA큐O DE PESSOA JURIDICA,SOLARYS SOLUES DIGITAIS LTDA-ME,08.648.207/0001-89,"700,00",08/2019
 RICARDO NUNES,ELABORA츒/MANUTEN큐O DE SITE/HOSPEDAGEM,LOCAWEB SERVI큞S DE INTERNET S.A.,02.351.877/0001-52,"412,75",08/2019
 RICARDO NUNES,INTERMEDIADO - CORREIOS,CAMARA MUNICIPAL DE S츒 PAULO,50.176.288/0001-28,"212,27",08/2019
 RICARDO NUNES,MATERIAL DE ESCRITORIO E OUTROS MATERIAIS DE CONSUMO,CENTER PAPEIS COMERCIAL LTDA.,06.226.820/0001-82,"305,40",08/2019
 RICARDO NUNES,PROVEDOR DE INTERNET,TELEFONICA BRASIL S/A,02.558.157/0001-62,"95,32",08/2019
 RICARDO NUNES,COMPOSI츒/ARTE/DIAGRAMA츒/PRODU츒/IMPRESSAO GRAFICA,M8K AGENCIA LTDA,04.368.514/0001-55,"424,73",09/2019
 RICARDO NUNES,COMPOSI츒/ARTE/DIAGRAMA츒/PRODU츒/IMPRESSAO GRAFICA,FORMA CERTA GRAFICA  DIGITAL LTDA,07.691.829/0001-27,"6.600,00",09/2019
 RICARDO NUNES,COMPOSI츒/ARTE/DIAGRAMA츒/PRODU츒/IMPRESSAO GRAFICA,DPT EDITORA츒 S/S LTDA,11.905.708/0001-08,"7.500,00",09/2019
 RICARDO NUNES,CONTRATA큐O DE PESSOA JURIDICA,M8K AGENCIA LTDA,04.368.514/0001-55,"2.990,00",09/2019
 RICARDO NUNES,CONTRATA큐O DE PESSOA JURIDICA,SOLARYS SOLUES DIGITAIS LTDA-ME,08.648.207/0001-89,"700,00",09/2019
 RICARDO NUNES,INTERMEDIADO - CORREIOS,CAMARA MUNICIPAL DE S츒 PAULO,50.176.288/0001-28,"193,20",09/2019
 RICARDO NUNES,MATERIAL DE ESCRITORIO E OUTROS MATERIAIS DE CONSUMO,CENTER PAPEIS COMERCIAL LTDA.,06.226.820/0001-82,"355,65",09/2019
 RICARDO NUNES,MATERIAL DE ESCRITORIO E OUTROS MATERIAIS DE CONSUMO,RMC CENTER PAPELARIA LTDA,09.488.048/0001-65,"219,00",09/2019
 RICARDO NUNES,MATERIAL DE ESCRITORIO E OUTROS MATERIAIS DE CONSUMO,KALUNGA COMRCIO E INDＣTRIA GR첹ICA LTDA.,43.283.811/0038-41,"39,00",09/2019
 RICARDO NUNES,PROVEDOR DE INTERNET,TELEFONICA BRASIL S/A,02.558.157/0001-62,"95,32",09/2019
 RICARDO NUNES,COMPOSI츒/ARTE/DIAGRAMA츒/PRODU츒/IMPRESSAO GRAFICA,M8K AGENCIA LTDA,04.368.514/0001-55,"587,76",10/2019
 RICARDO NUNES,COMPOSI츒/ARTE/DIAGRAMA츒/PRODU츒/IMPRESSAO GRAFICA,DPT EDITORA츒 S/S LTDA,11.905.708/0001-08,"12.000,00",10/2019
 RICARDO NUNES,COMPOSI츒/ARTE/DIAGRAMA츒/PRODU츒/IMPRESSAO GRAFICA,C. J. DA SILVA SERVI큞S GR첹ICOS,34.734.906/0001-51,"3.000,00",10/2019
 RICARDO NUNES,COMPOSI츒/ARTE/DIAGRAMA츒/PRODU츒/IMPRESSAO GRAFICA,DEILDE FERREIRA DAS NEVES ME,34.912.328/0001-04,"600,00",10/2019
 RICARDO NUNES,CONTRATA큐O DE PESSOA JURIDICA,M8K AGENCIA LTDA,04.368.514/0001-55,"2.990,00",10/2019
 RICARDO NUNES,CONTRATA큐O DE PESSOA JURIDICA,SOLARYS SOLUES DIGITAIS LTDA-ME,08.648.207/0001-89,"700,00",10/2019
 RICARDO NUNES,INTERMEDIADO - CORREIOS,CAMARA MUNICIPAL DE S츒 PAULO,50.176.288/0001-28,"104,70",10/2019
 RICARDO NUNES,MATERIAL DE ESCRITORIO E OUTROS MATERIAIS DE CONSUMO,CENTER PAPEIS COMERCIAL LTDA.,06.226.820/0001-82,"303,20",10/2019
 RICARDO NUNES,MATERIAL DE ESCRITORIO E OUTROS MATERIAIS DE CONSUMO,RMC CENTER PAPELARIA LTDA,09.488.048/0001-65,"566,35",10/2019
 RICARDO NUNES,PROVEDOR DE INTERNET,TELEFONICA BRASIL S/A,02.558.157/0001-62,"116,29",10/2019
 RICARDO NUNES,COMPOSI츒/ARTE/DIAGRAMA츒/PRODU츒/IMPRESSAO GRAFICA,M8K AGENCIA LTDA,04.368.514/0001-55,"890,36",11/2019
 RICARDO NUNES,COMPOSI츒/ARTE/DIAGRAMA츒/PRODU츒/IMPRESSAO GRAFICA,DPT EDITORA츒 S/S LTDA,11.905.708/0001-08,"4.280,00",11/2019
 RICARDO NUNES,COMPOSI츒/ARTE/DIAGRAMA츒/PRODU츒/IMPRESSAO GRAFICA,C. J. DA SILVA SERVI큞S GR첹ICOS,34.734.906/0001-51,"2.106,00",11/2019
 RICARDO NUNES,CONTRATA큐O DE PESSOA JURIDICA,M8K AGENCIA LTDA,04.368.514/0001-55,"2.990,00",11/2019
 RICARDO NUNES,CONTRATA큐O DE PESSOA JURIDICA,SOLARYS SOLUES DIGITAIS LTDA-ME,08.648.207/0001-89,"700,00",11/2019
 RICARDO NUNES,INTERMEDIADO - CORREIOS,CAMARA MUNICIPAL DE S츒 PAULO,50.176.288/0001-28,"117,58",11/2019
 RICARDO NUNES,INTERMEDIADO - REPROGRAFIA (XEROX/ENCADERNA츒),CAMARA MUNICIPAL DE S츒 PAULO,50.176.288/0001-28,"0,44",11/2019
 RICARDO NUNES,MATERIAL DE ESCRITORIO E OUTROS MATERIAIS DE CONSUMO,CENTER PAPEIS COMERCIAL LTDA.,06.226.820/0001-82,"346,25",11/2019
 RICARDO NUNES,PROVEDOR DE INTERNET,TELEFONICA BRASIL S/A,02.558.157/0001-62,"116,29",11/2019
 RICARDO NUNES,COMPOSI츒/ARTE/DIAGRAMA츒/PRODU츒/IMPRESSAO GRAFICA,M8K AGENCIA LTDA,04.368.514/0001-55,"1.751,94",12/2019
 RICARDO NUNES,COMPOSI츒/ARTE/DIAGRAMA츒/PRODU츒/IMPRESSAO GRAFICA,DPT EDITORA츒 S/S LTDA,11.905.708/0001-08,"13.500,00",12/2019
 RICARDO NUNES,CONTRATA큐O DE PESSOA JURIDICA,M8K AGENCIA LTDA,04.368.514/0001-55,"2.990,00",12/2019
 RICARDO NUNES,CONTRATA큐O DE PESSOA JURIDICA,SOLARYS SOLUES DIGITAIS LTDA-ME,08.648.207/0001-89,"700,00",12/2019
 RICARDO NUNES,INTERMEDIADO - CORREIOS,CAMARA MUNICIPAL DE S츒 PAULO,50.176.288/0001-28,"18.693,25",12/2019
 RICARDO NUNES,INTERMEDIADO - REPROGRAFIA (XEROX/ENCADERNA츒),CAMARA MUNICIPAL DE S츒 PAULO,50.176.288/0001-28,"0,44",12/2019
 RICARDO NUNES,MATERIAL DE ESCRITORIO E OUTROS MATERIAIS DE CONSUMO,CENTER PAPEIS COMERCIAL LTDA.,06.226.820/0001-82,"383,35",12/2019
 RICARDO NUNES,PROVEDOR DE INTERNET,TELEFONICA BRASIL S/A,02.558.157/0001-62,"116,29",12/2019
 RICARDO NUNES,COMPOSI츒/ARTE/DIAGRAMA츒/PRODU츒/IMPRESSAO GRAFICA,M8K AGENCIA LTDA,04.368.514/0001-55,"2.285,24",01/2020
 RICARDO NUNES,COMPOSI츒/ARTE/DIAGRAMA츒/PRODU츒/IMPRESSAO GRAFICA,DPT EDITORA츒 S/S LTDA,11.905.708/0001-08,"3.035,00",01/2020
 RICARDO NUNES,COMPOSI츒/ARTE/DIAGRAMA츒/PRODU츒/IMPRESSAO GRAFICA,C. J. DA SILVA SERVI큞S GR첹ICOS,34.734.906/0001-51,"4.460,00",01/2020
 RICARDO NUNES,CONTRATA큐O DE PESSOA JURIDICA,M8K AGENCIA LTDA,04.368.514/0001-55,"2.990,00",01/2020
 RICARDO NUNES,CONTRATA큐O DE PESSOA JURIDICA,SOLARYS SOLUES DIGITAIS LTDA-ME,08.648.207/0001-89,"700,00",01/2020
 RICARDO NUNES,CONTRATA큐O DE PESSOA JURIDICA,ANDERSON HENRIQUE BRAGA GONCALVES,35.756.606/0001-36,"5.000,00",01/2020
 RICARDO NUNES,ELABORA츒/MANUTEN큐O DE SITE/HOSPEDAGEM,JET HOUSE COMERCIO E INFORMATICA LTDA EPP,04.360.279/0001-75,"480,00",01/2020
 RICARDO NUNES,INTERMEDIADO - CORREIOS,CAMARA MUNICIPAL DE S츒 PAULO,50.176.288/0001-28,"63,00",01/2020
 RICARDO NUNES,INTERMEDIADO - REPROGRAFIA (XEROX/ENCADERNA츒),CAMARA MUNICIPAL DE S츒 PAULO,50.176.288/0001-28,"46,00",01/2020
 RICARDO NUNES,MATERIAL DE ESCRITORIO E OUTROS MATERIAIS DE CONSUMO,CENTER PAPEIS COMERCIAL LTDA.,06.226.820/0001-82,"457,75",01/2020
 RICARDO NUNES,PROVEDOR DE INTERNET,TELEFONICA BRASIL S/A,02.558.157/0001-62,"116,29",01/2020
 RICARDO NUNES,COMPOSI츒/ARTE/DIAGRAMA츒/PRODU츒/IMPRESSAO GRAFICA,DPT EDITORA츒 S/S LTDA,11.905.708/0001-08,"2.130,00",02/2020
 RICARDO NUNES,COMPOSI츒/ARTE/DIAGRAMA츒/PRODU츒/IMPRESSAO GRAFICA,ARTE LU E RO GRAFICA EIRELI,18.588.528/0001-99,"800,00",02/2020
 RICARDO NUNES,COMPOSI츒/ARTE/DIAGRAMA츒/PRODU츒/IMPRESSAO GRAFICA,C. J. DA SILVA SERVI큞S GR첹ICOS,34.734.906/0001-51,"2.905,00",02/2020
 RICARDO NUNES,CONTRATA큐O DE PESSOA JURIDICA,SOLARYS SOLUES DIGITAIS LTDA-ME,08.648.207/0001-89,"700,00",02/2020
 RICARDO NUNES,CONTRATA큐O DE PESSOA JURIDICA,ANDERSON HENRIQUE BRAGA GONCALVES,35.756.606/0001-36,"5.000,00",02/2020
 RICARDO NUNES,INTERMEDIADO - CORREIOS,CAMARA MUNICIPAL DE S츒 PAULO,50.176.288/0001-28,"160,95",02/2020
 RICARDO NUNES,MATERIAL DE ESCRITORIO E OUTROS MATERIAIS DE CONSUMO,CENTER PAPEIS COMERCIAL LTDA.,06.226.820/0001-82,"849,30",02/2020
 RICARDO NUNES,PROVEDOR DE INTERNET,TELEFONICA BRASIL S/A,02.558.157/0001-62,"116,29",02/2020
 RICARDO NUNES,CONTRATA큐O DE PESSOA JURIDICA,SOLARYS SOLUES DIGITAIS LTDA-ME,08.648.207/0001-89,"700,00",03/2020
 RICARDO NUNES,CONTRATA큐O DE PESSOA JURIDICA,ANDERSON HENRIQUE BRAGA GONCALVES,35.756.606/0001-36,"5.000,00",03/2020
 RICARDO NUNES,INTERMEDIADO - CORREIOS,CAMARA MUNICIPAL DE S츒 PAULO,50.176.288/0001-28,"131,96",03/2020
 RICARDO NUNES,MATERIAL DE ESCRITORIO E OUTROS MATERIAIS DE CONSUMO,CENTER PAPEIS COMERCIAL LTDA.,06.226.820/0001-82,"337,30",03/2020
 RICARDO NUNES,COMPOSI츒/ARTE/DIAGRAMA츒/PRODU츒/IMPRESSAO GRAFICA,DPT EDITORA츒 S/S LTDA,11.905.708/0001-08,"1.010,00",04/2020
 RICARDO NUNES,CONTRATA큐O DE PESSOA JURIDICA,SOLARYS SOLUES DIGITAIS LTDA-ME,08.648.207/0001-89,"700,00",04/2020
 RICARDO NUNES,CONTRATA큐O DE PESSOA JURIDICA,T. FERNANDES DE MORAIS LIMA-ME,19.083.110/0001-92,"5.000,00",04/2020
