 RUTE COSTA,INTERMEDIADO - LOCAÇÃO DE VEÍCULOS,CAMARA MUNICIPAL DE SÃO PAULO,50.176.288/0001-28,"1.050,59",01/2017
 RUTE COSTA,MATERIAL DE ESCRITORIO E OUTROS MATERIAIS DE CONSUMO,KALUNGA COM. E IND. GRAFICA LTDA,43.283.811/0101-12,"988,80",01/2017
 RUTE COSTA,COMBUSTIVEL,AUTO POSTO TUPI LTDA.,63.045.884/0001-10,"792,00",02/2017
 RUTE COSTA,COMPOSIÇÃO/ARTE/DIAGRAMAÇÃO/PRODUÇÃO/IMPRESSAO GRAFICA,LIBERALINA FREIRE MOURA ME,25.217.978/0001-30,"6.837,90",02/2017
 RUTE COSTA,CONTRATAÇAO DE PESSOA JURIDICA,SOLARYS SOLUÇÕES DIGITAIS LTDA-ME,08.648.207/0001-89,"708,57",02/2017
 RUTE COSTA,INTERMEDIADO - CORREIOS,CAMARA MUNICIPAL DE SÃO PAULO,50.176.288/0001-28,"20,11",02/2017
 RUTE COSTA,INTERMEDIADO - LOCAÇÃO DE VEÍCULOS,CAMARA MUNICIPAL DE SÃO PAULO,50.176.288/0001-28,"2.101,17",02/2017
 RUTE COSTA,LOCAÇÃO DE MOVEIS E EQUIPAMENTOS,ATTBRASIL TECNOLOGIA LOCAÇÃO E SOLUÇÕES EM INFORMATICA LTDA EPP,22.392.165/0001-99,"1.780,00",02/2017
 RUTE COSTA,MATERIAL DE ESCRITORIO E OUTROS MATERIAIS DE CONSUMO,JOSEFA ARENA THOMAZ ME,25.311.877/0001-24,"450,00",02/2017
 RUTE COSTA,MATERIAL DE ESCRITORIO E OUTROS MATERIAIS DE CONSUMO,KALUNGA COM. E IND. GRAFICA LTDA,43.283.811/0101-12,"789,99",02/2017
 RUTE COSTA,ASSINATURA DE JORNAIS E REVISTAS,EDITORA CONFIANÇA LTDA.,04.735.670/0001-07,"499,00",03/2017
 RUTE COSTA,ASSINATURA DE JORNAIS E REVISTAS,EMPRESA FOLHA DA MANHÃ S.A.,60.579.703/0031-63,"1.139,40",03/2017
 RUTE COSTA,COMBUSTIVEL,AUTO POSTO TUPI LTDA.,63.045.884/0001-10,"638,00",03/2017
 RUTE COSTA,COMPOSIÇÃO/ARTE/DIAGRAMAÇÃO/PRODUÇÃO/IMPRESSAO GRAFICA,MAJU GRAF GRAFICA LTDA ME,06.226.361/0001-37,"1.020,00",03/2017
 RUTE COSTA,COMPOSIÇÃO/ARTE/DIAGRAMAÇÃO/PRODUÇÃO/IMPRESSAO GRAFICA,LIBERALINA FREIRE MOURA ME,25.217.978/0001-30,"6.900,00",03/2017
 RUTE COSTA,CONTRATAÇAO DE PESSOA JURIDICA,SOLARYS SOLUÇÕES DIGITAIS LTDA-ME,08.648.207/0001-89,"715,00",03/2017
 RUTE COSTA,INTERMEDIADO - CORREIOS,CAMARA MUNICIPAL DE SÃO PAULO,50.176.288/0001-28,"572,90",03/2017
 RUTE COSTA,INTERMEDIADO - LOCAÇÃO DE VEÍCULOS,CAMARA MUNICIPAL DE SÃO PAULO,50.176.288/0001-28,"2.101,17",03/2017
 RUTE COSTA,LOCAÇÃO DE MOVEIS E EQUIPAMENTOS,ATTBRASIL TECNOLOGIA LOCAÇÃO E SOLUÇÕES EM INFORMATICA LTDA EPP,22.392.165/0001-99,"1.780,00",03/2017
 RUTE COSTA,MATERIAL DE ESCRITORIO E OUTROS MATERIAIS DE CONSUMO,MAJU GRAF GRAFICA LTDA ME,06.226.361/0001-37,"174,00",03/2017
 RUTE COSTA,MATERIAL DE ESCRITORIO E OUTROS MATERIAIS DE CONSUMO,KALUNGA COM. E IND. GRAFICA LTDA,43.283.811/0101-12,"526,50",03/2017
 RUTE COSTA,MATERIAL DE ESCRITORIO E OUTROS MATERIAIS DE CONSUMO,PLANALTO INDUSTRIA DE ARTEFATOS DE PAPEL LTDA,61.450.235/0001-70,"1.115,25",03/2017
 RUTE COSTA,TELEFONE FIXO,TELEFONICA BRASIL S/A,02.558.157/0001-62,"118,34",03/2017
 RUTE COSTA,ASSINATURA DE JORNAIS E REVISTAS,S.A O ESTADO DE S. PAULO,61.533.949/0001-41,"179,80",04/2017
 RUTE COSTA,COMBUSTIVEL,AUTO POSTO TUPI LTDA.,63.045.884/0001-10,"590,06",04/2017
 RUTE COSTA,COMPOSIÇÃO/ARTE/DIAGRAMAÇÃO/PRODUÇÃO/IMPRESSAO GRAFICA,LIBERALINA FREIRE MOURA ME,25.217.978/0001-30,"6.900,00",04/2017
 RUTE COSTA,CONTRATAÇAO DE PESSOA JURIDICA,SOLARYS SOLUÇÕES DIGITAIS LTDA-ME,08.648.207/0001-89,"715,00",04/2017
 RUTE COSTA,INTERMEDIADO - CORREIOS,CAMARA MUNICIPAL DE SÃO PAULO,50.176.288/0001-28,"2.942,34",04/2017
 RUTE COSTA,INTERMEDIADO - LOCAÇÃO DE VEÍCULOS,CAMARA MUNICIPAL DE SÃO PAULO,50.176.288/0001-28,"2.101,17",04/2017
 RUTE COSTA,LOCAÇÃO DE MOVEIS E EQUIPAMENTOS,ATTBRASIL TECNOLOGIA LOCAÇÃO E SOLUÇÕES EM INFORMATICA LTDA EPP,22.392.165/0001-99,"1.780,00",04/2017
 RUTE COSTA,MATERIAL DE ESCRITORIO E OUTROS MATERIAIS DE CONSUMO,MAJU GRAF GRAFICA LTDA ME,06.226.361/0001-37,"35,00",04/2017
 RUTE COSTA,MATERIAL DE ESCRITORIO E OUTROS MATERIAIS DE CONSUMO,KALUNGA COMÉRCIO E INDÚSTRIA GRÁFICA LTDA,43.283.811/0018-06,"257,88",04/2017
 RUTE COSTA,MATERIAL DE ESCRITORIO E OUTROS MATERIAIS DE CONSUMO,KALUNGA COM. E IND. GRAFICA LTDA,43.283.811/0101-12,"128,30",04/2017
 RUTE COSTA,TELEFONE FIXO,TELEFONICA BRASIL S/A,02.558.157/0001-62,"90,49",04/2017
 RUTE COSTA,ASSINATURA DE JORNAIS E REVISTAS,S.A O ESTADO DE S. PAULO,61.533.949/0001-41,"89,90",05/2017
 RUTE COSTA,COMBUSTIVEL,AUTO POSTO TUPI LTDA.,63.045.884/0001-10,"438,00",05/2017
 RUTE COSTA,COMPOSIÇÃO/ARTE/DIAGRAMAÇÃO/PRODUÇÃO/IMPRESSAO GRAFICA,LIBERALINA FREIRE MOURA ME,25.217.978/0001-30,"6.900,00",05/2017
 RUTE COSTA,CONTRATAÇAO DE PESSOA JURIDICA,SOLARYS SOLUÇÕES DIGITAIS LTDA-ME,08.648.207/0001-89,"715,00",05/2017
 RUTE COSTA,ELABORAÇÃO/MANUTENÇAO DE SITE/HOSPEDAGEM,VICTOR PUREZA ALEIXO,23.617.809/0001-62,"2.901,70",05/2017
 RUTE COSTA,INTERMEDIADO - CORREIOS,CAMARA MUNICIPAL DE SÃO PAULO,50.176.288/0001-28,"969,50",05/2017
 RUTE COSTA,INTERMEDIADO - LOCAÇÃO DE VEÍCULOS,CAMARA MUNICIPAL DE SÃO PAULO,50.176.288/0001-28,"2.101,17",05/2017
 RUTE COSTA,LIVROS,SARAIVA E SICILIANO S/A,61.365.284/0107-62,"782,40",05/2017
 RUTE COSTA,LOCAÇÃO DE MOVEIS E EQUIPAMENTOS,ATTBRASIL TECNOLOGIA LOCAÇÃO E SOLUÇÕES EM INFORMATICA LTDA EPP,22.392.165/0001-99,"1.780,00",05/2017
 RUTE COSTA,MATERIAL DE ESCRITORIO E OUTROS MATERIAIS DE CONSUMO,CENTER PAPEIS COMERCIAL LTDA.,06.226.820/0001-82,"64,35",05/2017
 RUTE COSTA,MATERIAL DE ESCRITORIO E OUTROS MATERIAIS DE CONSUMO,JOSEFA ARENA THOMAZ ME,25.311.877/0001-24,"450,00",05/2017
 RUTE COSTA,MATERIAL DE ESCRITORIO E OUTROS MATERIAIS DE CONSUMO,KALUNGA COMÉRCIO E INDÚSTRIA GRÁFICA LTDA,43.283.811/0018-06,"287,40",05/2017
 RUTE COSTA,MATERIAL DE ESCRITORIO E OUTROS MATERIAIS DE CONSUMO,KALUNGA COMÉRCIO INDÚSTRIA GRÁFICA LTDA,43.283.811/0030-94,"339,40",05/2017
 RUTE COSTA,TELEFONE FIXO,TELEFONICA BRASIL S/A,02.558.157/0001-62,"189,33",05/2017
 RUTE COSTA,ASSINATURA DE JORNAIS E REVISTAS,S.A O ESTADO DE S. PAULO,61.533.949/0001-41,"89,90",06/2017
 RUTE COSTA,COMPOSIÇÃO/ARTE/DIAGRAMAÇÃO/PRODUÇÃO/IMPRESSAO GRAFICA,MAJU GRAF GRAFICA LTDA ME,06.226.361/0001-37,"375,00",06/2017
 RUTE COSTA,COMPOSIÇÃO/ARTE/DIAGRAMAÇÃO/PRODUÇÃO/IMPRESSAO GRAFICA,LIBERALINA FREIRE MOURA ME,25.217.978/0001-30,"7.200,00",06/2017
 RUTE COSTA,CONTRATAÇAO DE PESSOA JURIDICA,SOLARYS SOLUÇÕES DIGITAIS LTDA-ME,08.648.207/0001-89,"715,00",06/2017
 RUTE COSTA,CONTRATAÇAO DE PESSOA JURIDICA,ATTBRASIL TECNOLOGIA LOCAÇÃO E SOLUÇÕES EM INFORMATICA LTDA EPP,22.392.165/0001-99,"500,00",06/2017
 RUTE COSTA,INTERMEDIADO - CORREIOS,CAMARA MUNICIPAL DE SÃO PAULO,50.176.288/0001-28,"1.424,16",06/2017
 RUTE COSTA,INTERMEDIADO - LOCAÇÃO DE VEÍCULOS,CAMARA MUNICIPAL DE SÃO PAULO,50.176.288/0001-28,"2.101,17",06/2017
 RUTE COSTA,LOCAÇÃO DE MOVEIS E EQUIPAMENTOS,ATTBRASIL TECNOLOGIA LOCAÇÃO E SOLUÇÕES EM INFORMATICA LTDA EPP,22.392.165/0001-99,"1.780,00",06/2017
 RUTE COSTA,MATERIAL DE ESCRITORIO E OUTROS MATERIAIS DE CONSUMO,KALUNGA COMÉRCIO E INDÚSTRIA GRÁFICA LTDA,43.283.811/0018-06,"801,60",06/2017
 RUTE COSTA,TELEFONE FIXO,TELEFONICA BRASIL S/A,02.558.157/0001-62,"156,39",06/2017
 RUTE COSTA,ASSINATURA DE JORNAIS E REVISTAS,S.A O ESTADO DE S. PAULO,61.533.949/0001-41,"89,90",07/2017
 RUTE COSTA,COMBUSTIVEL,AUTO POSTO TUPI LTDA.,63.045.884/0001-10,"1.383,00",07/2017
 RUTE COSTA,COMPOSIÇÃO/ARTE/DIAGRAMAÇÃO/PRODUÇÃO/IMPRESSAO GRAFICA,RUSH SERVIÇOS GRÁFICOS LTDA,02.223.608/0001-00,"1.680,00",07/2017
 RUTE COSTA,COMPOSIÇÃO/ARTE/DIAGRAMAÇÃO/PRODUÇÃO/IMPRESSAO GRAFICA,LIBERALINA FREIRE MOURA ME,25.217.978/0001-30,"6.300,00",07/2017
 RUTE COSTA,CONTRATAÇAO DE PESSOA JURIDICA,SOLARYS SOLUÇÕES DIGITAIS LTDA-ME,08.648.207/0001-89,"715,00",07/2017
 RUTE COSTA,INTERMEDIADO - CORREIOS,CAMARA MUNICIPAL DE SÃO PAULO,50.176.288/0001-28,"1.419,12",07/2017
 RUTE COSTA,INTERMEDIADO - LOCAÇÃO DE VEÍCULOS,CAMARA MUNICIPAL DE SÃO PAULO,50.176.288/0001-28,"2.101,17",07/2017
 RUTE COSTA,LOCAÇÃO DE MOVEIS E EQUIPAMENTOS,ATTBRASIL TECNOLOGIA LOCAÇÃO E SOLUÇÕES EM INFORMATICA LTDA EPP,22.392.165/0001-99,"1.780,00",07/2017
 RUTE COSTA,MATERIAL DE ESCRITORIO E OUTROS MATERIAIS DE CONSUMO,KALUNGA COMÉRCIO E INDÚSTRIA GRÁFICA LTDA,43.283.811/0018-06,"293,50",07/2017
 RUTE COSTA,MATERIAL DE ESCRITORIO E OUTROS MATERIAIS DE CONSUMO,KALUNGA COM. E IND. GRAFICA LTDA,43.283.811/0101-12,"302,60",07/2017
 RUTE COSTA,TELEFONE FIXO,TELEFONICA BRASIL S/A,02.558.157/0001-62,"156,39",07/2017
 RUTE COSTA,ASSINATURA DE JORNAIS E REVISTAS,S.A O ESTADO DE S. PAULO,61.533.949/0001-41,"89,90",08/2017
 RUTE COSTA,COMBUSTIVEL,AUTO POSTO TUPI LTDA.,63.045.884/0001-10,"1.052,00",08/2017
 RUTE COSTA,COMPOSIÇÃO/ARTE/DIAGRAMAÇÃO/PRODUÇÃO/IMPRESSAO GRAFICA,LIBERALINA FREIRE MOURA ME,25.217.978/0001-30,"7.200,00",08/2017
 RUTE COSTA,CONTRATAÇAO DE PESSOA JURIDICA,SOLARYS SOLUÇÕES DIGITAIS LTDA-ME,08.648.207/0001-89,"715,00",08/2017
 RUTE COSTA,INTERMEDIADO - CORREIOS,CAMARA MUNICIPAL DE SÃO PAULO,50.176.288/0001-28,"1.754,67",08/2017
 RUTE COSTA,INTERMEDIADO - LOCAÇÃO DE VEÍCULOS,CAMARA MUNICIPAL DE SÃO PAULO,50.176.288/0001-28,"2.101,17",08/2017
 RUTE COSTA,LOCAÇÃO DE MOVEIS E EQUIPAMENTOS,ATTBRASIL TECNOLOGIA LOCAÇÃO E SOLUÇÕES EM INFORMATICA LTDA EPP,22.392.165/0001-99,"1.780,00",08/2017
 RUTE COSTA,MATERIAL DE ESCRITORIO E OUTROS MATERIAIS DE CONSUMO,CENTER PAPEIS COMERCIAL LTDA.,06.226.820/0001-82,"75,90",08/2017
 RUTE COSTA,MATERIAL DE ESCRITORIO E OUTROS MATERIAIS DE CONSUMO,KALUNGA COMÉRCIO E INDÚSTRIA GRÁFICA LTDA,43.283.811/0018-06,"234,20",08/2017
 RUTE COSTA,MATERIAL DE ESCRITORIO E OUTROS MATERIAIS DE CONSUMO,KALUNGA COMÉRCIO INDÚSTRIA GRÁFICA LTDA,43.283.811/0030-94,"9,80",08/2017
 RUTE COSTA,TELEFONE FIXO,TELEFONICA BRASIL S/A,02.558.157/0001-62,"156,39",08/2017
 RUTE COSTA,ASSINATURA DE JORNAIS E REVISTAS,S.A O ESTADO DE S. PAULO,61.533.949/0001-41,"89,90",09/2017
 RUTE COSTA,COMBUSTIVEL,AUTO POSTO TUPI LTDA.,63.045.884/0001-10,"1.113,03",09/2017
 RUTE COSTA,COMPOSIÇÃO/ARTE/DIAGRAMAÇÃO/PRODUÇÃO/IMPRESSAO GRAFICA,LIBERALINA FREIRE MOURA ME,25.217.978/0001-30,"7.200,00",09/2017
 RUTE COSTA,CONTRATAÇAO DE PESSOA JURIDICA,SOLARYS SOLUÇÕES DIGITAIS LTDA-ME,08.648.207/0001-89,"715,00",09/2017
 RUTE COSTA,INTERMEDIADO - CORREIOS,CAMARA MUNICIPAL DE SÃO PAULO,50.176.288/0001-28,"1.366,89",09/2017
 RUTE COSTA,INTERMEDIADO - LOCAÇÃO DE VEÍCULOS,CAMARA MUNICIPAL DE SÃO PAULO,50.176.288/0001-28,"2.101,17",09/2017
 RUTE COSTA,LOCAÇÃO DE MOVEIS E EQUIPAMENTOS,ATTBRASIL TECNOLOGIA LOCAÇÃO E SOLUÇÕES EM INFORMATICA LTDA EPP,22.392.165/0001-99,"1.780,00",09/2017
 RUTE COSTA,MATERIAL DE ESCRITORIO E OUTROS MATERIAIS DE CONSUMO,VIVAGRAF COMERCIO DE PRODUTOS PROMOCIONAIS EIRELI,25.200.006/0001-33,"2.640,00",09/2017
 RUTE COSTA,MATERIAL DE ESCRITORIO E OUTROS MATERIAIS DE CONSUMO,JOSEFA ARENA THOMAZ ME,25.311.877/0001-24,"450,00",09/2017
 RUTE COSTA,MATERIAL DE ESCRITORIO E OUTROS MATERIAIS DE CONSUMO,KALUNGA COMÉRCIO E INDÚSTRIA GRÁFICA LTDA,43.283.811/0018-06,"37,00",09/2017
 RUTE COSTA,MATERIAL DE ESCRITORIO E OUTROS MATERIAIS DE CONSUMO,KALUNGA COMÉRCIO INDÚSTRIA GRÁFICA LTDA,43.283.811/0030-94,"44,00",09/2017
 RUTE COSTA,MATERIAL DE ESCRITORIO E OUTROS MATERIAIS DE CONSUMO,KALUNGA COM. E IND. GRAFICA LTDA,43.283.811/0101-12,"81,80",09/2017
 RUTE COSTA,TELEFONE FIXO,TELEFONICA BRASIL S/A,02.558.157/0001-62,"155,23",09/2017
 RUTE COSTA,ASSINATURA DE JORNAIS E REVISTAS,S.A O ESTADO DE S. PAULO,61.533.949/0001-41,"89,90",10/2017
 RUTE COSTA,COMBUSTIVEL,AUTO POSTO TUPI LTDA.,63.045.884/0001-10,"801,65",10/2017
 RUTE COSTA,COMPOSIÇÃO/ARTE/DIAGRAMAÇÃO/PRODUÇÃO/IMPRESSAO GRAFICA,LIBERALINA FREIRE MOURA ME,25.217.978/0001-30,"7.200,00",10/2017
 RUTE COSTA,CONTRATAÇAO DE PESSOA JURIDICA,SOLARYS SOLUÇÕES DIGITAIS LTDA-ME,08.648.207/0001-89,"715,00",10/2017
 RUTE COSTA,INTERMEDIADO - CORREIOS,CAMARA MUNICIPAL DE SÃO PAULO,50.176.288/0001-28,"1.449,34",10/2017
 RUTE COSTA,INTERMEDIADO - LOCAÇÃO DE VEÍCULOS,CAMARA MUNICIPAL DE SÃO PAULO,50.176.288/0001-28,"2.101,17",10/2017
 RUTE COSTA,LOCAÇÃO DE MOVEIS E EQUIPAMENTOS,ATTBRASIL TECNOLOGIA LOCAÇÃO E SOLUÇÕES EM INFORMATICA LTDA EPP,22.392.165/0001-99,"1.780,00",10/2017
 RUTE COSTA,MATERIAL DE ESCRITORIO E OUTROS MATERIAIS DE CONSUMO,CENTER PAPEIS COMERCIAL LTDA.,06.226.820/0001-82,"25,95",10/2017
 RUTE COSTA,MATERIAL DE ESCRITORIO E OUTROS MATERIAIS DE CONSUMO,KALUNGA COMÉRCIO E INDÚSTRIA GRÁFICA LTDA,43.283.811/0018-06,"162,40",10/2017
 RUTE COSTA,MATERIAL DE ESCRITORIO E OUTROS MATERIAIS DE CONSUMO,KALUNGA COM. E IND. GRAFICA LTDA,43.283.811/0101-12,"433,40",10/2017
 RUTE COSTA,TELEFONE FIXO,TELEFONICA BRASIL S/A,02.558.157/0001-62,"167,40",10/2017
 RUTE COSTA,COMBUSTIVEL,AUTO POSTO TUPI LTDA.,63.045.884/0001-10,"1.001,95",11/2017
 RUTE COSTA,COMPOSIÇÃO/ARTE/DIAGRAMAÇÃO/PRODUÇÃO/IMPRESSAO GRAFICA,LIBERALINA FREIRE MOURA ME,25.217.978/0001-30,"7.200,00",11/2017
 RUTE COSTA,CONTRATAÇAO DE PESSOA JURIDICA,SOLARYS SOLUÇÕES DIGITAIS LTDA-ME,08.648.207/0001-89,"715,00",11/2017
 RUTE COSTA,INTERMEDIADO - CORREIOS,CAMARA MUNICIPAL DE SÃO PAULO,50.176.288/0001-28,"1.949,36",11/2017
 RUTE COSTA,INTERMEDIADO - LOCAÇÃO DE VEÍCULOS,CAMARA MUNICIPAL DE SÃO PAULO,50.176.288/0001-28,"2.101,17",11/2017
 RUTE COSTA,LOCAÇÃO DE MOVEIS E EQUIPAMENTOS,ATTBRASIL TECNOLOGIA LOCAÇÃO E SOLUÇÕES EM INFORMATICA LTDA EPP,22.392.165/0001-99,"1.780,00",11/2017
 RUTE COSTA,MATERIAL DE ESCRITORIO E OUTROS MATERIAIS DE CONSUMO,MVS CARTUCHOS LTDA - ME,09.358.717/0001-84,"450,00",11/2017
 RUTE COSTA,MATERIAL DE ESCRITORIO E OUTROS MATERIAIS DE CONSUMO,JOSEFA ARENA THOMAZ ME,25.311.877/0001-24,"450,00",11/2017
 RUTE COSTA,MATERIAL DE ESCRITORIO E OUTROS MATERIAIS DE CONSUMO,EXECUTIVE PAPER COMERCIAL LTDA,28.715.660/0001-78,"726,00",11/2017
 RUTE COSTA,MATERIAL DE ESCRITORIO E OUTROS MATERIAIS DE CONSUMO,KALUNGA COMÉRCIO E INDÚSTRIA GRÁFICA LTDA,43.283.811/0018-06,"1.232,80",11/2017
 RUTE COSTA,TELEFONE FIXO,TELEFONICA BRASIL S/A,02.558.157/0001-62,"163,65",11/2017
 RUTE COSTA,COMPOSIÇÃO/ARTE/DIAGRAMAÇÃO/PRODUÇÃO/IMPRESSAO GRAFICA,LIBERALINA FREIRE MOURA ME,25.217.978/0001-30,"7.200,00",12/2017
 RUTE COSTA,CONTRATAÇAO DE PESSOA JURIDICA,SOLARYS SOLUÇÕES DIGITAIS LTDA-ME,08.648.207/0001-89,"715,00",12/2017
 RUTE COSTA,INTERMEDIADO - CORREIOS,CAMARA MUNICIPAL DE SÃO PAULO,50.176.288/0001-28,"1.269,24",12/2017
 RUTE COSTA,INTERMEDIADO - LOCAÇÃO DE VEÍCULOS,CAMARA MUNICIPAL DE SÃO PAULO,50.176.288/0001-28,"2.101,17",12/2017
 RUTE COSTA,LOCAÇÃO DE MOVEIS E EQUIPAMENTOS,ATTBRASIL TECNOLOGIA LOCAÇÃO E SOLUÇÕES EM INFORMATICA LTDA EPP,22.392.165/0001-99,"1.780,00",12/2017
 RUTE COSTA,MATERIAL DE ESCRITORIO E OUTROS MATERIAIS DE CONSUMO,CENTER PAPEIS COMERCIAL LTDA.,06.226.820/0001-82,"11,90",12/2017
 RUTE COSTA,MATERIAL DE ESCRITORIO E OUTROS MATERIAIS DE CONSUMO,FS JUNIOR COM. E PREST. DE SERV. GRAFICOS,18.090.403/0001-34,"2.640,00",12/2017
 RUTE COSTA,MATERIAL DE ESCRITORIO E OUTROS MATERIAIS DE CONSUMO,KALUNGA COM. E IND. GRÁFICA LTDA,43.283.811/0177-10,"235,40",12/2017
 RUTE COSTA,TELEFONE FIXO,TELEFONICA BRASIL S/A,02.558.157/0001-62,"154,25",12/2017
 RUTE COSTA,ASSINATURA DE JORNAIS E REVISTAS,S.A O ESTADO DE S. PAULO,61.533.949/0001-41,"89,90",01/2018
 RUTE COSTA,COMBUSTIVEL,AUTO POSTO TUPI LTDA.,63.045.884/0001-10,"369,51",01/2018
 RUTE COSTA,COMPOSIÇÃO/ARTE/DIAGRAMAÇÃO/PRODUÇÃO/IMPRESSAO GRAFICA,LIBERALINA FREIRE MOURA ME,25.217.978/0001-30,"7.200,00",01/2018
 RUTE COSTA,CONTRATAÇAO DE PESSOA JURIDICA,SOLARYS SOLUÇÕES DIGITAIS LTDA-ME,08.648.207/0001-89,"715,00",01/2018
 RUTE COSTA,INTERMEDIADO - CORREIOS,CAMARA MUNICIPAL DE SÃO PAULO,50.176.288/0001-28,"1.871,52",01/2018
 RUTE COSTA,INTERMEDIADO - LOCAÇÃO DE VEÍCULOS,CAMARA MUNICIPAL DE SÃO PAULO,50.176.288/0001-28,"2.137,42",01/2018
 RUTE COSTA,LOCAÇÃO DE MOVEIS E EQUIPAMENTOS,ATTBRASIL TECNOLOGIA LOCAÇÃO E SOLUÇÕES EM INFORMATICA LTDA EPP,22.392.165/0001-99,"1.780,00",01/2018
 RUTE COSTA,MATERIAL DE ESCRITORIO E OUTROS MATERIAIS DE CONSUMO,KALUNGA COM. E IND. GRÁFICA LTDA,43.283.811/0177-10,"321,18",01/2018
 RUTE COSTA,TELEFONE FIXO,TELEFONICA BRASIL S/A,02.558.157/0001-62,"169,05",01/2018
 RUTE COSTA,ASSINATURA DE JORNAIS E REVISTAS,S.A O ESTADO DE S. PAULO,61.533.949/0001-41,"115,90",02/2018
 RUTE COSTA,COMBUSTIVEL,AUTO POSTO TUPI LTDA.,63.045.884/0001-10,"533,18",02/2018
 RUTE COSTA,COMPOSIÇÃO/ARTE/DIAGRAMAÇÃO/PRODUÇÃO/IMPRESSAO GRAFICA,LIBERALINA FREIRE MOURA ME,25.217.978/0001-30,"7.200,00",02/2018
 RUTE COSTA,CONTRATAÇAO DE PESSOA JURIDICA,SOLARYS SOLUÇÕES DIGITAIS LTDA-ME,08.648.207/0001-89,"715,00",02/2018
 RUTE COSTA,INTERMEDIADO - CORREIOS,CAMARA MUNICIPAL DE SÃO PAULO,50.176.288/0001-28,"1.407,93",02/2018
 RUTE COSTA,INTERMEDIADO - LOCAÇÃO DE VEÍCULOS,CAMARA MUNICIPAL DE SÃO PAULO,50.176.288/0001-28,"2.148,45",02/2018
 RUTE COSTA,LOCAÇÃO DE MOVEIS E EQUIPAMENTOS,ATTBRASIL TECNOLOGIA LOCAÇÃO E SOLUÇÕES EM INFORMATICA LTDA EPP,22.392.165/0001-99,"1.775,00",02/2018
 RUTE COSTA,MATERIAL DE ESCRITORIO E OUTROS MATERIAIS DE CONSUMO,FS JUNIOR COM. E PREST. DE SERV. GRAFICOS,18.090.403/0001-34,"2.640,00",02/2018
 RUTE COSTA,MATERIAL DE ESCRITORIO E OUTROS MATERIAIS DE CONSUMO,KALUNGA COM. E IND. GRÁFICA LTDA,43.283.811/0177-10,"73,62",02/2018
 RUTE COSTA,TELEFONE FIXO,TELEFONICA BRASIL S/A,02.558.157/0001-62,"169,05",02/2018
 RUTE COSTA,ASSINATURA DE JORNAIS E REVISTAS,EMPRESA FOLHA DA MANHÃ S.A.,60.579.703/0001-48,"1.139,40",03/2018
 RUTE COSTA,COMBUSTIVEL,AUTO POSTO TUPI LTDA.,63.045.884/0001-10,"892,50",03/2018
 RUTE COSTA,COMPOSIÇÃO/ARTE/DIAGRAMAÇÃO/PRODUÇÃO/IMPRESSAO GRAFICA,LIBERALINA FREIRE MOURA ME,25.217.978/0001-30,"7.200,00",03/2018
 RUTE COSTA,CONTRATAÇAO DE PESSOA JURIDICA,SOLARYS SOLUÇÕES DIGITAIS LTDA-ME,08.648.207/0001-89,"715,00",03/2018
 RUTE COSTA,INTERMEDIADO - CORREIOS,CAMARA MUNICIPAL DE SÃO PAULO,50.176.288/0001-28,"1.050,20",03/2018
 RUTE COSTA,INTERMEDIADO - LOCAÇÃO DE VEÍCULOS,CAMARA MUNICIPAL DE SÃO PAULO,50.176.288/0001-28,"2.148,45",03/2018
 RUTE COSTA,LOCAÇÃO DE MOVEIS E EQUIPAMENTOS,ATTBRASIL TECNOLOGIA LOCAÇÃO E SOLUÇÕES EM INFORMATICA LTDA EPP,22.392.165/0001-99,"1.775,00",03/2018
 RUTE COSTA,MATERIAL DE ESCRITORIO E OUTROS MATERIAIS DE CONSUMO,JOSEFA ARENA THOMAZ ME,25.311.877/0001-24,"450,00",03/2018
 RUTE COSTA,MATERIAL DE ESCRITORIO E OUTROS MATERIAIS DE CONSUMO,KALUNGA COM. E IND. GRÁFICA LTDA,43.283.811/0177-10,"2,30",03/2018
 RUTE COSTA,TELEFONE FIXO,TELEFONICA BRASIL S/A,02.558.157/0001-62,"169,05",03/2018
 RUTE COSTA,ASSINATURA DE JORNAIS E REVISTAS,S.A O ESTADO DE S. PAULO,61.533.949/0001-41,"115,90",04/2018
 RUTE COSTA,COMBUSTIVEL,AUTO POSTO TUPI LTDA.,63.045.884/0001-10,"609,06",04/2018
 RUTE COSTA,COMPOSIÇÃO/ARTE/DIAGRAMAÇÃO/PRODUÇÃO/IMPRESSAO GRAFICA,LIBERALINA FREIRE MOURA ME,25.217.978/0001-30,"7.200,00",04/2018
 RUTE COSTA,CONTRATAÇAO DE PESSOA JURIDICA,SOLARYS SOLUÇÕES DIGITAIS LTDA-ME,08.648.207/0001-89,"715,00",04/2018
 RUTE COSTA,INTERMEDIADO - CORREIOS,CAMARA MUNICIPAL DE SÃO PAULO,50.176.288/0001-28,"1.820,17",04/2018
 RUTE COSTA,INTERMEDIADO - LOCAÇÃO DE VEÍCULOS,CAMARA MUNICIPAL DE SÃO PAULO,50.176.288/0001-28,"2.148,45",04/2018
 RUTE COSTA,LOCAÇÃO DE MOVEIS E EQUIPAMENTOS,ATTBRASIL TECNOLOGIA LOCAÇÃO E SOLUÇÕES EM INFORMATICA LTDA EPP,22.392.165/0001-99,"1.775,00",04/2018
 RUTE COSTA,MATERIAL DE ESCRITORIO E OUTROS MATERIAIS DE CONSUMO,FS JUNIOR COM. E PREST. DE SERV. GRAFICOS,18.090.403/0001-34,"2.640,00",04/2018
 RUTE COSTA,MATERIAL DE ESCRITORIO E OUTROS MATERIAIS DE CONSUMO,KALUNGA COM. E IND. GRÁFICA LTDA,43.283.811/0177-10,"471,90",04/2018
 RUTE COSTA,TELEFONE FIXO,TELEFONICA BRASIL S/A,02.558.157/0001-62,"174,04",04/2018
 RUTE COSTA,ASSINATURA DE JORNAIS E REVISTAS,S.A O ESTADO DE S. PAULO,61.533.949/0001-41,"115,90",05/2018
 RUTE COSTA,COMBUSTIVEL,AUTO POSTO TUPI LTDA.,63.045.884/0001-10,"913,00",05/2018
 RUTE COSTA,COMPOSIÇÃO/ARTE/DIAGRAMAÇÃO/PRODUÇÃO/IMPRESSAO GRAFICA,LIBERALINA FREIRE MOURA ME,25.217.978/0001-30,"7.200,00",05/2018
 RUTE COSTA,CONTRATAÇAO DE PESSOA JURIDICA,SOLARYS SOLUÇÕES DIGITAIS LTDA-ME,08.648.207/0001-89,"715,00",05/2018
 RUTE COSTA,INTERMEDIADO - CORREIOS,CAMARA MUNICIPAL DE SÃO PAULO,50.176.288/0001-28,"1.929,63",05/2018
 RUTE COSTA,INTERMEDIADO - LOCAÇÃO DE VEÍCULOS,CAMARA MUNICIPAL DE SÃO PAULO,50.176.288/0001-28,"2.148,45",05/2018
 RUTE COSTA,LOCAÇÃO DE MOVEIS E EQUIPAMENTOS,ATTBRASIL TECNOLOGIA LOCAÇÃO E SOLUÇÕES EM INFORMATICA LTDA EPP,22.392.165/0001-99,"1.775,00",05/2018
 RUTE COSTA,MATERIAL DE ESCRITORIO E OUTROS MATERIAIS DE CONSUMO,KALUNGA COM. E IND. GRÁFICA LTDA,43.283.811/0177-10,"283,10",05/2018
 RUTE COSTA,TELEFONE FIXO,TELEFONICA BRASIL S/A,02.558.157/0001-62,"171,15",05/2018
 RUTE COSTA,ASSINATURA DE JORNAIS E REVISTAS,S.A O ESTADO DE S. PAULO,61.533.949/0001-41,"115,90",06/2018
 RUTE COSTA,COMBUSTIVEL,AUTO POSTO TUPI LTDA.,63.045.884/0001-10,"983,24",06/2018
 RUTE COSTA,COMPOSIÇÃO/ARTE/DIAGRAMAÇÃO/PRODUÇÃO/IMPRESSAO GRAFICA,LIBERALINA FREIRE MOURA ME,25.217.978/0001-30,"7.200,00",06/2018
 RUTE COSTA,CONTRATAÇAO DE PESSOA JURIDICA,SOLARYS SOLUÇÕES DIGITAIS LTDA-ME,08.648.207/0001-89,"715,00",06/2018
 RUTE COSTA,INTERMEDIADO - CORREIOS,CAMARA MUNICIPAL DE SÃO PAULO,50.176.288/0001-28,"1.543,17",06/2018
 RUTE COSTA,INTERMEDIADO - LOCAÇÃO DE VEÍCULOS,CAMARA MUNICIPAL DE SÃO PAULO,50.176.288/0001-28,"2.148,45",06/2018
 RUTE COSTA,LOCAÇÃO DE MOVEIS E EQUIPAMENTOS,ATTBRASIL TECNOLOGIA LOCAÇÃO E SOLUÇÕES EM INFORMATICA LTDA EPP,22.392.165/0001-99,"1.775,00",06/2018
 RUTE COSTA,MATERIAL DE ESCRITORIO E OUTROS MATERIAIS DE CONSUMO,VIVAGRAF COMERCIO DE PRODUTOS PROMOCIONAIS EIRELI,25.200.006/0001-33,"2.640,00",06/2018
 RUTE COSTA,MATERIAL DE ESCRITORIO E OUTROS MATERIAIS DE CONSUMO,JOSEFA ARENA THOMAZ ME,25.311.877/0001-24,"450,00",06/2018
 RUTE COSTA,MATERIAL DE ESCRITORIO E OUTROS MATERIAIS DE CONSUMO,KALUNGA COMÉRCIO E INDÚSTRIA GRÁFICA LTDA,43.283.811/0018-06,"584,60",06/2018
 RUTE COSTA,MATERIAL DE ESCRITORIO E OUTROS MATERIAIS DE CONSUMO,KALUNGA COM. E IND. GRÁFICA LTDA,43.283.811/0177-10,"107,00",06/2018
 RUTE COSTA,TELEFONE FIXO,TELEFONICA BRASIL S/A,02.558.157/0001-62,"171,15",06/2018
 RUTE COSTA,ASSINATURA DE JORNAIS E REVISTAS,S.A O ESTADO DE S. PAULO,61.533.949/0001-41,"115,90",07/2018
 RUTE COSTA,COMBUSTIVEL,AUTO POSTO TUPI LTDA.,63.045.884/0001-10,"736,10",07/2018
 RUTE COSTA,COMPOSIÇÃO/ARTE/DIAGRAMAÇÃO/PRODUÇÃO/IMPRESSAO GRAFICA,LIBERALINA FREIRE MOURA ME,25.217.978/0001-30,"7.200,00",07/2018
 RUTE COSTA,CONTRATAÇAO DE PESSOA JURIDICA,SOLARYS SOLUÇÕES DIGITAIS LTDA-ME,08.648.207/0001-89,"715,00",07/2018
 RUTE COSTA,INTERMEDIADO - CORREIOS,CAMARA MUNICIPAL DE SÃO PAULO,50.176.288/0001-28,"1.629,44",07/2018
 RUTE COSTA,INTERMEDIADO - LOCAÇÃO DE VEÍCULOS,CAMARA MUNICIPAL DE SÃO PAULO,50.176.288/0001-28,"2.148,45",07/2018
 RUTE COSTA,LOCAÇÃO DE MOVEIS E EQUIPAMENTOS,ATTBRASIL TECNOLOGIA LOCAÇÃO E SOLUÇÕES EM INFORMATICA LTDA EPP,22.392.165/0001-99,"1.775,00",07/2018
 RUTE COSTA,MATERIAL DE ESCRITORIO E OUTROS MATERIAIS DE CONSUMO,KALUNGA COM. E IND. GRAFICA LTDA,43.283.811/0101-12,"119,50",07/2018
 RUTE COSTA,MATERIAL DE ESCRITORIO E OUTROS MATERIAIS DE CONSUMO,KALUNGA COM. E IND. GRÁFICA LTDA,43.283.811/0177-10,"268,80",07/2018
 RUTE COSTA,TELEFONE FIXO,TELEFONICA BRASIL S/A,02.558.157/0001-62,"171,15",07/2018
 RUTE COSTA,ASSINATURA DE JORNAIS E REVISTAS,S.A O ESTADO DE S. PAULO,61.533.949/0001-41,"115,90",08/2018
 RUTE COSTA,COMBUSTIVEL,AUTO POSTO TUPI LTDA.,63.045.884/0001-10,"1.138,62",08/2018
 RUTE COSTA,COMPOSIÇÃO/ARTE/DIAGRAMAÇÃO/PRODUÇÃO/IMPRESSAO GRAFICA,LIBERALINA FREIRE MOURA ME,25.217.978/0001-30,"7.200,00",08/2018
 RUTE COSTA,CONTRATAÇAO DE PESSOA JURIDICA,SOLARYS SOLUÇÕES DIGITAIS LTDA-ME,08.648.207/0001-89,"715,00",08/2018
 RUTE COSTA,INTERMEDIADO - CORREIOS,CAMARA MUNICIPAL DE SÃO PAULO,50.176.288/0001-28,"1.827,00",08/2018
 RUTE COSTA,INTERMEDIADO - LOCAÇÃO DE VEÍCULOS,CAMARA MUNICIPAL DE SÃO PAULO,50.176.288/0001-28,"2.148,45",08/2018
 RUTE COSTA,LOCAÇÃO DE MOVEIS E EQUIPAMENTOS,ATTBRASIL TECNOLOGIA LOCAÇÃO E SOLUÇÕES EM INFORMATICA LTDA EPP,22.392.165/0001-99,"1.775,00",08/2018
 RUTE COSTA,MATERIAL DE ESCRITORIO E OUTROS MATERIAIS DE CONSUMO,JOSEFA ARENA THOMAZ ME,25.311.877/0001-24,"730,00",08/2018
 RUTE COSTA,TELEFONE FIXO,TELEFONICA BRASIL S/A,02.558.157/0001-62,"171,15",08/2018
 RUTE COSTA,ASSINATURA DE JORNAIS E REVISTAS,S.A O ESTADO DE S. PAULO,61.533.949/0001-41,"115,90",09/2018
 RUTE COSTA,COMBUSTIVEL,AUTO POSTO TUPI LTDA.,63.045.884/0001-10,"853,70",09/2018
 RUTE COSTA,COMPOSIÇÃO/ARTE/DIAGRAMAÇÃO/PRODUÇÃO/IMPRESSAO GRAFICA,LIBERALINA FREIRE MOURA ME,25.217.978/0001-30,"7.200,00",09/2018
 RUTE COSTA,CONTRATAÇAO DE PESSOA JURIDICA,SOLARYS SOLUÇÕES DIGITAIS LTDA-ME,08.648.207/0001-89,"715,00",09/2018
 RUTE COSTA,INTERMEDIADO - CORREIOS,CAMARA MUNICIPAL DE SÃO PAULO,50.176.288/0001-28,"1.631,35",09/2018
 RUTE COSTA,INTERMEDIADO - LOCAÇÃO DE VEÍCULOS,CAMARA MUNICIPAL DE SÃO PAULO,50.176.288/0001-28,"2.148,45",09/2018
 RUTE COSTA,LOCAÇÃO DE MOVEIS E EQUIPAMENTOS,ATTBRASIL TECNOLOGIA LOCAÇÃO E SOLUÇÕES EM INFORMATICA LTDA EPP,22.392.165/0001-99,"1.775,00",09/2018
 RUTE COSTA,MATERIAL DE ESCRITORIO E OUTROS MATERIAIS DE CONSUMO,KALUNGA COM. E IND. GRAFICA LTDA,43.283.811/0101-12,"398,20",09/2018
 RUTE COSTA,MATERIAL DE ESCRITORIO E OUTROS MATERIAIS DE CONSUMO,KALUNGA COM. E IND. GRÁFICA LTDA,43.283.811/0177-10,"20,00",09/2018
 RUTE COSTA,TELEFONE FIXO,TELEFONICA BRASIL S/A,02.558.157/0001-62,"171,15",09/2018
 RUTE COSTA,ASSINATURA DE JORNAIS E REVISTAS,S.A O ESTADO DE S. PAULO,61.533.949/0001-41,"115,90",10/2018
 RUTE COSTA,COMBUSTIVEL,AUTO POSTO TUPI LTDA.,63.045.884/0001-10,"929,51",10/2018
 RUTE COSTA,COMPOSIÇÃO/ARTE/DIAGRAMAÇÃO/PRODUÇÃO/IMPRESSAO GRAFICA,MAJU GRAF GRAFICA LTDA ME,06.226.361/0001-37,"180,00",10/2018
 RUTE COSTA,COMPOSIÇÃO/ARTE/DIAGRAMAÇÃO/PRODUÇÃO/IMPRESSAO GRAFICA,LIBERALINA FREIRE MOURA ME,25.217.978/0001-30,"7.200,00",10/2018
 RUTE COSTA,CONTRATAÇAO DE PESSOA JURIDICA,SOLARYS SOLUÇÕES DIGITAIS LTDA-ME,08.648.207/0001-89,"715,00",10/2018
 RUTE COSTA,INTERMEDIADO - CORREIOS,CAMARA MUNICIPAL DE SÃO PAULO,50.176.288/0001-28,"1.511,59",10/2018
 RUTE COSTA,INTERMEDIADO - LOCAÇÃO DE VEÍCULOS,CAMARA MUNICIPAL DE SÃO PAULO,50.176.288/0001-28,"2.148,45",10/2018
 RUTE COSTA,LOCAÇÃO DE MOVEIS E EQUIPAMENTOS,ATTBRASIL TECNOLOGIA LOCAÇÃO E SOLUÇÕES EM INFORMATICA LTDA EPP,22.392.165/0001-99,"1.775,00",10/2018
 RUTE COSTA,MATERIAL DE ESCRITORIO E OUTROS MATERIAIS DE CONSUMO,JOSEFA ARENA THOMAZ ME,25.311.877/0001-24,"900,00",10/2018
 RUTE COSTA,MATERIAL DE ESCRITORIO E OUTROS MATERIAIS DE CONSUMO,EXECUTIVE PAPER COMERCIAL LTDA,28.715.660/0001-78,"750,00",10/2018
 RUTE COSTA,MATERIAL DE ESCRITORIO E OUTROS MATERIAIS DE CONSUMO,KALUNGA COM. E IND. GRAFICA LTDA,43.283.811/0101-12,"57,70",10/2018
 RUTE COSTA,MATERIAL DE ESCRITORIO E OUTROS MATERIAIS DE CONSUMO,KALUNGA COM. E IND. GRÁFICA LTDA,43.283.811/0177-10,"7,90",10/2018
 RUTE COSTA,MATERIAL DE ESCRITORIO E OUTROS MATERIAIS DE CONSUMO,KALUNGA COMERCIO E INDUSTRIA GRÁFICA LTDA,43.283.811/0200-02,"213,00",10/2018
 RUTE COSTA,TELEFONE FIXO,TELEFONICA BRASIL S/A,02.558.157/0001-62,"175,34",10/2018
 RUTE COSTA,ASSINATURA DE JORNAIS E REVISTAS,S.A O ESTADO DE S. PAULO,61.533.949/0001-41,"115,90",11/2018
 RUTE COSTA,COMBUSTIVEL,AUTO POSTO TUPI LTDA.,63.045.884/0001-10,"948,00",11/2018
 RUTE COSTA,COMPOSIÇÃO/ARTE/DIAGRAMAÇÃO/PRODUÇÃO/IMPRESSAO GRAFICA,LIBERALINA FREIRE MOURA ME,25.217.978/0001-30,"7.200,00",11/2018
 RUTE COSTA,CONTRATAÇAO DE PESSOA JURIDICA,SOLARYS SOLUÇÕES DIGITAIS LTDA-ME,08.648.207/0001-89,"715,00",11/2018
 RUTE COSTA,INTERMEDIADO - CORREIOS,CAMARA MUNICIPAL DE SÃO PAULO,50.176.288/0001-28,"1.859,49",11/2018
 RUTE COSTA,INTERMEDIADO - LOCAÇÃO DE VEÍCULOS,CAMARA MUNICIPAL DE SÃO PAULO,50.176.288/0001-28,"2.148,45",11/2018
 RUTE COSTA,LOCAÇÃO DE MOVEIS E EQUIPAMENTOS,ATTBRASIL TECNOLOGIA LOCAÇÃO E SOLUÇÕES EM INFORMATICA LTDA EPP,22.392.165/0001-99,"1.775,00",11/2018
 RUTE COSTA,MATERIAL DE ESCRITORIO E OUTROS MATERIAIS DE CONSUMO,KALUNGA COM. E IND. GRAFICA LTDA,43.283.811/0101-12,"41,80",11/2018
 RUTE COSTA,MATERIAL DE ESCRITORIO E OUTROS MATERIAIS DE CONSUMO,KALUNGA COM. E IND. GRÁFICA LTDA,43.283.811/0177-10,"86,00",11/2018
 RUTE COSTA,TELEFONE FIXO,TELEFONICA BRASIL S/A,02.558.157/0001-62,"175,34",11/2018
 RUTE COSTA,ASSINATURA DE JORNAIS E REVISTAS,S.A O ESTADO DE S. PAULO,61.533.949/0001-41,"115,90",12/2018
 RUTE COSTA,COMBUSTIVEL,AUTO POSTO TUPI LTDA.,63.045.884/0001-10,"630,10",12/2018
 RUTE COSTA,COMPOSIÇÃO/ARTE/DIAGRAMAÇÃO/PRODUÇÃO/IMPRESSAO GRAFICA,LIBERALINA FREIRE MOURA ME,25.217.978/0001-30,"7.200,00",12/2018
 RUTE COSTA,CONTRATAÇAO DE PESSOA JURIDICA,SOLARYS SOLUÇÕES DIGITAIS LTDA-ME,08.648.207/0001-89,"715,00",12/2018
 RUTE COSTA,INTERMEDIADO - CORREIOS,CAMARA MUNICIPAL DE SÃO PAULO,50.176.288/0001-28,"2.765,00",12/2018
 RUTE COSTA,INTERMEDIADO - LOCAÇÃO DE VEÍCULOS,CAMARA MUNICIPAL DE SÃO PAULO,50.176.288/0001-28,"2.148,45",12/2018
 RUTE COSTA,LOCAÇÃO DE MOVEIS E EQUIPAMENTOS,ATTBRASIL TECNOLOGIA LOCAÇÃO E SOLUÇÕES EM INFORMATICA LTDA EPP,22.392.165/0001-99,"1.775,00",12/2018
 RUTE COSTA,MATERIAL DE ESCRITORIO E OUTROS MATERIAIS DE CONSUMO,CENTER PAPEIS COMERCIAL LTDA.,06.226.820/0001-82,"59,95",12/2018
 RUTE COSTA,MATERIAL DE ESCRITORIO E OUTROS MATERIAIS DE CONSUMO,KALUNGA COM. E IND. GRAFICA LTDA,43.283.811/0101-12,"69,90",12/2018
 RUTE COSTA,MATERIAL DE ESCRITORIO E OUTROS MATERIAIS DE CONSUMO,KALUNGA COM. E IND. GRÁFICA LTDA,43.283.811/0177-10,"60,20",12/2018
 RUTE COSTA,TELEFONE FIXO,TELEFONICA BRASIL S/A,02.558.157/0001-62,"121,09",12/2018
 RUTE COSTA,ASSINATURA DE JORNAIS E REVISTAS,S.A O ESTADO DE S. PAULO,61.533.949/0001-41,"115,90",01/2019
 RUTE COSTA,COMBUSTIVEL,AUTO POSTO TUPI LTDA.,63.045.884/0001-10,"456,00",01/2019
 RUTE COSTA,COMPOSIÇÃO/ARTE/DIAGRAMAÇÃO/PRODUÇÃO/IMPRESSAO GRAFICA,LIBERALINA FREIRE MOURA ME,25.217.978/0001-30,"7.200,00",01/2019
 RUTE COSTA,CONTRATAÇAO DE PESSOA JURIDICA,SOLARYS SOLUÇÕES DIGITAIS LTDA-ME,08.648.207/0001-89,"715,00",01/2019
 RUTE COSTA,INTERMEDIADO - CORREIOS,CAMARA MUNICIPAL DE SÃO PAULO,50.176.288/0001-28,"1.843,21",01/2019
 RUTE COSTA,INTERMEDIADO - LOCAÇÃO DE VEÍCULOS,CAMARA MUNICIPAL DE SÃO PAULO,50.176.288/0001-28,"2.199,17",01/2019
 RUTE COSTA,LOCAÇÃO DE MOVEIS E EQUIPAMENTOS,ATTBRASIL TECNOLOGIA LOCAÇÃO E SOLUÇÕES EM INFORMATICA LTDA EPP,22.392.165/0001-99,"1.775,00",01/2019
 RUTE COSTA,MATERIAL DE ESCRITORIO E OUTROS MATERIAIS DE CONSUMO,EXECUTIVE PAPER COMERCIAL LTDA,28.715.660/0001-78,"750,00",01/2019
 RUTE COSTA,MATERIAL DE ESCRITORIO E OUTROS MATERIAIS DE CONSUMO,KALUNGA COM. E IND. GRAFICA LTDA,43.283.811/0101-12,"65,20",01/2019
 RUTE COSTA,MATERIAL DE ESCRITORIO E OUTROS MATERIAIS DE CONSUMO,KALUNGA COM. E IND. GRÁFICA LTDA,43.283.811/0177-10,"116,50",01/2019
 RUTE COSTA,MATERIAL DE ESCRITORIO E OUTROS MATERIAIS DE CONSUMO,KALUNGA COMERCIO E INDUSTRIA GRÁFICA LTDA,43.283.811/0200-02,"573,70",01/2019
 RUTE COSTA,TELEFONE FIXO,TELEFONICA BRASIL S/A,02.558.157/0001-62,"175,19",01/2019
 RUTE COSTA,ASSINATURA DE JORNAIS E REVISTAS,S.A O ESTADO DE S. PAULO,61.533.949/0001-41,"115,90",02/2019
 RUTE COSTA,COMBUSTIVEL,AUTO POSTO TUPI LTDA.,63.045.884/0001-10,"492,50",02/2019
 RUTE COSTA,COMPOSIÇÃO/ARTE/DIAGRAMAÇÃO/PRODUÇÃO/IMPRESSAO GRAFICA,LIBERALINA FREIRE MOURA ME,25.217.978/0001-30,"7.200,00",02/2019
 RUTE COSTA,CONTRATAÇAO DE PESSOA JURIDICA,SOLARYS SOLUÇÕES DIGITAIS LTDA-ME,08.648.207/0001-89,"715,00",02/2019
 RUTE COSTA,INTERMEDIADO - CORREIOS,CAMARA MUNICIPAL DE SÃO PAULO,50.176.288/0001-28,"1.728,71",02/2019
 RUTE COSTA,INTERMEDIADO - LOCAÇÃO DE VEÍCULOS,CAMARA MUNICIPAL DE SÃO PAULO,50.176.288/0001-28,"2.214,62",02/2019
 RUTE COSTA,MATERIAL DE ESCRITORIO E OUTROS MATERIAIS DE CONSUMO,KALUNGA COM. E IND. GRAFICA LTDA,43.283.811/0101-12,"529,60",02/2019
 RUTE COSTA,MATERIAL DE ESCRITORIO E OUTROS MATERIAIS DE CONSUMO,KALUNGA COM. E IND. GRÁFICA LTDA,43.283.811/0177-10,"73,10",02/2019
 RUTE COSTA,TELEFONE FIXO,TELEFONICA BRASIL S/A,02.558.157/0001-62,"175,34",02/2019
 RUTE COSTA,ASSINATURA DE JORNAIS E REVISTAS,S.A O ESTADO DE S. PAULO,61.533.949/0001-41,"127,50",03/2019
 RUTE COSTA,COMBUSTIVEL,AUTO POSTO TUPI LTDA.,63.045.884/0001-10,"814,00",03/2019
 RUTE COSTA,COMPOSIÇÃO/ARTE/DIAGRAMAÇÃO/PRODUÇÃO/IMPRESSAO GRAFICA,DESIGN VISAO GRAFICA E EDITORA EIRELI,33.030.161/0001-87,"7.200,00",03/2019
 RUTE COSTA,CONTRATAÇAO DE PESSOA JURIDICA,SOLARYS SOLUÇÕES DIGITAIS LTDA-ME,08.648.207/0001-89,"715,00",03/2019
 RUTE COSTA,INTERMEDIADO - CORREIOS,CAMARA MUNICIPAL DE SÃO PAULO,50.176.288/0001-28,"1.642,44",03/2019
 RUTE COSTA,INTERMEDIADO - LOCAÇÃO DE VEÍCULOS,CAMARA MUNICIPAL DE SÃO PAULO,50.176.288/0001-28,"2.214,62",03/2019
 RUTE COSTA,MATERIAL DE ESCRITORIO E OUTROS MATERIAIS DE CONSUMO,MVS CARTUCHOS LTDA - ME,09.358.717/0001-84,"450,00",03/2019
 RUTE COSTA,MATERIAL DE ESCRITORIO E OUTROS MATERIAIS DE CONSUMO,KALUNGA COM. E IND. GRÁFICA LTDA,43.283.811/0177-10,"45,50",03/2019
 RUTE COSTA,TELEFONE FIXO,TELEFONICA BRASIL S/A,02.558.157/0001-62,"175,34",03/2019
 RUTE COSTA,ASSINATURA DE JORNAIS E REVISTAS,S.A O ESTADO DE S. PAULO,61.533.949/0001-41,"127,50",04/2019
 RUTE COSTA,COMBUSTIVEL,AUTO POSTO TUPI LTDA.,63.045.884/0001-10,"354,00",04/2019
 RUTE COSTA,COMPOSIÇÃO/ARTE/DIAGRAMAÇÃO/PRODUÇÃO/IMPRESSAO GRAFICA,MAJU GRAF GRAFICA LTDA ME,06.226.361/0001-37,"180,00",04/2019
 RUTE COSTA,COMPOSIÇÃO/ARTE/DIAGRAMAÇÃO/PRODUÇÃO/IMPRESSAO GRAFICA,LIBERALINA FREIRE MOURA ME,25.217.978/0001-30,"7.200,00",04/2019
 RUTE COSTA,CONTRATAÇAO DE PESSOA JURIDICA,SOLARYS SOLUÇÕES DIGITAIS LTDA-ME,08.648.207/0001-89,"715,00",04/2019
 RUTE COSTA,INTERMEDIADO - CORREIOS,CAMARA MUNICIPAL DE SÃO PAULO,50.176.288/0001-28,"1.251,25",04/2019
 RUTE COSTA,INTERMEDIADO - LOCAÇÃO DE VEÍCULOS,CAMARA MUNICIPAL DE SÃO PAULO,50.176.288/0001-28,"2.214,62",04/2019
 RUTE COSTA,MATERIAL DE ESCRITORIO E OUTROS MATERIAIS DE CONSUMO,K2G SUPRIMENTOS DE IMPRESSÃO E INFORMATICA EIRELLI - ME,19.367.661/0001-88,"2.550,00",04/2019
 RUTE COSTA,MATERIAL DE ESCRITORIO E OUTROS MATERIAIS DE CONSUMO,KALUNGA COM. E IND. GRÁFICA LTDA,43.283.811/0177-10,"229,10",04/2019
 RUTE COSTA,TELEFONE FIXO,TELEFONICA BRASIL S/A,02.558.157/0001-62,"182,28",04/2019
 RUTE COSTA,ASSINATURA DE JORNAIS E REVISTAS,S.A O ESTADO DE S. PAULO,61.533.949/0001-41,"127,50",05/2019
 RUTE COSTA,COMBUSTIVEL,AUTO POSTO INDEPENDENCIA DO CAMBUCI LTDA.,07.679.089/0001-03,"668,14",05/2019
 RUTE COSTA,COMPOSIÇÃO/ARTE/DIAGRAMAÇÃO/PRODUÇÃO/IMPRESSAO GRAFICA,LIBERALINA FREIRE MOURA ME,25.217.978/0001-30,"7.200,00",05/2019
 RUTE COSTA,CONTRATAÇAO DE PESSOA JURIDICA,SOLARYS SOLUÇÕES DIGITAIS LTDA-ME,08.648.207/0001-89,"715,00",05/2019
 RUTE COSTA,CONTRATAÇAO DE PESSOA JURIDICA,VICTOR PUREZA ALEIXO,23.617.809/0001-62,"526,50",05/2019
 RUTE COSTA,INTERMEDIADO - CORREIOS,CAMARA MUNICIPAL DE SÃO PAULO,50.176.288/0001-28,"2.283,85",05/2019
 RUTE COSTA,INTERMEDIADO - LOCAÇÃO DE VEÍCULOS,CAMARA MUNICIPAL DE SÃO PAULO,50.176.288/0001-28,"2.214,62",05/2019
 RUTE COSTA,LOCAÇÃO DE MOVEIS E EQUIPAMENTOS,K2G SUPRIMENTOS DE IMPRESSÃO E INFORMATICA EIRELLI - ME,19.367.661/0001-88,"1.000,00",05/2019
 RUTE COSTA,MATERIAL DE ESCRITORIO E OUTROS MATERIAIS DE CONSUMO,K2G SUPRIMENTOS DE IMPRESSÃO E INFORMATICA EIRELLI - ME,19.367.661/0001-88,"2.149,90",05/2019
 RUTE COSTA,MATERIAL DE ESCRITORIO E OUTROS MATERIAIS DE CONSUMO,KALUNGA COM. E IND. GRÁFICA LTDA,43.283.811/0177-10,"414,58",05/2019
 RUTE COSTA,TELEFONE FIXO,TELEFONICA BRASIL S/A,02.558.157/0001-62,"185,61",05/2019
 RUTE COSTA,ASSINATURA DE JORNAIS E REVISTAS,S.A O ESTADO DE S. PAULO,61.533.949/0001-41,"127,50",06/2019
 RUTE COSTA,COMBUSTIVEL,AUTO POSTO INDEPENDENCIA DO CAMBUCI LTDA.,07.679.089/0001-03,"907,36",06/2019
 RUTE COSTA,COMPOSIÇÃO/ARTE/DIAGRAMAÇÃO/PRODUÇÃO/IMPRESSAO GRAFICA,LIBERALINA FREIRE MOURA ME,25.217.978/0001-30,"7.200,00",06/2019
 RUTE COSTA,CONTRATAÇAO DE PESSOA JURIDICA,SOLARYS SOLUÇÕES DIGITAIS LTDA-ME,08.648.207/0001-89,"715,00",06/2019
 RUTE COSTA,INTERMEDIADO - CORREIOS,CAMARA MUNICIPAL DE SÃO PAULO,50.176.288/0001-28,"1.671,59",06/2019
 RUTE COSTA,INTERMEDIADO - LOCAÇÃO DE VEÍCULOS,CAMARA MUNICIPAL DE SÃO PAULO,50.176.288/0001-28,"2.214,62",06/2019
 RUTE COSTA,LOCAÇÃO DE MOVEIS E EQUIPAMENTOS,K2G SUPRIMENTOS DE IMPRESSÃO E INFORMATICA EIRELLI - ME,19.367.661/0001-88,"1.000,00",06/2019
 RUTE COSTA,MATERIAL DE ESCRITORIO E OUTROS MATERIAIS DE CONSUMO,K2G SUPRIMENTOS DE IMPRESSÃO E INFORMATICA EIRELLI - ME,19.367.661/0001-88,"2.050,00",06/2019
 RUTE COSTA,MATERIAL DE ESCRITORIO E OUTROS MATERIAIS DE CONSUMO,KALUNGA COM. E IND. GRÁFICA LTDA,43.283.811/0177-10,"238,20",06/2019
 RUTE COSTA,MATERIAL DE ESCRITORIO E OUTROS MATERIAIS DE CONSUMO,KALUNGA COMERCIO E INDUSTRIA GRÁFICA LTDA,43.283.811/0200-02,"214,10",06/2019
 RUTE COSTA,TELEFONE FIXO,TELEFONICA BRASIL S/A,02.558.157/0001-62,"185,61",06/2019
 RUTE COSTA,COMBUSTIVEL,AUTO POSTO INDEPENDENCIA DO CAMBUCI LTDA.,07.679.089/0001-03,"506,67",07/2019
 RUTE COSTA,COMPOSIÇÃO/ARTE/DIAGRAMAÇÃO/PRODUÇÃO/IMPRESSAO GRAFICA,MAJU GRAF GRAFICA LTDA ME,06.226.361/0001-37,"120,00",07/2019
 RUTE COSTA,COMPOSIÇÃO/ARTE/DIAGRAMAÇÃO/PRODUÇÃO/IMPRESSAO GRAFICA,DESIGN VISAO GRAFICA E EDITORA EIRELI,33.030.161/0001-87,"7.200,00",07/2019
 RUTE COSTA,CONTRATAÇAO DE PESSOA JURIDICA,SOLARYS SOLUÇÕES DIGITAIS LTDA-ME,08.648.207/0001-89,"715,00",07/2019
 RUTE COSTA,INTERMEDIADO - CORREIOS,CAMARA MUNICIPAL DE SÃO PAULO,50.176.288/0001-28,"1.953,94",07/2019
 RUTE COSTA,INTERMEDIADO - LOCAÇÃO DE VEÍCULOS,CAMARA MUNICIPAL DE SÃO PAULO,50.176.288/0001-28,"2.214,62",07/2019
 RUTE COSTA,LOCAÇÃO DE MOVEIS E EQUIPAMENTOS,K2G SUPRIMENTOS DE IMPRESSÃO E INFORMATICA EIRELLI - ME,19.367.661/0001-88,"1.000,00",07/2019
 RUTE COSTA,MATERIAL DE ESCRITORIO E OUTROS MATERIAIS DE CONSUMO,K2G SUPRIMENTOS DE IMPRESSÃO E INFORMATICA EIRELLI - ME,19.367.661/0001-88,"2.050,00",07/2019
 RUTE COSTA,MATERIAL DE ESCRITORIO E OUTROS MATERIAIS DE CONSUMO,KALUNGA COM. E IND. GRÁFICA LTDA,43.283.811/0177-10,"116,90",07/2019
 RUTE COSTA,TELEFONE FIXO,TELEFONICA BRASIL S/A,02.558.157/0001-62,"185,61",07/2019
 RUTE COSTA,ASSINATURA DE JORNAIS E REVISTAS,S.A O ESTADO DE S. PAULO,61.533.949/0001-41,"86,90",08/2019
 RUTE COSTA,COMBUSTIVEL,AUTO POSTO INDEPENDENCIA DO CAMBUCI LTDA.,07.679.089/0001-03,"978,24",08/2019
 RUTE COSTA,COMPOSIÇÃO/ARTE/DIAGRAMAÇÃO/PRODUÇÃO/IMPRESSAO GRAFICA,MAJU GRAF GRAFICA LTDA ME,06.226.361/0001-37,"480,00",08/2019
 RUTE COSTA,COMPOSIÇÃO/ARTE/DIAGRAMAÇÃO/PRODUÇÃO/IMPRESSAO GRAFICA,DESIGN VISAO GRAFICA E EDITORA EIRELI,33.030.161/0001-87,"7.200,00",08/2019
 RUTE COSTA,CONTRATAÇAO DE PESSOA JURIDICA,SOLARYS SOLUÇÕES DIGITAIS LTDA-ME,08.648.207/0001-89,"715,00",08/2019
 RUTE COSTA,CONTRATAÇAO DE PESSOA JURIDICA,FACEBOOK SERVICOS ON LINE DO BRASIL LTDA,13.347.016/0001-17,"188,38",08/2019
 RUTE COSTA,INTERMEDIADO - CORREIOS,CAMARA MUNICIPAL DE SÃO PAULO,50.176.288/0001-28,"1.524,66",08/2019
 RUTE COSTA,INTERMEDIADO - LOCAÇÃO DE VEÍCULOS,CAMARA MUNICIPAL DE SÃO PAULO,50.176.288/0001-28,"2.214,62",08/2019
 RUTE COSTA,LOCAÇÃO DE MOVEIS E EQUIPAMENTOS,K2G SUPRIMENTOS DE IMPRESSÃO E INFORMATICA EIRELLI - ME,19.367.661/0001-88,"1.000,00",08/2019
 RUTE COSTA,MATERIAL DE ESCRITORIO E OUTROS MATERIAIS DE CONSUMO,K2G SUPRIMENTOS DE IMPRESSÃO E INFORMATICA EIRELLI - ME,19.367.661/0001-88,"3.770,00",08/2019
 RUTE COSTA,MATERIAL DE ESCRITORIO E OUTROS MATERIAIS DE CONSUMO,EXECUTIVE PAPER COMERCIAL LTDA,28.715.660/0001-78,"750,00",08/2019
 RUTE COSTA,MATERIAL DE ESCRITORIO E OUTROS MATERIAIS DE CONSUMO,KALUNGA COM. E IND. GRÁFICA LTDA,43.283.811/0177-10,"294,40",08/2019
 RUTE COSTA,TELEFONE FIXO,TELEFONICA BRASIL S/A,02.558.157/0001-62,"185,61",08/2019
 RUTE COSTA,ASSINATURA DE JORNAIS E REVISTAS,S.A O ESTADO DE S. PAULO,61.533.949/0001-41,"86,90",09/2019
 RUTE COSTA,COMBUSTIVEL,AUTO POSTO INDEPENDENCIA DO CAMBUCI LTDA.,07.679.089/0001-03,"695,15",09/2019
 RUTE COSTA,COMPOSIÇÃO/ARTE/DIAGRAMAÇÃO/PRODUÇÃO/IMPRESSAO GRAFICA,MAJU GRAF GRAFICA LTDA ME,06.226.361/0001-37,"240,00",09/2019
 RUTE COSTA,COMPOSIÇÃO/ARTE/DIAGRAMAÇÃO/PRODUÇÃO/IMPRESSAO GRAFICA,DESIGN VISAO GRAFICA E EDITORA EIRELI,33.030.161/0001-87,"7.200,00",09/2019
 RUTE COSTA,CONTRATAÇAO DE PESSOA JURIDICA,SOLARYS SOLUÇÕES DIGITAIS LTDA-ME,08.648.207/0001-89,"715,00",09/2019
 RUTE COSTA,CONTRATAÇAO DE PESSOA JURIDICA,FACEBOOK SERVICOS ON LINE DO BRASIL LTDA,13.347.016/0001-17,"629,42",09/2019
 RUTE COSTA,INTERMEDIADO - CORREIOS,CAMARA MUNICIPAL DE SÃO PAULO,50.176.288/0001-28,"1.577,82",09/2019
 RUTE COSTA,INTERMEDIADO - LOCAÇÃO DE VEÍCULOS,CAMARA MUNICIPAL DE SÃO PAULO,50.176.288/0001-28,"2.214,62",09/2019
 RUTE COSTA,LOCAÇÃO DE MOVEIS E EQUIPAMENTOS,K2G SUPRIMENTOS DE IMPRESSÃO E INFORMATICA EIRELLI - ME,19.367.661/0001-88,"1.000,00",09/2019
 RUTE COSTA,MATERIAL DE ESCRITORIO E OUTROS MATERIAIS DE CONSUMO,K2G SUPRIMENTOS DE IMPRESSÃO E INFORMATICA EIRELLI - ME,19.367.661/0001-88,"5.100,00",09/2019
 RUTE COSTA,MATERIAL DE ESCRITORIO E OUTROS MATERIAIS DE CONSUMO,KALUNGA COM. E IND. GRÁFICA LTDA,43.283.811/0177-10,"612,90",09/2019
 RUTE COSTA,TELEFONE FIXO,TELEFONICA BRASIL S/A,02.558.157/0001-62,"185,61",09/2019
 RUTE COSTA,ASSINATURA DE JORNAIS E REVISTAS,S.A O ESTADO DE S. PAULO,61.533.949/0001-41,"86,90",10/2019
 RUTE COSTA,COMBUSTIVEL,AUTO POSTO INDEPENDENCIA DO CAMBUCI LTDA.,07.679.089/0001-03,"1.006,80",10/2019
 RUTE COSTA,COMPOSIÇÃO/ARTE/DIAGRAMAÇÃO/PRODUÇÃO/IMPRESSAO GRAFICA,MAJU GRAF GRAFICA LTDA ME,06.226.361/0001-37,"490,00",10/2019
 RUTE COSTA,COMPOSIÇÃO/ARTE/DIAGRAMAÇÃO/PRODUÇÃO/IMPRESSAO GRAFICA,DESIGN VISAO GRAFICA E EDITORA EIRELI,33.030.161/0001-87,"7.200,00",10/2019
 RUTE COSTA,CONTRATAÇAO DE PESSOA JURIDICA,SOLARYS SOLUÇÕES DIGITAIS LTDA-ME,08.648.207/0001-89,"715,00",10/2019
 RUTE COSTA,INTERMEDIADO - CORREIOS,CAMARA MUNICIPAL DE SÃO PAULO,50.176.288/0001-28,"2.476,76",10/2019
 RUTE COSTA,INTERMEDIADO - LOCAÇÃO DE VEÍCULOS,CAMARA MUNICIPAL DE SÃO PAULO,50.176.288/0001-28,"2.214,62",10/2019
 RUTE COSTA,LOCAÇÃO DE MOVEIS E EQUIPAMENTOS,K2G SUPRIMENTOS DE IMPRESSÃO E INFORMATICA EIRELLI - ME,19.367.661/0001-88,"1.000,00",10/2019
 RUTE COSTA,MATERIAL DE ESCRITORIO E OUTROS MATERIAIS DE CONSUMO,KALUNGA COM. E IND. GRÁFICA LTDA,43.283.811/0177-10,"115,80",10/2019
 RUTE COSTA,MATERIAL DE ESCRITORIO E OUTROS MATERIAIS DE CONSUMO,KALUNGA COMERCIO E INDUSTRIA GRÁFICA LTDA,43.283.811/0200-02,"241,60",10/2019
 RUTE COSTA,TELEFONE FIXO,TELEFONICA BRASIL S/A,02.558.157/0001-62,"192,71",10/2019
 RUTE COSTA,ASSINATURA DE JORNAIS E REVISTAS,S.A O ESTADO DE S. PAULO,61.533.949/0001-41,"86,90",11/2019
 RUTE COSTA,COMBUSTIVEL,AUTO POSTO INDEPENDENCIA DO CAMBUCI LTDA.,07.679.089/0001-03,"902,38",11/2019
 RUTE COSTA,COMPOSIÇÃO/ARTE/DIAGRAMAÇÃO/PRODUÇÃO/IMPRESSAO GRAFICA,DESIGN VISAO GRAFICA E EDITORA EIRELI,33.030.161/0001-87,"7.200,00",11/2019
 RUTE COSTA,CONTRATAÇAO DE PESSOA JURIDICA,SOLARYS SOLUÇÕES DIGITAIS LTDA-ME,08.648.207/0001-89,"700,00",11/2019
 RUTE COSTA,INTERMEDIADO - CORREIOS,CAMARA MUNICIPAL DE SÃO PAULO,50.176.288/0001-28,"1.373,97",11/2019
 RUTE COSTA,INTERMEDIADO - LOCAÇÃO DE VEÍCULOS,CAMARA MUNICIPAL DE SÃO PAULO,50.176.288/0001-28,"2.214,62",11/2019
 RUTE COSTA,LOCAÇÃO DE MOVEIS E EQUIPAMENTOS,K2G SUPRIMENTOS DE IMPRESSÃO E INFORMATICA EIRELLI - ME,19.367.661/0001-88,"1.000,00",11/2019
 RUTE COSTA,MATERIAL DE ESCRITORIO E OUTROS MATERIAIS DE CONSUMO,K2G SUPRIMENTOS DE IMPRESSÃO E INFORMATICA EIRELLI - ME,19.367.661/0001-88,"8.915,00",11/2019
 RUTE COSTA,MATERIAL DE ESCRITORIO E OUTROS MATERIAIS DE CONSUMO,EXECUTIVE PAPER COMERCIAL LTDA,28.715.660/0001-78,"750,00",11/2019
 RUTE COSTA,MATERIAL DE ESCRITORIO E OUTROS MATERIAIS DE CONSUMO,KALUNGA COMÉRCIO E INDÚSTRIA GRÁFICA LTDA,43.283.811/0018-06,"191,10",11/2019
 RUTE COSTA,MATERIAL DE ESCRITORIO E OUTROS MATERIAIS DE CONSUMO,KALUNGA COM. E IND. GRÁFICA LTDA,43.283.811/0177-10,"494,18",11/2019
 RUTE COSTA,MATERIAL DE ESCRITORIO E OUTROS MATERIAIS DE CONSUMO,KALUNGA COMERCIO E INDUSTRIA GRÁFICA LTDA,43.283.811/0200-02,"237,10",11/2019
 RUTE COSTA,TELEFONE FIXO,TELEFONICA BRASIL S/A,02.558.157/0001-62,"202,71",11/2019
 RUTE COSTA,ASSINATURA DE JORNAIS E REVISTAS,S.A O ESTADO DE S. PAULO,61.533.949/0001-41,"86,90",12/2019
 RUTE COSTA,COMBUSTIVEL,AUTO POSTO INDEPENDENCIA DO CAMBUCI LTDA.,07.679.089/0001-03,"391,21",12/2019
 RUTE COSTA,COMPOSIÇÃO/ARTE/DIAGRAMAÇÃO/PRODUÇÃO/IMPRESSAO GRAFICA,DESIGN VISAO GRAFICA E EDITORA EIRELI,33.030.161/0001-87,"7.200,00",12/2019
 RUTE COSTA,ELABORAÇÃO/MANUTENÇAO DE SITE/HOSPEDAGEM,SOLARYS SOLUÇÕES DIGITAIS LTDA-ME,08.648.207/0001-89,"715,00",12/2019
 RUTE COSTA,INTERMEDIADO - CORREIOS,CAMARA MUNICIPAL DE SÃO PAULO,50.176.288/0001-28,"1.980,19",12/2019
 RUTE COSTA,INTERMEDIADO - LOCAÇÃO DE VEÍCULOS,CAMARA MUNICIPAL DE SÃO PAULO,50.176.288/0001-28,"2.214,62",12/2019
 RUTE COSTA,LOCAÇÃO DE MOVEIS E EQUIPAMENTOS,K2G SUPRIMENTOS DE IMPRESSÃO E INFORMATICA EIRELLI - ME,19.367.661/0001-88,"1.000,00",12/2019
 RUTE COSTA,MATERIAL DE ESCRITORIO E OUTROS MATERIAIS DE CONSUMO,K2G SUPRIMENTOS DE IMPRESSÃO E INFORMATICA EIRELLI - ME,19.367.661/0001-88,"4.100,00",12/2019
 RUTE COSTA,MATERIAL DE ESCRITORIO E OUTROS MATERIAIS DE CONSUMO,KALUNGA COM. E IND. GRÁFICA LTDA,43.283.811/0177-10,"706,40",12/2019
 RUTE COSTA,TELEFONE FIXO,TELEFONICA BRASIL S/A,02.558.157/0001-62,"202,71",12/2019
