 JOSÉ POLICE NETO,COMPOSIÇÃO/ARTE/DIAGRAMAÇÃO/PRODUÇÃO/IMPRESSAO GRAFICA,RWC - GRÁFICA E EDITORA LTDA ME,24.827.045/0001-00,"7.531,60",01/2017
 JOSÉ POLICE NETO,CONTRATAÇAO DE PESSOA JURIDICA,RD GESTÃO E SISTEMAS S.A.,13.021.784/0001-86,"1.899,00",01/2017
 JOSÉ POLICE NETO,INTERMEDIADO - CORREIOS,CAMARA MUNICIPAL DE SÃO PAULO,50.176.288/0001-28,"3,40",01/2017
 JOSÉ POLICE NETO,LOCAÇÃO DE MOVEIS E EQUIPAMENTOS,FMJ COMÉRCIO E ASSISTENCIA TÉCNICA EM COPIADORAS LTDA ME,07.915.380/0001-33,"400,00",01/2017
 JOSÉ POLICE NETO,MATERIAL DE ESCRITORIO E OUTROS MATERIAIS DE CONSUMO,CENTER PAPEIS COMERCIAL LTDA.,06.226.820/0001-82,"380,10",01/2017
 JOSÉ POLICE NETO,TELEFONE FIXO,TELEFONICA BRASIL S/A,02.558.157/0001-62,"176,29",01/2017
 JOSÉ POLICE NETO,TELEFONE MOVEL,TELEFONICA BRASIL S/A,02.558.157/0001-62,"1.222,56",01/2017
 JOSÉ POLICE NETO,COMPOSIÇÃO/ARTE/DIAGRAMAÇÃO/PRODUÇÃO/IMPRESSAO GRAFICA,BETA GRAPHICS COMERCIO E SERVIÇO GRAFICO LTDA,05.728.417/0001-99,"561,89",02/2017
 JOSÉ POLICE NETO,COMPOSIÇÃO/ARTE/DIAGRAMAÇÃO/PRODUÇÃO/IMPRESSAO GRAFICA,RWC - GRÁFICA E EDITORA LTDA ME,24.827.045/0001-00,"713,52",02/2017
 JOSÉ POLICE NETO,CONTRATAÇAO DE PESSOA JURIDICA,ST ASSESSORIA E TREINAMENTO LTDA,10.203.419/0001-02,"5.351,40",02/2017
 JOSÉ POLICE NETO,CONTRATAÇAO DE PESSOA JURIDICA,RD GESTÃO E SISTEMAS S.A.,13.021.784/0001-86,"1.899,00",02/2017
 JOSÉ POLICE NETO,ELABORAÇÃO/MANUTENÇAO DE SITE/HOSPEDAGEM,AMDS SOLUCOES EM INFORMATICA LTDA,10.573.371/0001-16,"421,18",02/2017
 JOSÉ POLICE NETO,INTERMEDIADO - CORREIOS,CAMARA MUNICIPAL DE SÃO PAULO,50.176.288/0001-28,"5,10",02/2017
 JOSÉ POLICE NETO,LOCAÇÃO DE MOVEIS E EQUIPAMENTOS,FMJ COMÉRCIO E ASSISTENCIA TÉCNICA EM COPIADORAS LTDA ME,07.915.380/0001-33,"400,00",02/2017
 JOSÉ POLICE NETO,TELEFONE MOVEL,TELEFONICA BRASIL S/A,02.558.157/0001-62,"500,00",02/2017
 JOSÉ POLICE NETO,COMPOSIÇÃO/ARTE/DIAGRAMAÇÃO/PRODUÇÃO/IMPRESSAO GRAFICA,BETA GRAPHICS COMERCIO E SERVIÇO GRAFICO LTDA,05.728.417/0001-99,"854,14",03/2017
 JOSÉ POLICE NETO,CONTRATAÇAO DE PESSOA JURIDICA,ST ASSESSORIA E TREINAMENTO LTDA,10.203.419/0001-02,"5.400,00",03/2017
 JOSÉ POLICE NETO,CONTRATAÇAO DE PESSOA JURIDICA,RD GESTÃO E SISTEMAS S.A.,13.021.784/0001-86,"1.899,00",03/2017
 JOSÉ POLICE NETO,INTERMEDIADO - CORREIOS,CAMARA MUNICIPAL DE SÃO PAULO,50.176.288/0001-28,"37,70",03/2017
 JOSÉ POLICE NETO,LOCAÇÃO DE MOVEIS E EQUIPAMENTOS,FMJ COMÉRCIO E ASSISTENCIA TÉCNICA EM COPIADORAS LTDA ME,07.915.380/0001-33,"400,00",03/2017
 JOSÉ POLICE NETO,MATERIAL DE ESCRITORIO E OUTROS MATERIAIS DE CONSUMO,CENTER PAPEIS COMERCIAL LTDA.,06.226.820/0001-82,"369,05",03/2017
 JOSÉ POLICE NETO,MATERIAL DE ESCRITORIO E OUTROS MATERIAIS DE CONSUMO,FMJ COMÉRCIO E ASSISTENCIA TÉCNICA EM COPIADORAS LTDA ME,07.915.380/0001-33,"800,00",03/2017
 JOSÉ POLICE NETO,TELEFONE MOVEL,TELEFONICA BRASIL S/A,02.558.157/0001-62,"500,00",03/2017
 JOSÉ POLICE NETO,COMPOSIÇÃO/ARTE/DIAGRAMAÇÃO/PRODUÇÃO/IMPRESSAO GRAFICA,BETA GRAPHICS COMERCIO E SERVIÇO GRAFICO LTDA,05.728.417/0001-99,"565,28",04/2017
 JOSÉ POLICE NETO,CONTRATAÇAO DE PESSOA JURIDICA,ST ASSESSORIA E TREINAMENTO LTDA,10.203.419/0001-02,"5.400,00",04/2017
 JOSÉ POLICE NETO,CONTRATAÇAO DE PESSOA JURIDICA,RD GESTÃO E SISTEMAS S.A.,13.021.784/0001-86,"1.991,29",04/2017
 JOSÉ POLICE NETO,INTERMEDIADO - CORREIOS,CAMARA MUNICIPAL DE SÃO PAULO,50.176.288/0001-28,"133,25",04/2017
 JOSÉ POLICE NETO,LOCAÇÃO DE MOVEIS E EQUIPAMENTOS,FMJ COMÉRCIO E ASSISTENCIA TÉCNICA EM COPIADORAS LTDA ME,07.915.380/0001-33,"400,00",04/2017
 JOSÉ POLICE NETO,MATERIAL DE ESCRITORIO E OUTROS MATERIAIS DE CONSUMO,FMJ COMÉRCIO E ASSISTENCIA TÉCNICA EM COPIADORAS LTDA ME,07.915.380/0001-33,"400,00",04/2017
 JOSÉ POLICE NETO,TELEFONE MOVEL,TELEFONICA BRASIL S/A,02.558.157/0001-62,"500,00",04/2017
 JOSÉ POLICE NETO,COMPOSIÇÃO/ARTE/DIAGRAMAÇÃO/PRODUÇÃO/IMPRESSAO GRAFICA,BETA GRAPHICS COMERCIO E SERVIÇO GRAFICO LTDA,05.728.417/0001-99,"286,07",05/2017
 JOSÉ POLICE NETO,COMPOSIÇÃO/ARTE/DIAGRAMAÇÃO/PRODUÇÃO/IMPRESSAO GRAFICA,RWC - GRÁFICA E EDITORA LTDA ME,24.827.045/0001-00,"1.795,00",05/2017
 JOSÉ POLICE NETO,CONTRATAÇAO DE PESSOA JURIDICA,ST ASSESSORIA E TREINAMENTO LTDA,10.203.419/0001-02,"5.000,00",05/2017
 JOSÉ POLICE NETO,CONTRATAÇAO DE PESSOA JURIDICA,RD GESTÃO E SISTEMAS S.A.,13.021.784/0001-86,"1.991,29",05/2017
 JOSÉ POLICE NETO,INTERMEDIADO - CORREIOS,CAMARA MUNICIPAL DE SÃO PAULO,50.176.288/0001-28,"158,35",05/2017
 JOSÉ POLICE NETO,LOCAÇÃO DE MOVEIS E EQUIPAMENTOS,FMJ COMÉRCIO E ASSISTENCIA TÉCNICA EM COPIADORAS LTDA ME,07.915.380/0001-33,"400,00",05/2017
 JOSÉ POLICE NETO,MATERIAL DE ESCRITORIO E OUTROS MATERIAIS DE CONSUMO,CENTER PAPEIS COMERCIAL LTDA.,06.226.820/0001-82,"364,80",05/2017
 JOSÉ POLICE NETO,TELEFONE MOVEL,TELEFONICA BRASIL S/A,02.558.157/0001-62,"500,00",05/2017
 JOSÉ POLICE NETO,COMPOSIÇÃO/ARTE/DIAGRAMAÇÃO/PRODUÇÃO/IMPRESSAO GRAFICA,BETA GRAPHICS COMERCIO E SERVIÇO GRAFICO LTDA,05.728.417/0001-99,"911,75",06/2017
 JOSÉ POLICE NETO,CONTRATAÇAO DE PESSOA JURIDICA,ST ASSESSORIA E TREINAMENTO LTDA,10.203.419/0001-02,"5.000,00",06/2017
 JOSÉ POLICE NETO,CONTRATAÇAO DE PESSOA JURIDICA,RD GESTÃO E SISTEMAS S.A.,13.021.784/0001-86,"1.991,29",06/2017
 JOSÉ POLICE NETO,INTERMEDIADO - CORREIOS,CAMARA MUNICIPAL DE SÃO PAULO,50.176.288/0001-28,"17,60",06/2017
 JOSÉ POLICE NETO,LOCAÇÃO DE MOVEIS E EQUIPAMENTOS,FMJ COMÉRCIO E ASSISTENCIA TÉCNICA EM COPIADORAS LTDA ME,07.915.380/0001-33,"400,00",06/2017
 JOSÉ POLICE NETO,MATERIAL DE ESCRITORIO E OUTROS MATERIAIS DE CONSUMO,CENTER PAPEIS COMERCIAL LTDA.,06.226.820/0001-82,"224,10",06/2017
 JOSÉ POLICE NETO,MATERIAL DE ESCRITORIO E OUTROS MATERIAIS DE CONSUMO,FMJ COMÉRCIO E ASSISTENCIA TÉCNICA EM COPIADORAS LTDA ME,07.915.380/0001-33,"400,00",06/2017
 JOSÉ POLICE NETO,TELEFONE MOVEL,TELEFONICA BRASIL S/A,02.558.157/0001-62,"500,00",06/2017
 JOSÉ POLICE NETO,COMPOSIÇÃO/ARTE/DIAGRAMAÇÃO/PRODUÇÃO/IMPRESSAO GRAFICA,BETA GRAPHICS COMERCIO E SERVIÇO GRAFICO LTDA,05.728.417/0001-99,"788,00",07/2017
 JOSÉ POLICE NETO,COMPOSIÇÃO/ARTE/DIAGRAMAÇÃO/PRODUÇÃO/IMPRESSAO GRAFICA,RWC - GRÁFICA E EDITORA LTDA ME,24.827.045/0001-00,"1.900,00",07/2017
 JOSÉ POLICE NETO,CONTRATAÇAO DE PESSOA JURIDICA,ST ASSESSORIA E TREINAMENTO LTDA,10.203.419/0001-02,"5.000,00",07/2017
 JOSÉ POLICE NETO,CONTRATAÇAO DE PESSOA JURIDICA,RD GESTÃO E SISTEMAS S.A.,13.021.784/0001-86,"1.991,29",07/2017
 JOSÉ POLICE NETO,INTERMEDIADO - CORREIOS,CAMARA MUNICIPAL DE SÃO PAULO,50.176.288/0001-28,"7,20",07/2017
 JOSÉ POLICE NETO,LOCAÇÃO DE MOVEIS E EQUIPAMENTOS,FMJ COMÉRCIO E ASSISTENCIA TÉCNICA EM COPIADORAS LTDA ME,07.915.380/0001-33,"400,00",07/2017
 JOSÉ POLICE NETO,MATERIAL DE ESCRITORIO E OUTROS MATERIAIS DE CONSUMO,CENTER PAPEIS COMERCIAL LTDA.,06.226.820/0001-82,"101,70",07/2017
 JOSÉ POLICE NETO,TELEFONE MOVEL,TELEFONICA BRASIL S/A,02.558.157/0001-62,"500,00",07/2017
 JOSÉ POLICE NETO,COMPOSIÇÃO/ARTE/DIAGRAMAÇÃO/PRODUÇÃO/IMPRESSAO GRAFICA,BETA GRAPHICS COMERCIO E SERVIÇO GRAFICO LTDA,05.728.417/0001-99,"155,76",08/2017
 JOSÉ POLICE NETO,COMPOSIÇÃO/ARTE/DIAGRAMAÇÃO/PRODUÇÃO/IMPRESSAO GRAFICA,RWC - GRÁFICA E EDITORA LTDA ME,24.827.045/0001-00,"1.416,00",08/2017
 JOSÉ POLICE NETO,ELABORAÇÃO/MANUTENÇAO DE SITE/HOSPEDAGEM,AMDS SOLUCOES EM INFORMATICA LTDA,10.573.371/0001-16,"800,00",08/2017
 JOSÉ POLICE NETO,INTERMEDIADO - CORREIOS,CAMARA MUNICIPAL DE SÃO PAULO,50.176.288/0001-28,"370,80",08/2017
 JOSÉ POLICE NETO,LOCAÇÃO DE MOVEIS E EQUIPAMENTOS,FMJ COMÉRCIO E ASSISTENCIA TÉCNICA EM COPIADORAS LTDA ME,07.915.380/0001-33,"400,00",08/2017
 JOSÉ POLICE NETO,MATERIAL DE ESCRITORIO E OUTROS MATERIAIS DE CONSUMO,CENTER PAPEIS COMERCIAL LTDA.,06.226.820/0001-82,"234,30",08/2017
 JOSÉ POLICE NETO,MATERIAL DE ESCRITORIO E OUTROS MATERIAIS DE CONSUMO,FMJ COMÉRCIO E ASSISTENCIA TÉCNICA EM COPIADORAS LTDA ME,07.915.380/0001-33,"400,00",08/2017
 JOSÉ POLICE NETO,TELEFONE MOVEL,TELEFONICA BRASIL S/A,02.558.157/0001-62,"569,99",08/2017
 JOSÉ POLICE NETO,COMPOSIÇÃO/ARTE/DIAGRAMAÇÃO/PRODUÇÃO/IMPRESSAO GRAFICA,BETA GRAPHICS COMERCIO E SERVIÇO GRAFICO LTDA,05.728.417/0001-99,"1.490,10",09/2017
 JOSÉ POLICE NETO,COMPOSIÇÃO/ARTE/DIAGRAMAÇÃO/PRODUÇÃO/IMPRESSAO GRAFICA,RWC - GRÁFICA E EDITORA LTDA ME,24.827.045/0001-00,"2.780,00",09/2017
 JOSÉ POLICE NETO,CONTRATAÇAO DE PESSOA JURIDICA,RD GESTÃO E SISTEMAS S.A.,13.021.784/0001-86,"1.991,29",09/2017
 JOSÉ POLICE NETO,INTERMEDIADO - CORREIOS,CAMARA MUNICIPAL DE SÃO PAULO,50.176.288/0001-28,"88,55",09/2017
 JOSÉ POLICE NETO,LOCAÇÃO DE MOVEIS E EQUIPAMENTOS,FMJ COMÉRCIO E ASSISTENCIA TÉCNICA EM COPIADORAS LTDA ME,07.915.380/0001-33,"400,00",09/2017
 JOSÉ POLICE NETO,MATERIAL DE ESCRITORIO E OUTROS MATERIAIS DE CONSUMO,CENTER PAPEIS COMERCIAL LTDA.,06.226.820/0001-82,"396,25",09/2017
 JOSÉ POLICE NETO,TELEFONE MOVEL,TELEFONICA BRASIL S/A,02.558.157/0001-62,"571,60",09/2017
 JOSÉ POLICE NETO,COMPOSIÇÃO/ARTE/DIAGRAMAÇÃO/PRODUÇÃO/IMPRESSAO GRAFICA,BETA GRAPHICS COMERCIO E SERVIÇO GRAFICO LTDA,05.728.417/0001-99,"148,61",10/2017
 JOSÉ POLICE NETO,INTERMEDIADO - CORREIOS,CAMARA MUNICIPAL DE SÃO PAULO,50.176.288/0001-28,"3,60",10/2017
 JOSÉ POLICE NETO,LOCAÇÃO DE MOVEIS E EQUIPAMENTOS,FMJ COMÉRCIO E ASSISTENCIA TÉCNICA EM COPIADORAS LTDA ME,07.915.380/0001-33,"400,00",10/2017
 JOSÉ POLICE NETO,MATERIAL DE ESCRITORIO E OUTROS MATERIAIS DE CONSUMO,CENTER PAPEIS COMERCIAL LTDA.,06.226.820/0001-82,"183,55",10/2017
 JOSÉ POLICE NETO,TELEFONE MOVEL,TELEFONICA BRASIL S/A,02.558.157/0001-62,"569,99",10/2017
 JOSÉ POLICE NETO,COMPOSIÇÃO/ARTE/DIAGRAMAÇÃO/PRODUÇÃO/IMPRESSAO GRAFICA,RWC - GRÁFICA E EDITORA LTDA ME,24.827.045/0001-00,"880,00",11/2017
 JOSÉ POLICE NETO,CONTRATAÇAO DE PESSOA JURIDICA,RD GESTÃO E SISTEMAS S.A.,13.021.784/0001-86,"3.982,58",11/2017
 JOSÉ POLICE NETO,INTERMEDIADO - CORREIOS,CAMARA MUNICIPAL DE SÃO PAULO,50.176.288/0001-28,"33,40",11/2017
 JOSÉ POLICE NETO,LOCAÇÃO DE MOVEIS E EQUIPAMENTOS,FMJ COMÉRCIO E ASSISTENCIA TÉCNICA EM COPIADORAS LTDA ME,07.915.380/0001-33,"757,00",11/2017
 JOSÉ POLICE NETO,MATERIAL DE ESCRITORIO E OUTROS MATERIAIS DE CONSUMO,CENTER PAPEIS COMERCIAL LTDA.,06.226.820/0001-82,"333,25",11/2017
 JOSÉ POLICE NETO,MATERIAL DE ESCRITORIO E OUTROS MATERIAIS DE CONSUMO,FMJ COMÉRCIO E ASSISTENCIA TÉCNICA EM COPIADORAS LTDA ME,07.915.380/0001-33,"409,90",11/2017
 JOSÉ POLICE NETO,TELEFONE MOVEL,TELEFONICA BRASIL S/A,02.558.157/0001-62,"320,18",11/2017
 JOSÉ POLICE NETO,COMPOSIÇÃO/ARTE/DIAGRAMAÇÃO/PRODUÇÃO/IMPRESSAO GRAFICA,BETA GRAPHICS COMERCIO E SERVIÇO GRAFICO LTDA,05.728.417/0001-99,"2.660,98",12/2017
 JOSÉ POLICE NETO,INTERMEDIADO - CORREIOS,CAMARA MUNICIPAL DE SÃO PAULO,50.176.288/0001-28,"7,40",12/2017
 JOSÉ POLICE NETO,MATERIAL DE ESCRITORIO E OUTROS MATERIAIS DE CONSUMO,CENTER PAPEIS COMERCIAL LTDA.,06.226.820/0001-82,"134,25",12/2017
 JOSÉ POLICE NETO,MATERIAL DE ESCRITORIO E OUTROS MATERIAIS DE CONSUMO,FMJ COMÉRCIO E ASSISTENCIA TÉCNICA EM COPIADORAS LTDA ME,07.915.380/0001-33,"409,90",12/2017
 JOSÉ POLICE NETO,COMPOSIÇÃO/ARTE/DIAGRAMAÇÃO/PRODUÇÃO/IMPRESSAO GRAFICA,BETA GRAPHICS COMERCIO E SERVIÇO GRAFICO LTDA,05.728.417/0001-99,"2.606,80",01/2018
 JOSÉ POLICE NETO,CONTRATAÇAO DE PESSOA JURIDICA,RD GESTÃO E SISTEMAS S.A.,13.021.784/0001-86,"3.982,58",01/2018
 JOSÉ POLICE NETO,LOCAÇÃO DE MOVEIS E EQUIPAMENTOS,FMJ COMÉRCIO E ASSISTENCIA TÉCNICA EM COPIADORAS LTDA ME,07.915.380/0001-33,"400,00",01/2018
 JOSÉ POLICE NETO,TELEFONE MOVEL,TELEFONICA BRASIL S/A,02.558.157/0001-62,"452,99",01/2018
 JOSÉ POLICE NETO,COMPOSIÇÃO/ARTE/DIAGRAMAÇÃO/PRODUÇÃO/IMPRESSAO GRAFICA,BETA GRAPHICS COMERCIO E SERVIÇO GRAFICO LTDA,05.728.417/0001-99,"109,99",02/2018
 JOSÉ POLICE NETO,CONTRATAÇAO DE PESSOA JURIDICA,RD GESTÃO E SISTEMAS S.A.,13.021.784/0001-86,"1.991,29",02/2018
 JOSÉ POLICE NETO,INTERMEDIADO - CORREIOS,CAMARA MUNICIPAL DE SÃO PAULO,50.176.288/0001-28,"15,55",02/2018
 JOSÉ POLICE NETO,LOCAÇÃO DE MOVEIS E EQUIPAMENTOS,FMJ COMÉRCIO E ASSISTENCIA TÉCNICA EM COPIADORAS LTDA ME,07.915.380/0001-33,"400,00",02/2018
 JOSÉ POLICE NETO,MATERIAL DE ESCRITORIO E OUTROS MATERIAIS DE CONSUMO,CENTER PAPEIS COMERCIAL LTDA.,06.226.820/0001-82,"285,65",02/2018
 JOSÉ POLICE NETO,TELEFONE MOVEL,TELEFONICA BRASIL S/A,02.558.157/0001-62,"452,99",02/2018
 JOSÉ POLICE NETO,COMPOSIÇÃO/ARTE/DIAGRAMAÇÃO/PRODUÇÃO/IMPRESSAO GRAFICA,BETA GRAPHICS COMERCIO E SERVIÇO GRAFICO LTDA,05.728.417/0001-99,"521,87",03/2018
 JOSÉ POLICE NETO,COMPOSIÇÃO/ARTE/DIAGRAMAÇÃO/PRODUÇÃO/IMPRESSAO GRAFICA,RWC - GRÁFICA E EDITORA LTDA ME,24.827.045/0001-00,"7.424,00",03/2018
 JOSÉ POLICE NETO,CONTRATAÇAO DE PESSOA JURIDICA,RD GESTÃO E SISTEMAS S.A.,13.021.784/0001-86,"1.991,29",03/2018
 JOSÉ POLICE NETO,INTERMEDIADO - CORREIOS,CAMARA MUNICIPAL DE SÃO PAULO,50.176.288/0001-28,"7,55",03/2018
 JOSÉ POLICE NETO,LOCAÇÃO DE MOVEIS E EQUIPAMENTOS,FMJ COMÉRCIO E ASSISTENCIA TÉCNICA EM COPIADORAS LTDA ME,07.915.380/0001-33,"400,00",03/2018
 JOSÉ POLICE NETO,MATERIAL DE ESCRITORIO E OUTROS MATERIAIS DE CONSUMO,FMJ COMÉRCIO E ASSISTENCIA TÉCNICA EM COPIADORAS LTDA ME,07.915.380/0001-33,"829,90",03/2018
 JOSÉ POLICE NETO,TELEFONE MOVEL,TELEFONICA BRASIL S/A,02.558.157/0001-62,"452,99",03/2018
 JOSÉ POLICE NETO,COMPOSIÇÃO/ARTE/DIAGRAMAÇÃO/PRODUÇÃO/IMPRESSAO GRAFICA,BETA GRAPHICS COMERCIO E SERVIÇO GRAFICO LTDA,05.728.417/0001-99,"125,00",04/2018
 JOSÉ POLICE NETO,COMPOSIÇÃO/ARTE/DIAGRAMAÇÃO/PRODUÇÃO/IMPRESSAO GRAFICA,RWC - GRÁFICA E EDITORA LTDA ME,24.827.045/0001-00,"7.470,50",04/2018
 JOSÉ POLICE NETO,CONTRATAÇAO DE PESSOA JURIDICA,RD GESTÃO E SISTEMAS S.A.,13.021.784/0001-86,"1.995,27",04/2018
 JOSÉ POLICE NETO,INTERMEDIADO - CORREIOS,CAMARA MUNICIPAL DE SÃO PAULO,50.176.288/0001-28,"26,10",04/2018
 JOSÉ POLICE NETO,LOCAÇÃO DE MOVEIS E EQUIPAMENTOS,FMJ COMÉRCIO E ASSISTENCIA TÉCNICA EM COPIADORAS LTDA ME,07.915.380/0001-33,"400,00",04/2018
 JOSÉ POLICE NETO,MATERIAL DE ESCRITORIO E OUTROS MATERIAIS DE CONSUMO,CENTER PAPEIS COMERCIAL LTDA.,06.226.820/0001-82,"391,95",04/2018
 JOSÉ POLICE NETO,TELEFONE MOVEL,TELEFONICA BRASIL S/A,02.558.157/0001-62,"452,99",04/2018
 JOSÉ POLICE NETO,COMPOSIÇÃO/ARTE/DIAGRAMAÇÃO/PRODUÇÃO/IMPRESSAO GRAFICA,RWC - GRÁFICA E EDITORA LTDA ME,24.827.045/0001-00,"690,00",05/2018
 JOSÉ POLICE NETO,INTERMEDIADO - CORREIOS,CAMARA MUNICIPAL DE SÃO PAULO,50.176.288/0001-28,"1,85",05/2018
 JOSÉ POLICE NETO,LOCAÇÃO DE MOVEIS E EQUIPAMENTOS,FMJ COMÉRCIO E ASSISTENCIA TÉCNICA EM COPIADORAS LTDA ME,07.915.380/0001-33,"400,00",05/2018
 JOSÉ POLICE NETO,MATERIAL DE ESCRITORIO E OUTROS MATERIAIS DE CONSUMO,FMJ COMÉRCIO E ASSISTENCIA TÉCNICA EM COPIADORAS LTDA ME,07.915.380/0001-33,"409,90",05/2018
 JOSÉ POLICE NETO,COMPOSIÇÃO/ARTE/DIAGRAMAÇÃO/PRODUÇÃO/IMPRESSAO GRAFICA,RWC - GRÁFICA E EDITORA LTDA ME,24.827.045/0001-00,"3.482,50",06/2018
 JOSÉ POLICE NETO,CONTRATAÇAO DE PESSOA JURIDICA,RD GESTÃO E SISTEMAS S.A.,13.021.784/0001-86,"1.154,72",06/2018
 JOSÉ POLICE NETO,INTERMEDIADO - CORREIOS,CAMARA MUNICIPAL DE SÃO PAULO,50.176.288/0001-28,"11,85",06/2018
 JOSÉ POLICE NETO,LOCAÇÃO DE MOVEIS E EQUIPAMENTOS,FMJ COMÉRCIO E ASSISTENCIA TÉCNICA EM COPIADORAS LTDA ME,07.915.380/0001-33,"400,00",06/2018
 JOSÉ POLICE NETO,MATERIAL DE ESCRITORIO E OUTROS MATERIAIS DE CONSUMO,CENTER PAPEIS COMERCIAL LTDA.,06.226.820/0001-82,"369,30",06/2018
 JOSÉ POLICE NETO,TELEFONE MOVEL,TELEFONICA BRASIL S/A,02.558.157/0001-62,"489,99",06/2018
 JOSÉ POLICE NETO,COMPOSIÇÃO/ARTE/DIAGRAMAÇÃO/PRODUÇÃO/IMPRESSAO GRAFICA,RWC - GRÁFICA E EDITORA LTDA ME,24.827.045/0001-00,"2.680,00",07/2018
 JOSÉ POLICE NETO,CONTRATAÇAO DE PESSOA JURIDICA,RD GESTÃO E SISTEMAS S.A.,13.021.784/0001-86,"2.309,44",07/2018
 JOSÉ POLICE NETO,LOCAÇÃO DE MOVEIS E EQUIPAMENTOS,FMJ COMÉRCIO E ASSISTENCIA TÉCNICA EM COPIADORAS LTDA ME,07.915.380/0001-33,"400,00",07/2018
 JOSÉ POLICE NETO,MATERIAL DE ESCRITORIO E OUTROS MATERIAIS DE CONSUMO,CENTER PAPEIS COMERCIAL LTDA.,06.226.820/0001-82,"241,35",07/2018
 JOSÉ POLICE NETO,COMPOSIÇÃO/ARTE/DIAGRAMAÇÃO/PRODUÇÃO/IMPRESSAO GRAFICA,RWC - GRÁFICA E EDITORA LTDA ME,24.827.045/0001-00,"4.612,00",08/2018
 JOSÉ POLICE NETO,CONTRATAÇAO DE PESSOA JURIDICA,RD GESTÃO E SISTEMAS S.A.,13.021.784/0001-86,"1.154,72",08/2018
 JOSÉ POLICE NETO,INTERMEDIADO - CORREIOS,CAMARA MUNICIPAL DE SÃO PAULO,50.176.288/0001-28,"23,70",08/2018
 JOSÉ POLICE NETO,LOCAÇÃO DE MOVEIS E EQUIPAMENTOS,FMJ COMÉRCIO E ASSISTENCIA TÉCNICA EM COPIADORAS LTDA ME,07.915.380/0001-33,"400,00",08/2018
 JOSÉ POLICE NETO,COMPOSIÇÃO/ARTE/DIAGRAMAÇÃO/PRODUÇÃO/IMPRESSAO GRAFICA,RWC - GRÁFICA E EDITORA LTDA ME,24.827.045/0001-00,"3.650,00",09/2018
 JOSÉ POLICE NETO,INTERMEDIADO - CORREIOS,CAMARA MUNICIPAL DE SÃO PAULO,50.176.288/0001-28,"35,55",09/2018
 JOSÉ POLICE NETO,INTERMEDIADO - REPROGRAFIA (XEROX/ENCADERNAÇÃO),CAMARA MUNICIPAL DE SÃO PAULO,50.176.288/0001-28,"37,80",09/2018
 JOSÉ POLICE NETO,LOCAÇÃO DE MOVEIS E EQUIPAMENTOS,FMJ COMÉRCIO E ASSISTENCIA TÉCNICA EM COPIADORAS LTDA ME,07.915.380/0001-33,"798,50",09/2018
 JOSÉ POLICE NETO,MATERIAL DE ESCRITORIO E OUTROS MATERIAIS DE CONSUMO,CENTER PAPEIS COMERCIAL LTDA.,06.226.820/0001-82,"474,85",09/2018
 JOSÉ POLICE NETO,MATERIAL DE ESCRITORIO E OUTROS MATERIAIS DE CONSUMO,FMJ COMÉRCIO E ASSISTENCIA TÉCNICA EM COPIADORAS LTDA ME,07.915.380/0001-33,"409,90",09/2018
 JOSÉ POLICE NETO,COMPOSIÇÃO/ARTE/DIAGRAMAÇÃO/PRODUÇÃO/IMPRESSAO GRAFICA,RWC - GRÁFICA E EDITORA LTDA ME,24.827.045/0001-00,"650,00",10/2018
 JOSÉ POLICE NETO,CONTRATAÇAO DE PESSOA JURIDICA,RD GESTÃO E SISTEMAS S.A.,13.021.784/0001-86,"2.309,44",10/2018
 JOSÉ POLICE NETO,INTERMEDIADO - CORREIOS,CAMARA MUNICIPAL DE SÃO PAULO,50.176.288/0001-28,"12,55",10/2018
 JOSÉ POLICE NETO,LOCAÇÃO DE MOVEIS E EQUIPAMENTOS,FMJ COMÉRCIO E ASSISTENCIA TÉCNICA EM COPIADORAS LTDA ME,07.915.380/0001-33,"576,00",10/2018
 JOSÉ POLICE NETO,MATERIAL DE ESCRITORIO E OUTROS MATERIAIS DE CONSUMO,CENTER PAPEIS COMERCIAL LTDA.,06.226.820/0001-82,"197,50",10/2018
 JOSÉ POLICE NETO,COMPOSIÇÃO/ARTE/DIAGRAMAÇÃO/PRODUÇÃO/IMPRESSAO GRAFICA,RWC - GRÁFICA E EDITORA LTDA ME,24.827.045/0001-00,"2.449,00",11/2018
 JOSÉ POLICE NETO,CONTRATAÇAO DE PESSOA JURIDICA,TASSE CONSULTORIA E SERVIÇOS LTDA,04.620.244/0001-28,"5.000,00",11/2018
 JOSÉ POLICE NETO,INTERMEDIADO - CORREIOS,CAMARA MUNICIPAL DE SÃO PAULO,50.176.288/0001-28,"13,35",11/2018
 JOSÉ POLICE NETO,LOCAÇÃO DE MOVEIS E EQUIPAMENTOS,FMJ COMÉRCIO E ASSISTENCIA TÉCNICA EM COPIADORAS LTDA ME,07.915.380/0001-33,"1.127,50",11/2018
 JOSÉ POLICE NETO,MATERIAL DE ESCRITORIO E OUTROS MATERIAIS DE CONSUMO,CENTER PAPEIS COMERCIAL LTDA.,06.226.820/0001-82,"384,10",11/2018
 JOSÉ POLICE NETO,COMPOSIÇÃO/ARTE/DIAGRAMAÇÃO/PRODUÇÃO/IMPRESSAO GRAFICA,RWC - GRÁFICA E EDITORA LTDA ME,24.827.045/0001-00,"8.000,00",12/2018
 JOSÉ POLICE NETO,CONTRATAÇAO DE PESSOA JURIDICA,TASSE CONSULTORIA E SERVIÇOS LTDA,04.620.244/0001-28,"5.000,00",12/2018
 JOSÉ POLICE NETO,CONTRATAÇAO DE PESSOA JURIDICA,RD GESTÃO E SISTEMAS S.A.,13.021.784/0001-86,"2.309,44",12/2018
 JOSÉ POLICE NETO,CONTRATAÇAO DE PESSOA JURIDICA,RD GESTÃO E SISTEMAS S.A.,13.021.784/0001-86,"1.154,72",01/2019
 JOSÉ POLICE NETO,LOCAÇÃO DE MOVEIS E EQUIPAMENTOS,FMJ COMÉRCIO E ASSISTENCIA TÉCNICA EM COPIADORAS LTDA ME,07.915.380/0001-33,"400,00",01/2019
 JOSÉ POLICE NETO,MATERIAL DE ESCRITORIO E OUTROS MATERIAIS DE CONSUMO,CENTER PAPEIS COMERCIAL LTDA.,06.226.820/0001-82,"394,55",01/2019
 JOSÉ POLICE NETO,COMPOSIÇÃO/ARTE/DIAGRAMAÇÃO/PRODUÇÃO/IMPRESSAO GRAFICA,RWC - GRÁFICA E EDITORA LTDA ME,24.827.045/0001-00,"1.335,00",02/2019
 JOSÉ POLICE NETO,CONTRATAÇAO DE PESSOA JURIDICA,TASSE CONSULTORIA E SERVIÇOS LTDA,04.620.244/0001-28,"5.000,00",02/2019
 JOSÉ POLICE NETO,CONTRATAÇAO DE PESSOA JURIDICA,RD GESTÃO E SISTEMAS S.A.,13.021.784/0001-86,"1.154,72",02/2019
 JOSÉ POLICE NETO,LOCAÇÃO DE MOVEIS E EQUIPAMENTOS,FMJ COMÉRCIO E ASSISTENCIA TÉCNICA EM COPIADORAS LTDA ME,07.915.380/0001-33,"1.030,00",02/2019
 JOSÉ POLICE NETO,MATERIAL DE ESCRITORIO E OUTROS MATERIAIS DE CONSUMO,CENTER PAPEIS COMERCIAL LTDA.,06.226.820/0001-82,"272,10",02/2019
 JOSÉ POLICE NETO,COMPOSIÇÃO/ARTE/DIAGRAMAÇÃO/PRODUÇÃO/IMPRESSAO GRAFICA,RWC - GRÁFICA E EDITORA LTDA ME,24.827.045/0001-00,"4.893,60",03/2019
 JOSÉ POLICE NETO,CONTRATAÇAO DE PESSOA JURIDICA,RD GESTÃO E SISTEMAS S.A.,13.021.784/0001-86,"1.154,72",03/2019
 JOSÉ POLICE NETO,LOCAÇÃO DE MOVEIS E EQUIPAMENTOS,FMJ COMÉRCIO E ASSISTENCIA TÉCNICA EM COPIADORAS LTDA ME,07.915.380/0001-33,"1.220,00",03/2019
 JOSÉ POLICE NETO,MATERIAL DE ESCRITORIO E OUTROS MATERIAIS DE CONSUMO,CENTER PAPEIS COMERCIAL LTDA.,06.226.820/0001-82,"291,20",03/2019
 JOSÉ POLICE NETO,TELEFONE MOVEL,TELEFONICA BRASIL S/A,02.558.157/0001-62,"453,20",03/2019
 JOSÉ POLICE NETO,COMPOSIÇÃO/ARTE/DIAGRAMAÇÃO/PRODUÇÃO/IMPRESSAO GRAFICA,RWC - GRÁFICA E EDITORA LTDA ME,24.827.045/0001-00,"4.104,00",04/2019
 JOSÉ POLICE NETO,CONTRATAÇAO DE PESSOA JURIDICA,TASSE CONSULTORIA E SERVIÇOS LTDA,04.620.244/0001-28,"5.000,00",04/2019
 JOSÉ POLICE NETO,CONTRATAÇAO DE PESSOA JURIDICA,RD GESTÃO E SISTEMAS S.A.,13.021.784/0001-86,"1.254,48",04/2019
 JOSÉ POLICE NETO,LOCAÇÃO DE MOVEIS E EQUIPAMENTOS,FMJ COMÉRCIO E ASSISTENCIA TÉCNICA EM COPIADORAS LTDA ME,07.915.380/0001-33,"1.191,50",04/2019
 JOSÉ POLICE NETO,MATERIAL DE ESCRITORIO E OUTROS MATERIAIS DE CONSUMO,CENTER PAPEIS COMERCIAL LTDA.,06.226.820/0001-82,"139,70",04/2019
 JOSÉ POLICE NETO,TELEFONE MOVEL,TELEFONICA BRASIL S/A,02.558.157/0001-62,"539,98",04/2019
 JOSÉ POLICE NETO,APERFEIÇOAMENTO PROFISSIONAL,CALIXTO CURSOS E DESENVOLVIMENTO LTDA - ME,21.572.739/0001-48,"12.000,00",05/2019
 JOSÉ POLICE NETO,COMPOSIÇÃO/ARTE/DIAGRAMAÇÃO/PRODUÇÃO/IMPRESSAO GRAFICA,RWC - GRÁFICA E EDITORA LTDA ME,24.827.045/0001-00,"6.940,00",05/2019
 JOSÉ POLICE NETO,CONTRATAÇAO DE PESSOA JURIDICA,RD GESTÃO E SISTEMAS S.A.,13.021.784/0001-86,"1.254,48",05/2019
 JOSÉ POLICE NETO,INTERMEDIADO - CORREIOS,CAMARA MUNICIPAL DE SÃO PAULO,50.176.288/0001-28,"7,70",05/2019
 JOSÉ POLICE NETO,MATERIAL DE ESCRITORIO E OUTROS MATERIAIS DE CONSUMO,CENTER PAPEIS COMERCIAL LTDA.,06.226.820/0001-82,"378,55",05/2019
 JOSÉ POLICE NETO,TELEFONE MOVEL,TELEFONICA BRASIL S/A,02.558.157/0001-62,"500,00",05/2019
 JOSÉ POLICE NETO,APERFEIÇOAMENTO PROFISSIONAL,CALIXTO CURSOS E DESENVOLVIMENTO LTDA - ME,21.572.739/0001-48,"12.000,00",06/2019
 JOSÉ POLICE NETO,APLICATIVO OTTCS - DESLOCAMENTO,99 TECNOLOGIA LTDA,18.033.552/0001-61,"307,37",06/2019
 JOSÉ POLICE NETO,COMPOSIÇÃO/ARTE/DIAGRAMAÇÃO/PRODUÇÃO/IMPRESSAO GRAFICA,RWC - GRÁFICA E EDITORA LTDA ME,24.827.045/0001-00,"3.494,00",06/2019
 JOSÉ POLICE NETO,CONTRATAÇAO DE PESSOA JURIDICA,RD GESTÃO E SISTEMAS S.A.,13.021.784/0001-86,"1.254,48",06/2019
 JOSÉ POLICE NETO,LOCAÇÃO DE MOVEIS E EQUIPAMENTOS,FMJ COMÉRCIO E ASSISTENCIA TÉCNICA EM COPIADORAS LTDA ME,07.915.380/0001-33,"810,00",06/2019
 JOSÉ POLICE NETO,MATERIAL DE ESCRITORIO E OUTROS MATERIAIS DE CONSUMO,CENTER PAPEIS COMERCIAL LTDA.,06.226.820/0001-82,"468,85",06/2019
 JOSÉ POLICE NETO,TELEFONE MOVEL,TELEFONICA BRASIL S/A,02.558.157/0001-62,"499,99",06/2019
 JOSÉ POLICE NETO,APLICATIVO OTTCS - DESLOCAMENTO,99 TECNOLOGIA LTDA,18.033.552/0001-61,"520,28",07/2019
 JOSÉ POLICE NETO,COMPOSIÇÃO/ARTE/DIAGRAMAÇÃO/PRODUÇÃO/IMPRESSAO GRAFICA,RWC - GRÁFICA E EDITORA LTDA ME,24.827.045/0001-00,"6.084,00",07/2019
 JOSÉ POLICE NETO,CONTRATAÇAO DE PESSOA JURIDICA,RD GESTÃO E SISTEMAS S.A.,13.021.784/0001-86,"1.254,48",07/2019
 JOSÉ POLICE NETO,LOCAÇÃO DE MOVEIS E EQUIPAMENTOS,FMJ COMÉRCIO E ASSISTENCIA TÉCNICA EM COPIADORAS LTDA ME,07.915.380/0001-33,"2.171,50",07/2019
 JOSÉ POLICE NETO,MATERIAL DE ESCRITORIO E OUTROS MATERIAIS DE CONSUMO,CENTER PAPEIS COMERCIAL LTDA.,06.226.820/0001-82,"399,50",07/2019
 JOSÉ POLICE NETO,TELEFONE MOVEL,TELEFONICA BRASIL S/A,02.558.157/0001-62,"499,99",07/2019
 JOSÉ POLICE NETO,APLICATIVO OTTCS - DESLOCAMENTO,99 TECNOLOGIA LTDA,18.033.552/0001-61,"162,15",08/2019
 JOSÉ POLICE NETO,EVENTOS/SEMINARIOS,RWC - GRÁFICA E EDITORA LTDA ME,24.827.045/0001-00,"1.162,00",08/2019
 JOSÉ POLICE NETO,LOCAÇÃO DE MOVEIS E EQUIPAMENTOS,FMJ COMÉRCIO E ASSISTENCIA TÉCNICA EM COPIADORAS LTDA ME,07.915.380/0001-33,"1.343,50",08/2019
 JOSÉ POLICE NETO,MATERIAL DE ESCRITORIO E OUTROS MATERIAIS DE CONSUMO,CENTER PAPEIS COMERCIAL LTDA.,06.226.820/0001-82,"336,45",08/2019
 JOSÉ POLICE NETO,TELEFONE MOVEL,TELEFONICA BRASIL S/A,02.558.157/0001-62,"499,99",08/2019
 JOSÉ POLICE NETO,APLICATIVO OTTCS - DESLOCAMENTO,99 TECNOLOGIA LTDA,18.033.552/0001-61,"300,92",09/2019
 JOSÉ POLICE NETO,COMPOSIÇÃO/ARTE/DIAGRAMAÇÃO/PRODUÇÃO/IMPRESSAO GRAFICA,RWC - GRÁFICA E EDITORA LTDA ME,24.827.045/0001-00,"7.658,00",09/2019
 JOSÉ POLICE NETO,CONTRATAÇAO DE PESSOA JURIDICA,RD GESTÃO E SISTEMAS S.A.,13.021.784/0001-86,"2.508,96",09/2019
 JOSÉ POLICE NETO,LOCAÇÃO DE MOVEIS E EQUIPAMENTOS,FMJ COMÉRCIO E ASSISTENCIA TÉCNICA EM COPIADORAS LTDA ME,07.915.380/0001-33,"400,00",09/2019
 JOSÉ POLICE NETO,MATERIAL DE ESCRITORIO E OUTROS MATERIAIS DE CONSUMO,CENTER PAPEIS COMERCIAL LTDA.,06.226.820/0001-82,"445,35",09/2019
 JOSÉ POLICE NETO,TELEFONE MOVEL,TELEFONICA BRASIL S/A,02.558.157/0001-62,"529,99",09/2019
 JOSÉ POLICE NETO,APLICATIVO OTTCS - DESLOCAMENTO,99 TECNOLOGIA LTDA,18.033.552/0001-61,"761,20",10/2019
 JOSÉ POLICE NETO,COMPOSIÇÃO/ARTE/DIAGRAMAÇÃO/PRODUÇÃO/IMPRESSAO GRAFICA,RWC - GRÁFICA E EDITORA LTDA ME,24.827.045/0001-00,"5.786,00",10/2019
 JOSÉ POLICE NETO,CONTRATAÇAO DE PESSOA JURIDICA,RD GESTÃO E SISTEMAS S.A.,13.021.784/0001-86,"1.254,48",10/2019
 JOSÉ POLICE NETO,LOCAÇÃO DE MOVEIS E EQUIPAMENTOS,FMJ COMÉRCIO E ASSISTENCIA TÉCNICA EM COPIADORAS LTDA ME,07.915.380/0001-33,"2.067,50",10/2019
 JOSÉ POLICE NETO,MATERIAL DE ESCRITORIO E OUTROS MATERIAIS DE CONSUMO,CENTER PAPEIS COMERCIAL LTDA.,06.226.820/0001-82,"436,05",10/2019
 JOSÉ POLICE NETO,TELEFONE MOVEL,TELEFONICA BRASIL S/A,02.558.157/0001-62,"529,99",10/2019
 JOSÉ POLICE NETO,APLICATIVO OTTCS - DESLOCAMENTO,99 TECNOLOGIA LTDA,18.033.552/0001-61,"929,92",11/2019
 JOSÉ POLICE NETO,COMPOSIÇÃO/ARTE/DIAGRAMAÇÃO/PRODUÇÃO/IMPRESSAO GRAFICA,RWC - GRÁFICA E EDITORA LTDA ME,24.827.045/0001-00,"5.478,00",11/2019
 JOSÉ POLICE NETO,LOCAÇÃO DE MOVEIS E EQUIPAMENTOS,FMJ COMÉRCIO E ASSISTENCIA TÉCNICA EM COPIADORAS LTDA ME,07.915.380/0001-33,"1.242,00",11/2019
 JOSÉ POLICE NETO,MATERIAL DE ESCRITORIO E OUTROS MATERIAIS DE CONSUMO,CENTER PAPEIS COMERCIAL LTDA.,06.226.820/0001-82,"329,85",11/2019
 JOSÉ POLICE NETO,TELEFONE MOVEL,TELEFONICA BRASIL S/A,02.558.157/0001-62,"444,10",11/2019
 JOSÉ POLICE NETO,APLICATIVO OTTCS - DESLOCAMENTO,99 TECNOLOGIA LTDA,18.033.552/0001-61,"1.454,26",12/2019
 JOSÉ POLICE NETO,COMPOSIÇÃO/ARTE/DIAGRAMAÇÃO/PRODUÇÃO/IMPRESSAO GRAFICA,RWC - GRÁFICA E EDITORA LTDA ME,24.827.045/0001-00,"3.250,00",12/2019
 JOSÉ POLICE NETO,CONTRATAÇAO DE PESSOA JURIDICA,RD GESTÃO E SISTEMAS S.A.,13.021.784/0001-86,"1.254,48",12/2019
 JOSÉ POLICE NETO,INTERMEDIADO - CORREIOS,CAMARA MUNICIPAL DE SÃO PAULO,50.176.288/0001-28,"14,20",12/2019
 JOSÉ POLICE NETO,LOCAÇÃO DE MOVEIS E EQUIPAMENTOS,FMJ COMÉRCIO E ASSISTENCIA TÉCNICA EM COPIADORAS LTDA ME,07.915.380/0001-33,"852,50",12/2019
 JOSÉ POLICE NETO,TELEFONE MOVEL,TELEFONICA BRASIL S/A,02.558.157/0001-62,"429,99",12/2019
