 ALFREDINHO,ASSINATURA DE JORNAIS E REVISTAS,EDITORA CONFIAN큐 LTDA.,04.735.670/0001-07,"499,00",01/2017
 ALFREDINHO,ASSINATURA DE JORNAIS E REVISTAS,EDITORA CAROS AMIGOS LTDA,08.254.606/0001-65,"180,00",01/2017
 ALFREDINHO,ASSINATURA DE JORNAIS E REVISTAS,PALAVRA LIVRE,14.620.529/0001-12,"150,00",01/2017
 ALFREDINHO,COMPOSI츒/ARTE/DIAGRAMA츒/PRODU츒/IMPRESSAO GRAFICA,CRIAGRAPHY DESING E WEBDESING LTDA ME,09.001.036/0001-64,"3.468,50",01/2017
 ALFREDINHO,CONTRATA큐O DE PESSOA JURIDICA,TECNEGOCIOS SOLU큞ES EM INFORMATICA LTDA- ME,11.521.613/0001-90,"330,00",01/2017
 ALFREDINHO,INTERMEDIADO - LOCA츒 DE VE펚ULOS,CAMARA MUNICIPAL DE S츒 PAULO,50.176.288/0001-28,"2.058,08",01/2017
 ALFREDINHO,REPROGRAFIA (XEROX/ENCADERNA츒),TOP MANUSEIO SOLUES LOGISTICAS GRAFICAS E POSTAIS LTDA-ME,23.826.867/0001-04,"7.848,72",01/2017
 ALFREDINHO,ASSINATURA DE JORNAIS E REVISTAS,ABRIL COMUNICAES S/A,44.597.052/0079-22,"655,20",02/2017
 ALFREDINHO,COMBUSTIVEL,TONINHO TRINTA AUTO POSTO LTDA,59.469.775/0001-53,"1.033,76",02/2017
 ALFREDINHO,CONTRATA큐O DE PESSOA JURIDICA,TECNEGOCIOS SOLU큞ES EM INFORMATICA LTDA- ME,11.521.613/0001-90,"330,00",02/2017
 ALFREDINHO,INTERMEDIADO - LOCA츒 DE VE펚ULOS,CAMARA MUNICIPAL DE S츒 PAULO,50.176.288/0001-28,"2.101,17",02/2017
 ALFREDINHO,INTERMEDIADO - REPROGRAFIA (XEROX/ENCADERNA츒),CAMARA MUNICIPAL DE S츒 PAULO,50.176.288/0001-28,"19,26",02/2017
 ALFREDINHO,LOCA츒 DE MOVEIS E EQUIPAMENTOS,ATTBRASIL TECNOLOGIA LOCA츒 E SOLUES EM INFORMATICA LTDA EPP,22.392.165/0001-99,"1.930,00",02/2017
 ALFREDINHO,MATERIAL DE ESCRITORIO E OUTROS MATERIAIS DE CONSUMO,CENTER PAPEIS COMERCIAL LTDA.,06.226.820/0001-82,"5.995,20",02/2017
 ALFREDINHO,COMBUSTIVEL,TONINHO TRINTA AUTO POSTO LTDA,59.469.775/0001-53,"1.016,91",03/2017
 ALFREDINHO,COMPOSI츒/ARTE/DIAGRAMA츒/PRODU츒/IMPRESSAO GRAFICA,CRIAGRAPHY DESING E WEBDESING LTDA ME,09.001.036/0001-64,"3.500,00",03/2017
 ALFREDINHO,CONTRATA큐O DE PESSOA JURIDICA,TECNEGOCIOS SOLU큞ES EM INFORMATICA LTDA- ME,11.521.613/0001-90,"330,00",03/2017
 ALFREDINHO,INTERMEDIADO - CORREIOS,CAMARA MUNICIPAL DE S츒 PAULO,50.176.288/0001-28,"115,47",03/2017
 ALFREDINHO,INTERMEDIADO - LOCA츒 DE VE펚ULOS,CAMARA MUNICIPAL DE S츒 PAULO,50.176.288/0001-28,"2.101,17",03/2017
 ALFREDINHO,LOCA츒 DE MOVEIS E EQUIPAMENTOS,ATTBRASIL TECNOLOGIA LOCA츒 E SOLUES EM INFORMATICA LTDA EPP,22.392.165/0001-99,"1.930,00",03/2017
 ALFREDINHO,MATERIAL DE ESCRITORIO E OUTROS MATERIAIS DE CONSUMO,CENTER PAPEIS COMERCIAL LTDA.,06.226.820/0001-82,"4.997,05",03/2017
 ALFREDINHO,REPROGRAFIA (XEROX/ENCADERNA츒),TOP MANUSEIO SOLUES LOGISTICAS GRAFICAS E POSTAIS LTDA-ME,23.826.867/0001-04,"6.960,00",03/2017
 ALFREDINHO,COMBUSTIVEL,TONINHO TRINTA AUTO POSTO LTDA,59.469.775/0001-53,"319,06",04/2017
 ALFREDINHO,COMPOSI츒/ARTE/DIAGRAMA츒/PRODU츒/IMPRESSAO GRAFICA,CRIAGRAPHY DESING E WEBDESING LTDA ME,09.001.036/0001-64,"2.500,00",04/2017
 ALFREDINHO,CONTRATA큐O DE PESSOA JURIDICA,TECNEGOCIOS SOLU큞ES EM INFORMATICA LTDA- ME,11.521.613/0001-90,"330,00",04/2017
 ALFREDINHO,ELABORA츒/MANUTEN큐O DE SITE/HOSPEDAGEM,TOPLUS SOLUES EM INFORMATICA LTDA - EPP,17.901.883/0001-03,"5.500,00",04/2017
 ALFREDINHO,INTERMEDIADO - CORREIOS,CAMARA MUNICIPAL DE S츒 PAULO,50.176.288/0001-28,"41,20",04/2017
 ALFREDINHO,INTERMEDIADO - LOCA츒 DE VE펚ULOS,CAMARA MUNICIPAL DE S츒 PAULO,50.176.288/0001-28,"2.101,17",04/2017
 ALFREDINHO,INTERMEDIADO - REPROGRAFIA (XEROX/ENCADERNA츒),CAMARA MUNICIPAL DE S츒 PAULO,50.176.288/0001-28,"54,00",04/2017
 ALFREDINHO,LOCA츒 DE MOVEIS E EQUIPAMENTOS,ATTBRASIL TECNOLOGIA LOCA츒 E SOLUES EM INFORMATICA LTDA EPP,22.392.165/0001-99,"1.930,00",04/2017
 ALFREDINHO,MATERIAL DE ESCRITORIO E OUTROS MATERIAIS DE CONSUMO,CENTER PAPEIS COMERCIAL LTDA.,06.226.820/0001-82,"3.997,95",04/2017
 ALFREDINHO,COMBUSTIVEL,TONINHO TRINTA AUTO POSTO LTDA,59.469.775/0001-53,"1.323,15",05/2017
 ALFREDINHO,COMPOSI츒/ARTE/DIAGRAMA츒/PRODU츒/IMPRESSAO GRAFICA,CRIAGRAPHY DESING E WEBDESING LTDA ME,09.001.036/0001-64,"2.500,00",05/2017
 ALFREDINHO,CONTRATA큐O DE PESSOA JURIDICA,TECNEGOCIOS SOLU큞ES EM INFORMATICA LTDA- ME,11.521.613/0001-90,"330,00",05/2017
 ALFREDINHO,INTERMEDIADO - CORREIOS,CAMARA MUNICIPAL DE S츒 PAULO,50.176.288/0001-28,"96,26",05/2017
 ALFREDINHO,INTERMEDIADO - LOCA츒 DE VE펚ULOS,CAMARA MUNICIPAL DE S츒 PAULO,50.176.288/0001-28,"2.101,17",05/2017
 ALFREDINHO,INTERMEDIADO - REPROGRAFIA (XEROX/ENCADERNA츒),CAMARA MUNICIPAL DE S츒 PAULO,50.176.288/0001-28,"54,00",05/2017
 ALFREDINHO,LOCA츒 DE MOVEIS E EQUIPAMENTOS,ATTBRASIL TECNOLOGIA LOCA츒 E SOLUES EM INFORMATICA LTDA EPP,22.392.165/0001-99,"1.930,00",05/2017
 ALFREDINHO,MATERIAL DE ESCRITORIO E OUTROS MATERIAIS DE CONSUMO,CENTER PAPEIS COMERCIAL LTDA.,06.226.820/0001-82,"4.447,25",05/2017
 ALFREDINHO,COMBUSTIVEL,TONINHO TRINTA AUTO POSTO LTDA,59.469.775/0001-53,"1.392,36",06/2017
 ALFREDINHO,COMPOSI츒/ARTE/DIAGRAMA츒/PRODU츒/IMPRESSAO GRAFICA,CRIAGRAPHY DESING E WEBDESING LTDA ME,09.001.036/0001-64,"3.000,00",06/2017
 ALFREDINHO,COMPOSI츒/ARTE/DIAGRAMA츒/PRODU츒/IMPRESSAO GRAFICA,FSC SERVI큞S GRAFICOS EIRELI,19.946.296/0001-66,"3.500,00",06/2017
 ALFREDINHO,CONTRATA큐O DE PESSOA JURIDICA,TECNEGOCIOS SOLU큞ES EM INFORMATICA LTDA- ME,11.521.613/0001-90,"330,00",06/2017
 ALFREDINHO,ELABORA츒/MANUTEN큐O DE SITE/HOSPEDAGEM,TOPLUS SOLUES EM INFORMATICA LTDA - EPP,17.901.883/0001-03,"200,00",06/2017
 ALFREDINHO,INTERMEDIADO - CORREIOS,CAMARA MUNICIPAL DE S츒 PAULO,50.176.288/0001-28,"14,97",06/2017
 ALFREDINHO,INTERMEDIADO - LOCA츒 DE VE펚ULOS,CAMARA MUNICIPAL DE S츒 PAULO,50.176.288/0001-28,"2.101,17",06/2017
 ALFREDINHO,LOCA츒 DE MOVEIS E EQUIPAMENTOS,ATTBRASIL TECNOLOGIA LOCA츒 E SOLUES EM INFORMATICA LTDA EPP,22.392.165/0001-99,"1.930,00",06/2017
 ALFREDINHO,MATERIAL DE ESCRITORIO E OUTROS MATERIAIS DE CONSUMO,CENTER PAPEIS COMERCIAL LTDA.,06.226.820/0001-82,"4.518,45",06/2017
 ALFREDINHO,COMBUSTIVEL,TONINHO TRINTA AUTO POSTO LTDA,59.469.775/0001-53,"956,08",07/2017
 ALFREDINHO,COMPOSI츒/ARTE/DIAGRAMA츒/PRODU츒/IMPRESSAO GRAFICA,CRIAGRAPHY DESING E WEBDESING LTDA ME,09.001.036/0001-64,"3.000,00",07/2017
 ALFREDINHO,COMPOSI츒/ARTE/DIAGRAMA츒/PRODU츒/IMPRESSAO GRAFICA,FSC SERVI큞S GRAFICOS EIRELI,19.946.296/0001-66,"4.500,00",07/2017
 ALFREDINHO,CONTRATA큐O DE PESSOA JURIDICA,TECNEGOCIOS SOLU큞ES EM INFORMATICA LTDA- ME,11.521.613/0001-90,"330,00",07/2017
 ALFREDINHO,ELABORA츒/MANUTEN큐O DE SITE/HOSPEDAGEM,TOPLUS SOLUES EM INFORMATICA LTDA - EPP,17.901.883/0001-03,"200,00",07/2017
 ALFREDINHO,INTERMEDIADO - CORREIOS,CAMARA MUNICIPAL DE S츒 PAULO,50.176.288/0001-28,"326,52",07/2017
 ALFREDINHO,INTERMEDIADO - LOCA츒 DE VE펚ULOS,CAMARA MUNICIPAL DE S츒 PAULO,50.176.288/0001-28,"2.101,17",07/2017
 ALFREDINHO,LOCA츒 DE MOVEIS E EQUIPAMENTOS,ATTBRASIL TECNOLOGIA LOCA츒 E SOLUES EM INFORMATICA LTDA EPP,22.392.165/0001-99,"1.930,00",07/2017
 ALFREDINHO,MATERIAL DE ESCRITORIO E OUTROS MATERIAIS DE CONSUMO,CENTER PAPEIS COMERCIAL LTDA.,06.226.820/0001-82,"4.743,10",07/2017
 ALFREDINHO,COMBUSTIVEL,TONINHO TRINTA AUTO POSTO LTDA,59.469.775/0001-53,"1.607,43",08/2017
 ALFREDINHO,COMPOSI츒/ARTE/DIAGRAMA츒/PRODU츒/IMPRESSAO GRAFICA,CRIAGRAPHY DESING E WEBDESING LTDA ME,09.001.036/0001-64,"3.000,00",08/2017
 ALFREDINHO,COMPOSI츒/ARTE/DIAGRAMA츒/PRODU츒/IMPRESSAO GRAFICA,VISUAL ARTE COPIADORA EIRELLI - ME,13.058.505/0001-59,"2.360,00",08/2017
 ALFREDINHO,COMPOSI츒/ARTE/DIAGRAMA츒/PRODU츒/IMPRESSAO GRAFICA,FSC SERVI큞S GRAFICOS EIRELI,19.946.296/0001-66,"2.500,00",08/2017
 ALFREDINHO,CONTRATA큐O DE PESSOA JURIDICA,TECNEGOCIOS SOLU큞ES EM INFORMATICA LTDA- ME,11.521.613/0001-90,"330,00",08/2017
 ALFREDINHO,CONTRATA큐O DE PESSOA JURIDICA,CARDOSO DE OLIVEIRA SOCIEDADE INDIVIDUAL DE ADVOCACIA,24.534.210/0001-28,"7.500,00",08/2017
 ALFREDINHO,INTERMEDIADO - CORREIOS,CAMARA MUNICIPAL DE S츒 PAULO,50.176.288/0001-28,"82,56",08/2017
 ALFREDINHO,INTERMEDIADO - LOCA츒 DE VE펚ULOS,CAMARA MUNICIPAL DE S츒 PAULO,50.176.288/0001-28,"2.101,17",08/2017
 ALFREDINHO,LOCA츒 DE MOVEIS E EQUIPAMENTOS,ATTBRASIL TECNOLOGIA LOCA츒 E SOLUES EM INFORMATICA LTDA EPP,22.392.165/0001-99,"1.930,00",08/2017
 ALFREDINHO,MATERIAL DE ESCRITORIO E OUTROS MATERIAIS DE CONSUMO,CENTER PAPEIS COMERCIAL LTDA.,06.226.820/0001-82,"3.477,40",08/2017
 ALFREDINHO,COMBUSTIVEL,TONINHO TRINTA AUTO POSTO LTDA,59.469.775/0001-53,"1.435,52",09/2017
 ALFREDINHO,COMPOSI츒/ARTE/DIAGRAMA츒/PRODU츒/IMPRESSAO GRAFICA,FSC SERVI큞S GRAFICOS EIRELI,19.946.296/0001-66,"4.798,06",09/2017
 ALFREDINHO,CONTRATA큐O DE PESSOA JURIDICA,TECNEGOCIOS SOLU큞ES EM INFORMATICA LTDA- ME,11.521.613/0001-90,"330,00",09/2017
 ALFREDINHO,CONTRATA큐O DE PESSOA JURIDICA,CARDOSO DE OLIVEIRA SOCIEDADE INDIVIDUAL DE ADVOCACIA,24.534.210/0001-28,"7.500,00",09/2017
 ALFREDINHO,INTERMEDIADO - CORREIOS,CAMARA MUNICIPAL DE S츒 PAULO,50.176.288/0001-28,"38,74",09/2017
 ALFREDINHO,INTERMEDIADO - LOCA츒 DE VE펚ULOS,CAMARA MUNICIPAL DE S츒 PAULO,50.176.288/0001-28,"2.101,17",09/2017
 ALFREDINHO,LOCA츒 DE MOVEIS E EQUIPAMENTOS,ATTBRASIL TECNOLOGIA LOCA츒 E SOLUES EM INFORMATICA LTDA EPP,22.392.165/0001-99,"1.930,00",09/2017
 ALFREDINHO,MATERIAL DE ESCRITORIO E OUTROS MATERIAIS DE CONSUMO,CENTER PAPEIS COMERCIAL LTDA.,06.226.820/0001-82,"3.903,20",09/2017
 ALFREDINHO,COMPOSI츒/ARTE/DIAGRAMA츒/PRODU츒/IMPRESSAO GRAFICA,VISUAL ARTE COPIADORA EIRELLI - ME,13.058.505/0001-59,"2.773,00",10/2017
 ALFREDINHO,COMPOSI츒/ARTE/DIAGRAMA츒/PRODU츒/IMPRESSAO GRAFICA,FSC SERVI큞S GRAFICOS EIRELI,19.946.296/0001-66,"2.500,00",10/2017
 ALFREDINHO,CONTRATA큐O DE PESSOA JURIDICA,TECNEGOCIOS SOLU큞ES EM INFORMATICA LTDA- ME,11.521.613/0001-90,"330,00",10/2017
 ALFREDINHO,ELABORA츒/MANUTEN큐O DE SITE/HOSPEDAGEM,CRIAGRAPHY DESING E WEBDESING LTDA ME,09.001.036/0001-64,"3.000,00",10/2017
 ALFREDINHO,INTERMEDIADO - CORREIOS,CAMARA MUNICIPAL DE S츒 PAULO,50.176.288/0001-28,"169,12",10/2017
 ALFREDINHO,INTERMEDIADO - LOCA츒 DE VE펚ULOS,CAMARA MUNICIPAL DE S츒 PAULO,50.176.288/0001-28,"2.101,17",10/2017
 ALFREDINHO,INTERMEDIADO - REPROGRAFIA (XEROX/ENCADERNA츒),CAMARA MUNICIPAL DE S츒 PAULO,50.176.288/0001-28,"194,14",10/2017
 ALFREDINHO,LOCA츒 DE MOVEIS E EQUIPAMENTOS,ATTBRASIL TECNOLOGIA LOCA츒 E SOLUES EM INFORMATICA LTDA EPP,22.392.165/0001-99,"1.930,00",10/2017
 ALFREDINHO,MATERIAL DE ESCRITORIO E OUTROS MATERIAIS DE CONSUMO,CENTER PAPEIS COMERCIAL LTDA.,06.226.820/0001-82,"2.597,75",10/2017
 ALFREDINHO,REPROGRAFIA (XEROX/ENCADERNA츒),TOP MANUSEIO SOLUES LOGISTICAS GRAFICAS E POSTAIS LTDA-ME,23.826.867/0001-04,"6.360,00",10/2017
 ALFREDINHO,COMBUSTIVEL,TONINHO TRINTA AUTO POSTO LTDA,59.469.775/0001-53,"1.364,65",11/2017
 ALFREDINHO,COMPOSI츒/ARTE/DIAGRAMA츒/PRODU츒/IMPRESSAO GRAFICA,VISUAL ARTE COPIADORA EIRELLI - ME,13.058.505/0001-59,"590,00",11/2017
 ALFREDINHO,CONTRATA큐O DE PESSOA JURIDICA,TECNEGOCIOS SOLU큞ES EM INFORMATICA LTDA- ME,11.521.613/0001-90,"330,00",11/2017
 ALFREDINHO,CONTRATA큐O DE PESSOA JURIDICA,DAVI COSTA SOCIEDADE INDIVIDUAL DE ADVOCACIA,28.650.942/0001-34,"5.000,00",11/2017
 ALFREDINHO,ELABORA츒/MANUTEN큐O DE SITE/HOSPEDAGEM,CRIAGRAPHY DESING E WEBDESING LTDA ME,09.001.036/0001-64,"4.500,00",11/2017
 ALFREDINHO,INTERMEDIADO - CORREIOS,CAMARA MUNICIPAL DE S츒 PAULO,50.176.288/0001-28,"18,52",11/2017
 ALFREDINHO,INTERMEDIADO - LOCA츒 DE VE펚ULOS,CAMARA MUNICIPAL DE S츒 PAULO,50.176.288/0001-28,"2.101,17",11/2017
 ALFREDINHO,INTERMEDIADO - REPROGRAFIA (XEROX/ENCADERNA츒),CAMARA MUNICIPAL DE S츒 PAULO,50.176.288/0001-28,"60,00",11/2017
 ALFREDINHO,LOCA츒 DE MOVEIS E EQUIPAMENTOS,ATTBRASIL TECNOLOGIA LOCA츒 E SOLUES EM INFORMATICA LTDA EPP,22.392.165/0001-99,"1.930,00",11/2017
 ALFREDINHO,MATERIAL DE ESCRITORIO E OUTROS MATERIAIS DE CONSUMO,CENTER PAPEIS COMERCIAL LTDA.,06.226.820/0001-82,"2.468,95",11/2017
 ALFREDINHO,PROVEDOR DE INTERNET,TELEFONICA BRASIL S/A,02.558.157/0001-62,"139,70",11/2017
 ALFREDINHO,REPROGRAFIA (XEROX/ENCADERNA츒),TOP MANUSEIO SOLUES LOGISTICAS GRAFICAS E POSTAIS LTDA-ME,23.826.867/0001-04,"7.680,00",11/2017
 ALFREDINHO,COMBUSTIVEL,TONINHO TRINTA AUTO POSTO LTDA,59.469.775/0001-53,"1.418,69",12/2017
 ALFREDINHO,COMPOSI츒/ARTE/DIAGRAMA츒/PRODU츒/IMPRESSAO GRAFICA,GRAFICA E EDITORA MATSUNAGA LTDA,07.462.215/0001-73,"2.554,00",12/2017
 ALFREDINHO,COMPOSI츒/ARTE/DIAGRAMA츒/PRODU츒/IMPRESSAO GRAFICA,FSC SERVI큞S GRAFICOS EIRELI,19.946.296/0001-66,"2.000,00",12/2017
 ALFREDINHO,CONTRATA큐O DE PESSOA JURIDICA,TECNEGOCIOS SOLU큞ES EM INFORMATICA LTDA- ME,11.521.613/0001-90,"330,00",12/2017
 ALFREDINHO,CONTRATA큐O DE PESSOA JURIDICA,DAVI COSTA SOCIEDADE INDIVIDUAL DE ADVOCACIA,28.650.942/0001-34,"7.500,00",12/2017
 ALFREDINHO,ELABORA츒/MANUTEN큐O DE SITE/HOSPEDAGEM,CRIAGRAPHY DESING E WEBDESING LTDA ME,09.001.036/0001-64,"3.000,00",12/2017
 ALFREDINHO,INTERMEDIADO - CORREIOS,CAMARA MUNICIPAL DE S츒 PAULO,50.176.288/0001-28,"18.853,90",12/2017
 ALFREDINHO,INTERMEDIADO - LOCA츒 DE VE펚ULOS,CAMARA MUNICIPAL DE S츒 PAULO,50.176.288/0001-28,"2.101,17",12/2017
 ALFREDINHO,LOCA츒 DE MOVEIS E EQUIPAMENTOS,ATTBRASIL TECNOLOGIA LOCA츒 E SOLUES EM INFORMATICA LTDA EPP,22.392.165/0001-99,"1.930,00",12/2017
 ALFREDINHO,MATERIAL DE ESCRITORIO E OUTROS MATERIAIS DE CONSUMO,CENTER PAPEIS COMERCIAL LTDA.,06.226.820/0001-82,"2.495,80",12/2017
 ALFREDINHO,MATERIAL DE ESCRITORIO E OUTROS MATERIAIS DE CONSUMO,KALUNGA COMRCIO E INDＣTRIA GR첹ICA LTDA.,43.283.811/0012-02,"4.933,10",12/2017
 ALFREDINHO,REPROGRAFIA (XEROX/ENCADERNA츒),TOP MANUSEIO SOLUES LOGISTICAS GRAFICAS E POSTAIS LTDA-ME,23.826.867/0001-04,"7.500,00",12/2017
 ALFREDINHO,ASSINATURA DE JORNAIS E REVISTAS,EDITORA CONFIAN큐 LTDA.,04.735.670/0001-07,"479,00",01/2018
 ALFREDINHO,CONTRATA큐O DE PESSOA JURIDICA,TECNEGOCIOS SOLU큞ES EM INFORMATICA LTDA- ME,11.521.613/0001-90,"330,00",01/2018
 ALFREDINHO,ELABORA츒/MANUTEN큐O DE SITE/HOSPEDAGEM,CRIAGRAPHY DESING E WEBDESING LTDA ME,09.001.036/0001-64,"3.000,00",01/2018
 ALFREDINHO,INTERMEDIADO - CORREIOS,CAMARA MUNICIPAL DE S츒 PAULO,50.176.288/0001-28,"42,54",01/2018
 ALFREDINHO,INTERMEDIADO - LOCA츒 DE VE펚ULOS,CAMARA MUNICIPAL DE S츒 PAULO,50.176.288/0001-28,"2.137,42",01/2018
 ALFREDINHO,LOCA츒 DE MOVEIS E EQUIPAMENTOS,ATTBRASIL TECNOLOGIA LOCA츒 E SOLUES EM INFORMATICA LTDA EPP,22.392.165/0001-99,"1.930,00",01/2018
 ALFREDINHO,MATERIAL DE ESCRITORIO E OUTROS MATERIAIS DE CONSUMO,CENTER PAPEIS COMERCIAL LTDA.,06.226.820/0001-82,"648,85",01/2018
 ALFREDINHO,PROVEDOR DE INTERNET,TELEFONICA BRASIL S/A,02.558.157/0001-62,"89,69",01/2018
 ALFREDINHO,COMBUSTIVEL,TONINHO TRINTA AUTO POSTO LTDA,59.469.775/0001-53,"1.536,34",02/2018
 ALFREDINHO,COMPOSI츒/ARTE/DIAGRAMA츒/PRODU츒/IMPRESSAO GRAFICA,GRAFTEC GRAFICA E EDITORA LTDA,04.059.685/0001-00,"6.500,00",02/2018
 ALFREDINHO,COMPOSI츒/ARTE/DIAGRAMA츒/PRODU츒/IMPRESSAO GRAFICA,GRAFICA E EDITORA MATSUNAGA LTDA,07.462.215/0001-73,"1.322,84",02/2018
 ALFREDINHO,CONTRATA큐O DE PESSOA JURIDICA,TECNEGOCIOS SOLU큞ES EM INFORMATICA LTDA- ME,11.521.613/0001-90,"330,00",02/2018
 ALFREDINHO,CONTRATA큐O DE PESSOA JURIDICA,DAVI COSTA SOCIEDADE INDIVIDUAL DE ADVOCACIA,28.650.942/0001-34,"7.500,00",02/2018
 ALFREDINHO,INTERMEDIADO - CORREIOS,CAMARA MUNICIPAL DE S츒 PAULO,50.176.288/0001-28,"168,62",02/2018
 ALFREDINHO,INTERMEDIADO - LOCA츒 DE VE펚ULOS,CAMARA MUNICIPAL DE S츒 PAULO,50.176.288/0001-28,"2.148,45",02/2018
 ALFREDINHO,INTERMEDIADO - REPROGRAFIA (XEROX/ENCADERNA츒),CAMARA MUNICIPAL DE S츒 PAULO,50.176.288/0001-28,"252,00",02/2018
 ALFREDINHO,LOCA츒 DE MOVEIS E EQUIPAMENTOS,ATTBRASIL TECNOLOGIA LOCA츒 E SOLUES EM INFORMATICA LTDA EPP,22.392.165/0001-99,"1.930,00",02/2018
 ALFREDINHO,MATERIAL DE ESCRITORIO E OUTROS MATERIAIS DE CONSUMO,CENTER PAPEIS COMERCIAL LTDA.,06.226.820/0001-82,"1.478,10",02/2018
 ALFREDINHO,PROVEDOR DE INTERNET,TELEFONICA BRASIL S/A,02.558.157/0001-62,"92,86",02/2018
 ALFREDINHO,COMBUSTIVEL,TONINHO TRINTA AUTO POSTO LTDA,59.469.775/0001-53,"1.517,72",03/2018
 ALFREDINHO,COMPOSI츒/ARTE/DIAGRAMA츒/PRODU츒/IMPRESSAO GRAFICA,CRIAGRAPHY DESING E WEBDESING LTDA ME,09.001.036/0001-64,"4.500,00",03/2018
 ALFREDINHO,CONTRATA큐O DE PESSOA JURIDICA,STEFANIA FARO BARBOSA LIMA,26.305.787/0001-93,"8.000,00",03/2018
 ALFREDINHO,INTERMEDIADO - CORREIOS,CAMARA MUNICIPAL DE S츒 PAULO,50.176.288/0001-28,"43,87",03/2018
 ALFREDINHO,INTERMEDIADO - LOCA츒 DE VE펚ULOS,CAMARA MUNICIPAL DE S츒 PAULO,50.176.288/0001-28,"2.148,45",03/2018
 ALFREDINHO,LOCA츒 DE MOVEIS E EQUIPAMENTOS,ATTBRASIL TECNOLOGIA LOCA츒 E SOLUES EM INFORMATICA LTDA EPP,22.392.165/0001-99,"1.930,00",03/2018
 ALFREDINHO,MATERIAL DE ESCRITORIO E OUTROS MATERIAIS DE CONSUMO,CENTER PAPEIS COMERCIAL LTDA.,06.226.820/0001-82,"1.596,90",03/2018
 ALFREDINHO,PROVEDOR DE INTERNET,TELEFONICA BRASIL S/A,02.558.157/0001-62,"94,89",03/2018
 ALFREDINHO,REPROGRAFIA (XEROX/ENCADERNA츒),TOP MANUSEIO SOLUES LOGISTICAS GRAFICAS E POSTAIS LTDA-ME,23.826.867/0001-04,"3.500,00",03/2018
 ALFREDINHO,COMBUSTIVEL,TONINHO TRINTA AUTO POSTO LTDA,59.469.775/0001-53,"1.267,99",04/2018
 ALFREDINHO,COMPOSI츒/ARTE/DIAGRAMA츒/PRODU츒/IMPRESSAO GRAFICA,GRAFTEC GRAFICA E EDITORA LTDA,04.059.685/0001-00,"2.500,00",04/2018
 ALFREDINHO,COMPOSI츒/ARTE/DIAGRAMA츒/PRODU츒/IMPRESSAO GRAFICA,CRIAGRAPHY DESING E WEBDESING LTDA ME,09.001.036/0001-64,"3.000,00",04/2018
 ALFREDINHO,COMPOSI츒/ARTE/DIAGRAMA츒/PRODU츒/IMPRESSAO GRAFICA,VISUAL ARTE COPIADORA EIRELLI - ME,13.058.505/0001-59,"855,50",04/2018
 ALFREDINHO,CONTRATA큐O DE PESSOA JURIDICA,TECNEGOCIOS SOLU큞ES EM INFORMATICA LTDA- ME,11.521.613/0001-90,"330,00",04/2018
 ALFREDINHO,INTERMEDIADO - CORREIOS,CAMARA MUNICIPAL DE S츒 PAULO,50.176.288/0001-28,"79,24",04/2018
 ALFREDINHO,INTERMEDIADO - LOCA츒 DE VE펚ULOS,CAMARA MUNICIPAL DE S츒 PAULO,50.176.288/0001-28,"2.148,45",04/2018
 ALFREDINHO,INTERMEDIADO - REPROGRAFIA (XEROX/ENCADERNA츒),CAMARA MUNICIPAL DE S츒 PAULO,50.176.288/0001-28,"105,00",04/2018
 ALFREDINHO,LOCA츒 DE MOVEIS E EQUIPAMENTOS,ATTBRASIL TECNOLOGIA LOCA츒 E SOLUES EM INFORMATICA LTDA EPP,22.392.165/0001-99,"1.930,00",04/2018
 ALFREDINHO,MATERIAL DE ESCRITORIO E OUTROS MATERIAIS DE CONSUMO,CENTER PAPEIS COMERCIAL LTDA.,06.226.820/0001-82,"1.694,15",04/2018
 ALFREDINHO,PROVEDOR DE INTERNET,TELEFONICA BRASIL S/A,02.558.157/0001-62,"94,89",04/2018
 ALFREDINHO,COMBUSTIVEL,TONINHO TRINTA AUTO POSTO LTDA,59.469.775/0001-53,"1.830,59",05/2018
 ALFREDINHO,COMPOSI츒/ARTE/DIAGRAMA츒/PRODU츒/IMPRESSAO GRAFICA,GRAFICA E EDITORA MATSUNAGA LTDA,07.462.215/0001-73,"4.800,00",05/2018
 ALFREDINHO,COMPOSI츒/ARTE/DIAGRAMA츒/PRODU츒/IMPRESSAO GRAFICA,CRIAGRAPHY DESING E WEBDESING LTDA ME,09.001.036/0001-64,"3.000,00",05/2018
 ALFREDINHO,CONTRATA큐O DE PESSOA JURIDICA,TECNEGOCIOS SOLU큞ES EM INFORMATICA LTDA- ME,11.521.613/0001-90,"330,00",05/2018
 ALFREDINHO,CONTRATA큐O DE PESSOA JURIDICA,INSTITUTO DE REGULARIZA츒 FUNDIARIA URBANA E POPULAR,23.799.495/0001-66,"7.500,00",05/2018
 ALFREDINHO,INTERMEDIADO - CORREIOS,CAMARA MUNICIPAL DE S츒 PAULO,50.176.288/0001-28,"63,97",05/2018
 ALFREDINHO,INTERMEDIADO - LOCA츒 DE VE펚ULOS,CAMARA MUNICIPAL DE S츒 PAULO,50.176.288/0001-28,"2.148,45",05/2018
 ALFREDINHO,LOCA츒 DE MOVEIS E EQUIPAMENTOS,ATTBRASIL TECNOLOGIA LOCA츒 E SOLUES EM INFORMATICA LTDA EPP,22.392.165/0001-99,"3.860,00",05/2018
 ALFREDINHO,MATERIAL DE ESCRITORIO E OUTROS MATERIAIS DE CONSUMO,CENTER PAPEIS COMERCIAL LTDA.,06.226.820/0001-82,"2.778,10",05/2018
 ALFREDINHO,PROVEDOR DE INTERNET,TELEFONICA BRASIL S/A,02.558.157/0001-62,"94,89",05/2018
 ALFREDINHO,REPROGRAFIA (XEROX/ENCADERNA츒),TOP MANUSEIO SOLUES LOGISTICAS GRAFICAS E POSTAIS LTDA-ME,23.826.867/0001-04,"7.560,00",05/2018
 ALFREDINHO,COMPOSI츒/ARTE/DIAGRAMA츒/PRODU츒/IMPRESSAO GRAFICA,GRAFICA E EDITORA MATSUNAGA LTDA,07.462.215/0001-73,"3.183,55",06/2018
 ALFREDINHO,COMPOSI츒/ARTE/DIAGRAMA츒/PRODU츒/IMPRESSAO GRAFICA,CRIAGRAPHY DESING E WEBDESING LTDA ME,09.001.036/0001-64,"4.500,00",06/2018
 ALFREDINHO,CONTRATA큐O DE PESSOA JURIDICA,TECNEGOCIOS SOLU큞ES EM INFORMATICA LTDA- ME,11.521.613/0001-90,"330,00",06/2018
 ALFREDINHO,CONTRATA큐O DE PESSOA JURIDICA,MARCUS VINICIUS LUCAS BAHIA,29.361.768/0001-72,"6.500,00",06/2018
 ALFREDINHO,INTERMEDIADO - CORREIOS,CAMARA MUNICIPAL DE S츒 PAULO,50.176.288/0001-28,"1,85",06/2018
 ALFREDINHO,INTERMEDIADO - LOCA츒 DE VE펚ULOS,CAMARA MUNICIPAL DE S츒 PAULO,50.176.288/0001-28,"2.148,45",06/2018
 ALFREDINHO,MATERIAL DE ESCRITORIO E OUTROS MATERIAIS DE CONSUMO,CENTER PAPEIS COMERCIAL LTDA.,06.226.820/0001-82,"1.998,50",06/2018
 ALFREDINHO,PROVEDOR DE INTERNET,TELEFONICA BRASIL S/A,02.558.157/0001-62,"94,89",06/2018
 ALFREDINHO,REPROGRAFIA (XEROX/ENCADERNA츒),TOP MANUSEIO SOLUES LOGISTICAS GRAFICAS E POSTAIS LTDA-ME,23.826.867/0001-04,"7.630,00",06/2018
 ALFREDINHO,COMBUSTIVEL,TONINHO TRINTA AUTO POSTO LTDA,59.469.775/0001-53,"691,44",07/2018
 ALFREDINHO,COMPOSI츒/ARTE/DIAGRAMA츒/PRODU츒/IMPRESSAO GRAFICA,CRIAGRAPHY DESING E WEBDESING LTDA ME,09.001.036/0001-64,"4.500,00",07/2018
 ALFREDINHO,CONTRATA큐O DE PESSOA JURIDICA,TECNEGOCIOS SOLU큞ES EM INFORMATICA LTDA- ME,11.521.613/0001-90,"330,00",07/2018
 ALFREDINHO,INTERMEDIADO - CORREIOS,CAMARA MUNICIPAL DE S츒 PAULO,50.176.288/0001-28,"57,61",07/2018
 ALFREDINHO,INTERMEDIADO - LOCA츒 DE VE펚ULOS,CAMARA MUNICIPAL DE S츒 PAULO,50.176.288/0001-28,"2.148,45",07/2018
 ALFREDINHO,INTERMEDIADO - REPROGRAFIA (XEROX/ENCADERNA츒),CAMARA MUNICIPAL DE S츒 PAULO,50.176.288/0001-28,"441,00",07/2018
 ALFREDINHO,LOCA츒 DE MOVEIS E EQUIPAMENTOS,ATTBRASIL TECNOLOGIA LOCA츒 E SOLUES EM INFORMATICA LTDA EPP,22.392.165/0001-99,"1.930,00",07/2018
 ALFREDINHO,MATERIAL DE ESCRITORIO E OUTROS MATERIAIS DE CONSUMO,CENTER PAPEIS COMERCIAL LTDA.,06.226.820/0001-82,"595,75",07/2018
 ALFREDINHO,PROVEDOR DE INTERNET,TELEFONICA BRASIL S/A,02.558.157/0001-62,"94,80",07/2018
 ALFREDINHO,COMBUSTIVEL,TONINHO TRINTA AUTO POSTO LTDA,59.469.775/0001-53,"1.233,72",08/2018
 ALFREDINHO,COMPOSI츒/ARTE/DIAGRAMA츒/PRODU츒/IMPRESSAO GRAFICA,GRAFTEC GRAFICA E EDITORA LTDA,04.059.685/0001-00,"3.500,00",08/2018
 ALFREDINHO,COMPOSI츒/ARTE/DIAGRAMA츒/PRODU츒/IMPRESSAO GRAFICA,CRIAGRAPHY DESING E WEBDESING LTDA ME,09.001.036/0001-64,"4.500,00",08/2018
 ALFREDINHO,CONTRATA큐O DE PESSOA JURIDICA,TECNEGOCIOS SOLU큞ES EM INFORMATICA LTDA- ME,11.521.613/0001-90,"330,00",08/2018
 ALFREDINHO,CONTRATA큐O DE PESSOA JURIDICA,DAVI COSTA SOCIEDADE INDIVIDUAL DE ADVOCACIA,28.650.942/0001-34,"7.500,00",08/2018
 ALFREDINHO,INTERMEDIADO - CORREIOS,CAMARA MUNICIPAL DE S츒 PAULO,50.176.288/0001-28,"76,11",08/2018
 ALFREDINHO,INTERMEDIADO - LOCA츒 DE VE펚ULOS,CAMARA MUNICIPAL DE S츒 PAULO,50.176.288/0001-28,"2.148,45",08/2018
 ALFREDINHO,LOCA츒 DE MOVEIS E EQUIPAMENTOS,ATTBRASIL TECNOLOGIA LOCA츒 E SOLUES EM INFORMATICA LTDA EPP,22.392.165/0001-99,"1.930,00",08/2018
 ALFREDINHO,MATERIAL DE ESCRITORIO E OUTROS MATERIAIS DE CONSUMO,CENTER PAPEIS COMERCIAL LTDA.,06.226.820/0001-82,"1.736,30",08/2018
 ALFREDINHO,CONTRATA큐O DE PESSOA JURIDICA,TECNEGOCIOS SOLU큞ES EM INFORMATICA LTDA- ME,11.521.613/0001-90,"330,00",09/2018
 ALFREDINHO,INTERMEDIADO - LOCA츒 DE VE펚ULOS,CAMARA MUNICIPAL DE S츒 PAULO,50.176.288/0001-28,"2.148,45",09/2018
 ALFREDINHO,LOCA츒 DE MOVEIS E EQUIPAMENTOS,ATTBRASIL TECNOLOGIA LOCA츒 E SOLUES EM INFORMATICA LTDA EPP,22.392.165/0001-99,"1.930,00",09/2018
 ALFREDINHO,MATERIAL DE ESCRITORIO E OUTROS MATERIAIS DE CONSUMO,CENTER PAPEIS COMERCIAL LTDA.,06.226.820/0001-82,"1.409,60",09/2018
 ALFREDINHO,COMBUSTIVEL,TONINHO TRINTA AUTO POSTO LTDA,59.469.775/0001-53,"729,40",10/2018
 ALFREDINHO,COMPOSI츒/ARTE/DIAGRAMA츒/PRODU츒/IMPRESSAO GRAFICA,GRAFICA E EDITORA MATSUNAGA LTDA,07.462.215/0001-73,"3.499,80",10/2018
 ALFREDINHO,COMPOSI츒/ARTE/DIAGRAMA츒/PRODU츒/IMPRESSAO GRAFICA,CRIAGRAPHY DESING E WEBDESING LTDA ME,09.001.036/0001-64,"4.500,00",10/2018
 ALFREDINHO,CONTRATA큐O DE PESSOA JURIDICA,TECNEGOCIOS SOLU큞ES EM INFORMATICA LTDA- ME,11.521.613/0001-90,"330,00",10/2018
 ALFREDINHO,CONTRATA큐O DE PESSOA JURIDICA,WORK LINE SYSTEM INFORM쳆ICA LTDA,67.002.329/0001-62,"4.048,00",10/2018
 ALFREDINHO,INTERMEDIADO - CORREIOS,CAMARA MUNICIPAL DE S츒 PAULO,50.176.288/0001-28,"30,88",10/2018
 ALFREDINHO,INTERMEDIADO - LOCA츒 DE VE펚ULOS,CAMARA MUNICIPAL DE S츒 PAULO,50.176.288/0001-28,"2.148,45",10/2018
 ALFREDINHO,LOCA츒 DE MOVEIS E EQUIPAMENTOS,ATTBRASIL TECNOLOGIA LOCA츒 E SOLUES EM INFORMATICA LTDA EPP,22.392.165/0001-99,"1.930,00",10/2018
 ALFREDINHO,MATERIAL DE ESCRITORIO E OUTROS MATERIAIS DE CONSUMO,CENTER PAPEIS COMERCIAL LTDA.,06.226.820/0001-82,"1.197,70",10/2018
 ALFREDINHO,COMBUSTIVEL,TONINHO TRINTA AUTO POSTO LTDA,59.469.775/0001-53,"775,23",11/2018
 ALFREDINHO,COMPOSI츒/ARTE/DIAGRAMA츒/PRODU츒/IMPRESSAO GRAFICA,GRAFICA E EDITORA MATSUNAGA LTDA,07.462.215/0001-73,"6.420,00",11/2018
 ALFREDINHO,COMPOSI츒/ARTE/DIAGRAMA츒/PRODU츒/IMPRESSAO GRAFICA,CRIAGRAPHY DESING E WEBDESING LTDA ME,09.001.036/0001-64,"1.500,00",11/2018
 ALFREDINHO,CONTRATA큐O DE PESSOA JURIDICA,TECNEGOCIOS SOLU큞ES EM INFORMATICA LTDA- ME,11.521.613/0001-90,"330,00",11/2018
 ALFREDINHO,INTERMEDIADO - CORREIOS,CAMARA MUNICIPAL DE S츒 PAULO,50.176.288/0001-28,"16,46",11/2018
 ALFREDINHO,INTERMEDIADO - LOCA츒 DE VE펚ULOS,CAMARA MUNICIPAL DE S츒 PAULO,50.176.288/0001-28,"2.148,45",11/2018
 ALFREDINHO,LOCA츒 DE MOVEIS E EQUIPAMENTOS,ATTBRASIL TECNOLOGIA LOCA츒 E SOLUES EM INFORMATICA LTDA EPP,22.392.165/0001-99,"1.930,00",11/2018
 ALFREDINHO,MATERIAL DE ESCRITORIO E OUTROS MATERIAIS DE CONSUMO,CENTER PAPEIS COMERCIAL LTDA.,06.226.820/0001-82,"7.897,45",11/2018
 ALFREDINHO,REPROGRAFIA (XEROX/ENCADERNA츒),TOP MANUSEIO SOLUES LOGISTICAS GRAFICAS E POSTAIS LTDA-ME,23.826.867/0001-04,"7.975,00",11/2018
 ALFREDINHO,COMBUSTIVEL,TONINHO TRINTA AUTO POSTO LTDA,59.469.775/0001-53,"1.112,08",12/2018
 ALFREDINHO,COMPOSI츒/ARTE/DIAGRAMA츒/PRODU츒/IMPRESSAO GRAFICA,GRAFICA E EDITORA MATSUNAGA LTDA,07.462.215/0001-73,"6.420,00",12/2018
 ALFREDINHO,COMPOSI츒/ARTE/DIAGRAMA츒/PRODU츒/IMPRESSAO GRAFICA,CRIAGRAPHY DESING E WEBDESING LTDA ME,09.001.036/0001-64,"1.500,00",12/2018
 ALFREDINHO,CONTRATA큐O DE PESSOA JURIDICA,CARDOSO DE OLIVEIRA SOCIEDADE INDIVIDUAL DE ADVOCACIA,24.534.210/0001-28,"8.000,00",12/2018
 ALFREDINHO,INTERMEDIADO - CORREIOS,CAMARA MUNICIPAL DE S츒 PAULO,50.176.288/0001-28,"11.365,95",12/2018
 ALFREDINHO,INTERMEDIADO - LOCA츒 DE VE펚ULOS,CAMARA MUNICIPAL DE S츒 PAULO,50.176.288/0001-28,"2.148,45",12/2018
 ALFREDINHO,LOCA츒 DE MOVEIS E EQUIPAMENTOS,ATTBRASIL TECNOLOGIA LOCA츒 E SOLUES EM INFORMATICA LTDA EPP,22.392.165/0001-99,"1.930,00",12/2018
 ALFREDINHO,MATERIAL DE ESCRITORIO E OUTROS MATERIAIS DE CONSUMO,CENTER PAPEIS COMERCIAL LTDA.,06.226.820/0001-82,"5.061,90",12/2018
 ALFREDINHO,REPROGRAFIA (XEROX/ENCADERNA츒),TOP MANUSEIO SOLUES LOGISTICAS GRAFICAS E POSTAIS LTDA-ME,23.826.867/0001-04,"7.975,00",12/2018
 ALFREDINHO,ASSINATURA DE JORNAIS E REVISTAS,EDITORA CONFIAN큐 LTDA.,04.735.670/0001-07,"479,00",01/2019
 ALFREDINHO,COMPOSI츒/ARTE/DIAGRAMA츒/PRODU츒/IMPRESSAO GRAFICA,GRAFICA E EDITORA MATSUNAGA LTDA,07.462.215/0001-73,"6.484,05",01/2019
 ALFREDINHO,COMPOSI츒/ARTE/DIAGRAMA츒/PRODU츒/IMPRESSAO GRAFICA,CRIAGRAPHY DESING E WEBDESING LTDA ME,09.001.036/0001-64,"1.500,00",01/2019
 ALFREDINHO,CONTRATA큐O DE PESSOA JURIDICA,TECNEGOCIOS SOLU큞ES EM INFORMATICA LTDA- ME,11.521.613/0001-90,"330,00",01/2019
 ALFREDINHO,CONTRATA큐O DE PESSOA JURIDICA,CARDOSO DE OLIVEIRA SOCIEDADE INDIVIDUAL DE ADVOCACIA,24.534.210/0001-28,"8.000,00",01/2019
 ALFREDINHO,INTERMEDIADO - CORREIOS,CAMARA MUNICIPAL DE S츒 PAULO,50.176.288/0001-28,"35,95",01/2019
 ALFREDINHO,INTERMEDIADO - LOCA츒 DE VE펚ULOS,CAMARA MUNICIPAL DE S츒 PAULO,50.176.288/0001-28,"2.199,17",01/2019
 ALFREDINHO,LOCA츒 DE MOVEIS E EQUIPAMENTOS,ATTBRASIL TECNOLOGIA LOCA츒 E SOLUES EM INFORMATICA LTDA EPP,22.392.165/0001-99,"1.930,00",01/2019
 ALFREDINHO,MATERIAL DE ESCRITORIO E OUTROS MATERIAIS DE CONSUMO,CENTER PAPEIS COMERCIAL LTDA.,06.226.820/0001-82,"1.953,25",01/2019
 ALFREDINHO,COMBUSTIVEL,TONINHO TRINTA AUTO POSTO LTDA,59.469.775/0001-53,"668,05",02/2019
 ALFREDINHO,COMPOSI츒/ARTE/DIAGRAMA츒/PRODU츒/IMPRESSAO GRAFICA,CRIAGRAPHY DESING E WEBDESING LTDA ME,09.001.036/0001-64,"4.500,00",02/2019
 ALFREDINHO,CONTRATA큐O DE PESSOA JURIDICA,TECNEGOCIOS SOLU큞ES EM INFORMATICA LTDA- ME,11.521.613/0001-90,"330,00",02/2019
 ALFREDINHO,CONTRATA큐O DE PESSOA JURIDICA,CARDOSO DE OLIVEIRA SOCIEDADE INDIVIDUAL DE ADVOCACIA,24.534.210/0001-28,"13.000,00",02/2019
 ALFREDINHO,INTERMEDIADO - CORREIOS,CAMARA MUNICIPAL DE S츒 PAULO,50.176.288/0001-28,"89,03",02/2019
 ALFREDINHO,INTERMEDIADO - LOCA츒 DE VE펚ULOS,CAMARA MUNICIPAL DE S츒 PAULO,50.176.288/0001-28,"2.214,62",02/2019
 ALFREDINHO,INTERMEDIADO - REPROGRAFIA (XEROX/ENCADERNA츒),CAMARA MUNICIPAL DE S츒 PAULO,50.176.288/0001-28,"110,00",02/2019
 ALFREDINHO,LOCA츒 DE MOVEIS E EQUIPAMENTOS,ATTBRASIL TECNOLOGIA LOCA츒 E SOLUES EM INFORMATICA LTDA EPP,22.392.165/0001-99,"1.930,00",02/2019
 ALFREDINHO,COMBUSTIVEL,TONINHO TRINTA AUTO POSTO LTDA,59.469.775/0001-53,"780,63",03/2019
 ALFREDINHO,COMPOSI츒/ARTE/DIAGRAMA츒/PRODU츒/IMPRESSAO GRAFICA,GRAFTEC GRAFICA E EDITORA LTDA,04.059.685/0001-00,"7.840,00",03/2019
 ALFREDINHO,COMPOSI츒/ARTE/DIAGRAMA츒/PRODU츒/IMPRESSAO GRAFICA,CRIAGRAPHY DESING E WEBDESING LTDA ME,09.001.036/0001-64,"3.000,00",03/2019
 ALFREDINHO,CONTRATA큐O DE PESSOA JURIDICA,CARDOSO DE OLIVEIRA SOCIEDADE INDIVIDUAL DE ADVOCACIA,24.534.210/0001-28,"13.000,00",03/2019
 ALFREDINHO,INTERMEDIADO - CORREIOS,CAMARA MUNICIPAL DE S츒 PAULO,50.176.288/0001-28,"42,29",03/2019
 ALFREDINHO,INTERMEDIADO - LOCA츒 DE VE펚ULOS,CAMARA MUNICIPAL DE S츒 PAULO,50.176.288/0001-28,"2.214,62",03/2019
 ALFREDINHO,LOCA츒 DE MOVEIS E EQUIPAMENTOS,ATTBRASIL TECNOLOGIA LOCA츒 E SOLUES EM INFORMATICA LTDA EPP,22.392.165/0001-99,"1.930,00",03/2019
 ALFREDINHO,COMBUSTIVEL,TONINHO TRINTA AUTO POSTO LTDA,59.469.775/0001-53,"576,89",04/2019
 ALFREDINHO,COMPOSI츒/ARTE/DIAGRAMA츒/PRODU츒/IMPRESSAO GRAFICA,CRIAGRAPHY DESING E WEBDESING LTDA ME,09.001.036/0001-64,"3.000,00",04/2019
 ALFREDINHO,CONTRATA큐O DE PESSOA JURIDICA,TECNEGOCIOS SOLU큞ES EM INFORMATICA LTDA- ME,11.521.613/0001-90,"330,00",04/2019
 ALFREDINHO,INTERMEDIADO - LOCA츒 DE VE펚ULOS,CAMARA MUNICIPAL DE S츒 PAULO,50.176.288/0001-28,"2.214,62",04/2019
 ALFREDINHO,INTERMEDIADO - REPROGRAFIA (XEROX/ENCADERNA츒),CAMARA MUNICIPAL DE S츒 PAULO,50.176.288/0001-28,"100,32",04/2019
 ALFREDINHO,LOCA츒 DE MOVEIS E EQUIPAMENTOS,ATTBRASIL TECNOLOGIA LOCA츒 E SOLUES EM INFORMATICA LTDA EPP,22.392.165/0001-99,"1.930,00",04/2019
 ALFREDINHO,MATERIAL DE ESCRITORIO E OUTROS MATERIAIS DE CONSUMO,CENTER PAPEIS COMERCIAL LTDA.,06.226.820/0001-82,"2.845,70",04/2019
 ALFREDINHO,REPROGRAFIA (XEROX/ENCADERNA츒),TOP MANUSEIO SOLUES LOGISTICAS GRAFICAS E POSTAIS LTDA-ME,23.826.867/0001-04,"5.945,00",04/2019
 ALFREDINHO,COMBUSTIVEL,TONINHO TRINTA AUTO POSTO LTDA,59.469.775/0001-53,"932,50",05/2019
 ALFREDINHO,COMPOSI츒/ARTE/DIAGRAMA츒/PRODU츒/IMPRESSAO GRAFICA,GRAFTEC GRAFICA E EDITORA LTDA,04.059.685/0001-00,"6.199,98",05/2019
 ALFREDINHO,COMPOSI츒/ARTE/DIAGRAMA츒/PRODU츒/IMPRESSAO GRAFICA,CRIAGRAPHY DESING E WEBDESING LTDA ME,09.001.036/0001-64,"2.000,00",05/2019
 ALFREDINHO,COMPOSI츒/ARTE/DIAGRAMA츒/PRODU츒/IMPRESSAO GRAFICA,LEANDRO DE AQUINO,32.614.718/0001-64,"1.500,00",05/2019
 ALFREDINHO,CONTRATA큐O DE PESSOA JURIDICA,TECNEGOCIOS SOLU큞ES EM INFORMATICA LTDA- ME,11.521.613/0001-90,"330,00",05/2019
 ALFREDINHO,CONTRATA큐O DE PESSOA JURIDICA,ANDRE SANTANA DE ALMEIDA,33.594.558/0001-00,"5.500,00",05/2019
 ALFREDINHO,INTERMEDIADO - CORREIOS,CAMARA MUNICIPAL DE S츒 PAULO,50.176.288/0001-28,"50,43",05/2019
 ALFREDINHO,INTERMEDIADO - LOCA츒 DE VE펚ULOS,CAMARA MUNICIPAL DE S츒 PAULO,50.176.288/0001-28,"2.214,62",05/2019
 ALFREDINHO,LOCA츒 DE MOVEIS E EQUIPAMENTOS,ATTBRASIL TECNOLOGIA LOCA츒 E SOLUES EM INFORMATICA LTDA EPP,22.392.165/0001-99,"1.930,00",05/2019
 ALFREDINHO,MATERIAL DE ESCRITORIO E OUTROS MATERIAIS DE CONSUMO,CENTER PAPEIS COMERCIAL LTDA.,06.226.820/0001-82,"2.572,75",05/2019
 ALFREDINHO,COMPOSI츒/ARTE/DIAGRAMA츒/PRODU츒/IMPRESSAO GRAFICA,CRIAGRAPHY DESING E WEBDESING LTDA ME,09.001.036/0001-64,"2.000,00",06/2019
 ALFREDINHO,COMPOSI츒/ARTE/DIAGRAMA츒/PRODU츒/IMPRESSAO GRAFICA,VISUAL ARTE COPIADORA EIRELLI - ME,13.058.505/0001-59,"376,00",06/2019
 ALFREDINHO,CONTRATA큐O DE PESSOA JURIDICA,TECNEGOCIOS SOLU큞ES EM INFORMATICA LTDA- ME,11.521.613/0001-90,"330,00",06/2019
 ALFREDINHO,CONTRATA큐O DE PESSOA JURIDICA,CARDOSO DE OLIVEIRA SOCIEDADE INDIVIDUAL DE ADVOCACIA,24.534.210/0001-28,"8.000,00",06/2019
 ALFREDINHO,CONTRATA큐O DE PESSOA JURIDICA,ANDRE SANTANA DE ALMEIDA,33.594.558/0001-00,"5.500,00",06/2019
 ALFREDINHO,INTERMEDIADO - LOCA츒 DE VE펚ULOS,CAMARA MUNICIPAL DE S츒 PAULO,50.176.288/0001-28,"2.214,62",06/2019
 ALFREDINHO,LOCA츒 DE MOVEIS E EQUIPAMENTOS,ATTBRASIL TECNOLOGIA LOCA츒 E SOLUES EM INFORMATICA LTDA EPP,22.392.165/0001-99,"1.930,00",06/2019
 ALFREDINHO,MATERIAL DE ESCRITORIO E OUTROS MATERIAIS DE CONSUMO,CENTER PAPEIS COMERCIAL LTDA.,06.226.820/0001-82,"3.478,25",06/2019
 ALFREDINHO,COMBUSTIVEL,TONINHO TRINTA AUTO POSTO LTDA,59.469.775/0001-53,"1.047,50",07/2019
 ALFREDINHO,COMPOSI츒/ARTE/DIAGRAMA츒/PRODU츒/IMPRESSAO GRAFICA,GRAFTEC GRAFICA E EDITORA LTDA,04.059.685/0001-00,"3.000,00",07/2019
 ALFREDINHO,COMPOSI츒/ARTE/DIAGRAMA츒/PRODU츒/IMPRESSAO GRAFICA,CRIAGRAPHY DESING E WEBDESING LTDA ME,09.001.036/0001-64,"2.000,00",07/2019
 ALFREDINHO,CONTRATA큐O DE PESSOA JURIDICA,ANDRE SANTANA DE ALMEIDA,33.594.558/0001-00,"5.500,00",07/2019
 ALFREDINHO,INTERMEDIADO - CORREIOS,CAMARA MUNICIPAL DE S츒 PAULO,50.176.288/0001-28,"25,93",07/2019
 ALFREDINHO,INTERMEDIADO - LOCA츒 DE VE펚ULOS,CAMARA MUNICIPAL DE S츒 PAULO,50.176.288/0001-28,"2.214,62",07/2019
 ALFREDINHO,LOCA츒 DE MOVEIS E EQUIPAMENTOS,ATTBRASIL TECNOLOGIA LOCA츒 E SOLUES EM INFORMATICA LTDA EPP,22.392.165/0001-99,"2.375,00",07/2019
 ALFREDINHO,MATERIAL DE ESCRITORIO E OUTROS MATERIAIS DE CONSUMO,CENTER PAPEIS COMERCIAL LTDA.,06.226.820/0001-82,"2.894,65",07/2019
 ALFREDINHO,COMBUSTIVEL,TONINHO TRINTA AUTO POSTO LTDA,59.469.775/0001-53,"983,91",08/2019
 ALFREDINHO,COMPOSI츒/ARTE/DIAGRAMA츒/PRODU츒/IMPRESSAO GRAFICA,GRAFTEC GRAFICA E EDITORA LTDA,04.059.685/0001-00,"8.000,00",08/2019
 ALFREDINHO,COMPOSI츒/ARTE/DIAGRAMA츒/PRODU츒/IMPRESSAO GRAFICA,CRIAGRAPHY DESING E WEBDESING LTDA ME,09.001.036/0001-64,"2.000,00",08/2019
 ALFREDINHO,CONTRATA큐O DE PESSOA JURIDICA,TECNEGOCIOS SOLU큞ES EM INFORMATICA LTDA- ME,11.521.613/0001-90,"330,00",08/2019
 ALFREDINHO,CONTRATA큐O DE PESSOA JURIDICA,SPT SERVI큞S EMPRESARIAIS LTDA EPP,14.419.909/0001-93,"4.232,00",08/2019
 ALFREDINHO,CONTRATA큐O DE PESSOA JURIDICA,ANDRE SANTANA DE ALMEIDA,33.594.558/0001-00,"5.500,00",08/2019
 ALFREDINHO,INTERMEDIADO - CORREIOS,CAMARA MUNICIPAL DE S츒 PAULO,50.176.288/0001-28,"51,80",08/2019
 ALFREDINHO,INTERMEDIADO - LOCA츒 DE VE펚ULOS,CAMARA MUNICIPAL DE S츒 PAULO,50.176.288/0001-28,"2.214,62",08/2019
 ALFREDINHO,LOCA츒 DE MOVEIS E EQUIPAMENTOS,ATTBRASIL TECNOLOGIA LOCA츒 E SOLUES EM INFORMATICA LTDA EPP,22.392.165/0001-99,"2.375,00",08/2019
 ALFREDINHO,MATERIAL DE ESCRITORIO E OUTROS MATERIAIS DE CONSUMO,CENTER PAPEIS COMERCIAL LTDA.,06.226.820/0001-82,"5.997,30",08/2019
 ALFREDINHO,COMBUSTIVEL,TONINHO TRINTA AUTO POSTO LTDA,59.469.775/0001-53,"918,30",09/2019
 ALFREDINHO,COMPOSI츒/ARTE/DIAGRAMA츒/PRODU츒/IMPRESSAO GRAFICA,CRIAGRAPHY DESING E WEBDESING LTDA ME,09.001.036/0001-64,"3.000,00",09/2019
 ALFREDINHO,CONTRATA큐O DE PESSOA JURIDICA,TECNEGOCIOS SOLU큞ES EM INFORMATICA LTDA- ME,11.521.613/0001-90,"330,00",09/2019
 ALFREDINHO,CONTRATA큐O DE PESSOA JURIDICA,ANDRE SANTANA DE ALMEIDA,33.594.558/0001-00,"5.500,00",09/2019
 ALFREDINHO,INTERMEDIADO - CORREIOS,CAMARA MUNICIPAL DE S츒 PAULO,50.176.288/0001-28,"42,39",09/2019
 ALFREDINHO,INTERMEDIADO - LOCA츒 DE VE펚ULOS,CAMARA MUNICIPAL DE S츒 PAULO,50.176.288/0001-28,"2.214,62",09/2019
 ALFREDINHO,LOCA츒 DE MOVEIS E EQUIPAMENTOS,ATTBRASIL TECNOLOGIA LOCA츒 E SOLUES EM INFORMATICA LTDA EPP,22.392.165/0001-99,"2.375,00",09/2019
 ALFREDINHO,MATERIAL DE ESCRITORIO E OUTROS MATERIAIS DE CONSUMO,CENTER PAPEIS COMERCIAL LTDA.,06.226.820/0001-82,"3.264,55",09/2019
 ALFREDINHO,COMBUSTIVEL,TONINHO TRINTA AUTO POSTO LTDA,59.469.775/0001-53,"1.111,70",10/2019
 ALFREDINHO,COMPOSI츒/ARTE/DIAGRAMA츒/PRODU츒/IMPRESSAO GRAFICA,GRAFICA E EDITORA MATSUNAGA LTDA,07.462.215/0001-73,"3.500,00",10/2019
 ALFREDINHO,COMPOSI츒/ARTE/DIAGRAMA츒/PRODU츒/IMPRESSAO GRAFICA,CRIAGRAPHY DESING E WEBDESING LTDA ME,09.001.036/0001-64,"2.000,00",10/2019
 ALFREDINHO,CONTRATA큐O DE PESSOA JURIDICA,TECNEGOCIOS SOLU큞ES EM INFORMATICA LTDA- ME,11.521.613/0001-90,"330,00",10/2019
 ALFREDINHO,CONTRATA큐O DE PESSOA JURIDICA,ANDRE SANTANA DE ALMEIDA,33.594.558/0001-00,"5.500,00",10/2019
 ALFREDINHO,INTERMEDIADO - CORREIOS,CAMARA MUNICIPAL DE S츒 PAULO,50.176.288/0001-28,"48,42",10/2019
 ALFREDINHO,INTERMEDIADO - LOCA츒 DE VE펚ULOS,CAMARA MUNICIPAL DE S츒 PAULO,50.176.288/0001-28,"2.214,62",10/2019
 ALFREDINHO,LOCA츒 DE MOVEIS E EQUIPAMENTOS,ATTBRASIL TECNOLOGIA LOCA츒 E SOLUES EM INFORMATICA LTDA EPP,22.392.165/0001-99,"2.375,00",10/2019
 ALFREDINHO,MATERIAL DE ESCRITORIO E OUTROS MATERIAIS DE CONSUMO,CENTER PAPEIS COMERCIAL LTDA.,06.226.820/0001-82,"4.159,20",10/2019
 ALFREDINHO,COMBUSTIVEL,TONINHO TRINTA AUTO POSTO LTDA,59.469.775/0001-53,"964,77",11/2019
 ALFREDINHO,COMPOSI츒/ARTE/DIAGRAMA츒/PRODU츒/IMPRESSAO GRAFICA,CRIAGRAPHY DESING E WEBDESING LTDA ME,09.001.036/0001-64,"2.000,00",11/2019
 ALFREDINHO,CONTRATA큐O DE PESSOA JURIDICA,TECNEGOCIOS SOLU큞ES EM INFORMATICA LTDA- ME,11.521.613/0001-90,"330,00",11/2019
 ALFREDINHO,CONTRATA큐O DE PESSOA JURIDICA,CARDOSO DE OLIVEIRA SOCIEDADE INDIVIDUAL DE ADVOCACIA,24.534.210/0001-28,"8.000,00",11/2019
 ALFREDINHO,CONTRATA큐O DE PESSOA JURIDICA,ANDRE SANTANA DE ALMEIDA,33.594.558/0001-00,"5.500,00",11/2019
 ALFREDINHO,INTERMEDIADO - CORREIOS,CAMARA MUNICIPAL DE S츒 PAULO,50.176.288/0001-28,"353,80",11/2019
 ALFREDINHO,INTERMEDIADO - LOCA츒 DE VE펚ULOS,CAMARA MUNICIPAL DE S츒 PAULO,50.176.288/0001-28,"2.214,62",11/2019
 ALFREDINHO,LOCA츒 DE MOVEIS E EQUIPAMENTOS,ATTBRASIL TECNOLOGIA LOCA츒 E SOLUES EM INFORMATICA LTDA EPP,22.392.165/0001-99,"2.375,00",11/2019
 ALFREDINHO,MATERIAL DE ESCRITORIO E OUTROS MATERIAIS DE CONSUMO,CENTER PAPEIS COMERCIAL LTDA.,06.226.820/0001-82,"3.679,45",11/2019
 ALFREDINHO,REPROGRAFIA (XEROX/ENCADERNA츒),TOP MANUSEIO SOLUES LOGISTICAS GRAFICAS E POSTAIS LTDA-ME,23.826.867/0001-04,"7.975,00",11/2019
 ALFREDINHO,COMBUSTIVEL,TONINHO TRINTA AUTO POSTO LTDA,59.469.775/0001-53,"742,38",12/2019
 ALFREDINHO,COMPOSI츒/ARTE/DIAGRAMA츒/PRODU츒/IMPRESSAO GRAFICA,GRAFTEC GRAFICA E EDITORA LTDA,04.059.685/0001-00,"6.870,89",12/2019
 ALFREDINHO,COMPOSI츒/ARTE/DIAGRAMA츒/PRODU츒/IMPRESSAO GRAFICA,CRIAGRAPHY DESING E WEBDESING LTDA ME,09.001.036/0001-64,"4.500,00",12/2019
 ALFREDINHO,CONTRATA큐O DE PESSOA JURIDICA,TECNEGOCIOS SOLU큞ES EM INFORMATICA LTDA- ME,11.521.613/0001-90,"330,00",12/2019
 ALFREDINHO,INTERMEDIADO - CORREIOS,CAMARA MUNICIPAL DE S츒 PAULO,50.176.288/0001-28,"5.393,45",12/2019
 ALFREDINHO,INTERMEDIADO - LOCA츒 DE VE펚ULOS,CAMARA MUNICIPAL DE S츒 PAULO,50.176.288/0001-28,"2.214,62",12/2019
 ALFREDINHO,LOCA츒 DE MOVEIS E EQUIPAMENTOS,ATTBRASIL TECNOLOGIA LOCA츒 E SOLUES EM INFORMATICA LTDA EPP,22.392.165/0001-99,"2.885,00",12/2019
 ALFREDINHO,MATERIAL DE ESCRITORIO E OUTROS MATERIAIS DE CONSUMO,CENTER PAPEIS COMERCIAL LTDA.,06.226.820/0001-82,"3.873,05",12/2019
 ALFREDINHO,REPROGRAFIA (XEROX/ENCADERNA츒),TOP MANUSEIO SOLUES LOGISTICAS GRAFICAS E POSTAIS LTDA-ME,23.826.867/0001-04,"7.975,00",12/2019
 ALFREDINHO,CONTRATA큐O DE PESSOA JURIDICA,TECNEGOCIOS SOLU큞ES EM INFORMATICA LTDA- ME,11.521.613/0001-90,"379,00",01/2020
 ALFREDINHO,INTERMEDIADO - LOCA츒 DE VE펚ULOS,CAMARA MUNICIPAL DE S츒 PAULO,50.176.288/0001-28,"1.424,63",01/2020
 ALFREDINHO,INTERMEDIADO - LOCA츒 VEICULOS HIBRIDOS,CAMARA MUNICIPAL DE S츒 PAULO,50.176.288/0001-28,"1.760,00",01/2020
 ALFREDINHO,LOCA츒 DE MOVEIS E EQUIPAMENTOS,ATTBRASIL TECNOLOGIA LOCA츒 E SOLUES EM INFORMATICA LTDA EPP,22.392.165/0001-99,"2.885,00",01/2020
 ALFREDINHO,MATERIAL DE ESCRITORIO E OUTROS MATERIAIS DE CONSUMO,CENTER PAPEIS COMERCIAL LTDA.,06.226.820/0001-82,"874,85",01/2020
 ALFREDINHO,ASSINATURA DE JORNAIS E REVISTAS,EDITORA CONFIAN큐 LTDA.,04.735.670/0001-07,"502,07",02/2020
 ALFREDINHO,COMBUSTIVEL,TONINHO TRINTA AUTO POSTO LTDA,59.469.775/0001-53,"339,29",02/2020
 ALFREDINHO,COMPOSI츒/ARTE/DIAGRAMA츒/PRODU츒/IMPRESSAO GRAFICA,GRAFICA E EDITORA MATSUNAGA LTDA,07.462.215/0001-73,"6.576,20",02/2020
 ALFREDINHO,COMPOSI츒/ARTE/DIAGRAMA츒/PRODU츒/IMPRESSAO GRAFICA,CRIAGRAPHY DESING E WEBDESING LTDA ME,09.001.036/0001-64,"2.000,00",02/2020
 ALFREDINHO,CONTRATA큐O DE PESSOA JURIDICA,TECNEGOCIOS SOLU큞ES EM INFORMATICA LTDA- ME,11.521.613/0001-90,"379,00",02/2020
 ALFREDINHO,INTERMEDIADO - CORREIOS,CAMARA MUNICIPAL DE S츒 PAULO,50.176.288/0001-28,"22,25",02/2020
 ALFREDINHO,INTERMEDIADO - LOCA츒 VEICULOS HIBRIDOS,CAMARA MUNICIPAL DE S츒 PAULO,50.176.288/0001-28,"4.800,00",02/2020
 ALFREDINHO,LOCA츒 DE MOVEIS E EQUIPAMENTOS,ATTBRASIL TECNOLOGIA LOCA츒 E SOLUES EM INFORMATICA LTDA EPP,22.392.165/0001-99,"2.885,00",02/2020
 ALFREDINHO,MATERIAL DE ESCRITORIO E OUTROS MATERIAIS DE CONSUMO,CENTER PAPEIS COMERCIAL LTDA.,06.226.820/0001-82,"5.296,90",02/2020
 ALFREDINHO,COMBUSTIVEL,TONINHO TRINTA AUTO POSTO LTDA,59.469.775/0001-53,"460,04",03/2020
 ALFREDINHO,COMPOSI츒/ARTE/DIAGRAMA츒/PRODU츒/IMPRESSAO GRAFICA,CRIAGRAPHY DESING E WEBDESING LTDA ME,09.001.036/0001-64,"2.000,00",03/2020
 ALFREDINHO,CONTRATA큐O DE PESSOA JURIDICA,TECNEGOCIOS SOLU큞ES EM INFORMATICA LTDA- ME,11.521.613/0001-90,"379,00",03/2020
 ALFREDINHO,CONTRATA큐O DE PESSOA JURIDICA,CARDOSO DE OLIVEIRA SOCIEDADE INDIVIDUAL DE ADVOCACIA,24.534.210/0001-28,"8.000,00",03/2020
 ALFREDINHO,INTERMEDIADO - LOCA츒 VEICULOS HIBRIDOS,CAMARA MUNICIPAL DE S츒 PAULO,50.176.288/0001-28,"4.800,00",03/2020
 ALFREDINHO,LOCA츒 DE MOVEIS E EQUIPAMENTOS,ATTBRASIL TECNOLOGIA LOCA츒 E SOLUES EM INFORMATICA LTDA EPP,22.392.165/0001-99,"2.885,00",03/2020
 ALFREDINHO,MATERIAL DE ESCRITORIO E OUTROS MATERIAIS DE CONSUMO,CENTER PAPEIS COMERCIAL LTDA.,06.226.820/0001-82,"3.137,85",03/2020
 ALFREDINHO,COMPOSI츒/ARTE/DIAGRAMA츒/PRODU츒/IMPRESSAO GRAFICA,CRIAGRAPHY DESING E WEBDESING LTDA ME,09.001.036/0001-64,"2.000,00",04/2020
 ALFREDINHO,CONTRATA큐O DE PESSOA JURIDICA,TECNEGOCIOS SOLU큞ES EM INFORMATICA LTDA- ME,11.521.613/0001-90,"379,00",04/2020
 ALFREDINHO,CONTRATA큐O DE PESSOA JURIDICA,FELIPE CORREA OLIVEIRA,31.074.626/0001-76,"5.500,00",04/2020
 ALFREDINHO,INTERMEDIADO - LOCA츒 VEICULOS HIBRIDOS,CAMARA MUNICIPAL DE S츒 PAULO,50.176.288/0001-28,"4.800,00",04/2020
 ALFREDINHO,LOCA츒 DE MOVEIS E EQUIPAMENTOS,ATTBRASIL TECNOLOGIA LOCA츒 E SOLUES EM INFORMATICA LTDA EPP,22.392.165/0001-99,"2.885,00",04/2020
