 OTA,COMBUSTIVEL,M MARTINEZ COMBUSTIVEIS ME,10.785.686/0001-27,"497,23",01/2017
 OTA,COMPOSIÇÃO/ARTE/DIAGRAMAÇÃO/PRODUÇÃO/IMPRESSAO GRAFICA,IRISARA COMÉRCIO E SERVIÇOS LTDA.,10.376.277/0001-77,"268,38",01/2017
 OTA,CONTRATAÇAO DE PESSOA JURIDICA,"KLEMP , DE PAULA SOCIEDADE DE ADVOGADOS",18.160.749/0001-61,"6.000,00",01/2017
 OTA,CONTRATAÇAO DE PESSOA JURIDICA,WORK LINE SYSTEM INFORMÁTICA LTDA,67.002.329/0001-62,"931,54",01/2017
 OTA,INTERMEDIADO - CORREIOS,CAMARA MUNICIPAL DE SÃO PAULO,50.176.288/0001-28,"8.841,31",01/2017
 OTA,INTERMEDIADO - LOCAÇÃO DE VEÍCULOS,CAMARA MUNICIPAL DE SÃO PAULO,50.176.288/0001-28,"2.058,08",01/2017
 OTA,MATERIAL DE ESCRITORIO E OUTROS MATERIAIS DE CONSUMO,CENTER PAPEIS COMERCIAL LTDA.,06.226.820/0001-82,"439,80",01/2017
 OTA,MATERIAL DE ESCRITORIO E OUTROS MATERIAIS DE CONSUMO,IRISARA COMÉRCIO E SERVIÇOS LTDA.,10.376.277/0001-77,"221,40",01/2017
 OTA,TELEFONE MOVEL,NEXTEL TELECOMUNICAÇÕES LTDA,66.970.229/0001-67,"190,99",01/2017
 OTA,COMBUSTIVEL,M MARTINEZ COMBUSTIVEIS ME,10.785.686/0001-27,"631,97",02/2017
 OTA,COMPOSIÇÃO/ARTE/DIAGRAMAÇÃO/PRODUÇÃO/IMPRESSAO GRAFICA,IDEIAS SOLUÇÕES ARTES GRÁFICAS LTDA ME,07.489.168/0001-51,"3.022,55",02/2017
 OTA,COMPOSIÇÃO/ARTE/DIAGRAMAÇÃO/PRODUÇÃO/IMPRESSAO GRAFICA,ARTE LU E RO GRAFICA EIRELI,18.588.528/0001-99,"297,30",02/2017
 OTA,CONTRATAÇAO DE PESSOA JURIDICA,"KLEMP , DE PAULA SOCIEDADE DE ADVOGADOS",18.160.749/0001-61,"6.000,00",02/2017
 OTA,CONTRATAÇAO DE PESSOA JURIDICA,WORK LINE SYSTEM INFORMÁTICA LTDA,67.002.329/0001-62,"1.999,88",02/2017
 OTA,INTERMEDIADO - CORREIOS,CAMARA MUNICIPAL DE SÃO PAULO,50.176.288/0001-28,"124,50",02/2017
 OTA,INTERMEDIADO - LOCAÇÃO DE VEÍCULOS,CAMARA MUNICIPAL DE SÃO PAULO,50.176.288/0001-28,"2.101,17",02/2017
 OTA,LOCAÇÃO DE MOVEIS E EQUIPAMENTOS,K2G SUPRIMENTOS DE IMPRESSÃO E INFORMATICA EIRELLI - ME,19.367.661/0001-88,"600,00",02/2017
 OTA,TELEFONE MOVEL,NEXTEL TELECOMUNICAÇÕES LTDA,66.970.229/0001-67,"220,68",02/2017
 OTA,ASSINATURA DE JORNAIS E REVISTAS,EDITORA GLOBO S/A,04.067.191/0001-60,"358,80",03/2017
 OTA,ASSINATURA DE JORNAIS E REVISTAS,EMPRESA FOLHA DA MANHÃ S.A.,60.579.703/0031-63,"1.139,40",03/2017
 OTA,COMBUSTIVEL,M MARTINEZ COMBUSTIVEIS ME,10.785.686/0001-27,"831,86",03/2017
 OTA,COMPOSIÇÃO/ARTE/DIAGRAMAÇÃO/PRODUÇÃO/IMPRESSAO GRAFICA,IRISARA COMÉRCIO E SERVIÇOS LTDA.,10.376.277/0001-77,"1.050,00",03/2017
 OTA,CONTRATAÇAO DE PESSOA JURIDICA,"KLEMP , DE PAULA SOCIEDADE DE ADVOGADOS",18.160.749/0001-61,"6.000,00",03/2017
 OTA,CONTRATAÇAO DE PESSOA JURIDICA,WORK LINE SYSTEM INFORMÁTICA LTDA,67.002.329/0001-62,"940,00",03/2017
 OTA,INTERMEDIADO - CORREIOS,CAMARA MUNICIPAL DE SÃO PAULO,50.176.288/0001-28,"198,54",03/2017
 OTA,INTERMEDIADO - LOCAÇÃO DE VEÍCULOS,CAMARA MUNICIPAL DE SÃO PAULO,50.176.288/0001-28,"2.101,17",03/2017
 OTA,LOCAÇÃO DE MOVEIS E EQUIPAMENTOS,K2G SUPRIMENTOS DE IMPRESSÃO E INFORMATICA EIRELLI - ME,19.367.661/0001-88,"600,00",03/2017
 OTA,MATERIAL DE ESCRITORIO E OUTROS MATERIAIS DE CONSUMO,CENTER PAPEIS COMERCIAL LTDA.,06.226.820/0001-82,"193,95",03/2017
 OTA,MATERIAL DE ESCRITORIO E OUTROS MATERIAIS DE CONSUMO,K2G SUPRIMENTOS DE IMPRESSÃO E INFORMATICA EIRELLI - ME,19.367.661/0001-88,"2.248,90",03/2017
 OTA,TELEFONE MOVEL,NEXTEL TELECOMUNICAÇÕES LTDA,66.970.229/0001-67,"202,26",03/2017
 OTA,ASSINATURA DE JORNAIS E REVISTAS,S.A O ESTADO DE S. PAULO,61.533.949/0001-41,"68,90",04/2017
 OTA,COMBUSTIVEL,M MARTINEZ COMBUSTIVEIS ME,10.785.686/0001-27,"542,33",04/2017
 OTA,COMPOSIÇÃO/ARTE/DIAGRAMAÇÃO/PRODUÇÃO/IMPRESSAO GRAFICA,IDEIAS SOLUÇÕES ARTES GRÁFICAS LTDA ME,07.489.168/0001-51,"1.120,00",04/2017
 OTA,CONTRATAÇAO DE PESSOA JURIDICA,"KLEMP , DE PAULA SOCIEDADE DE ADVOGADOS",18.160.749/0001-61,"6.000,00",04/2017
 OTA,CONTRATAÇAO DE PESSOA JURIDICA,WORK LINE SYSTEM INFORMÁTICA LTDA,67.002.329/0001-62,"940,00",04/2017
 OTA,INTERMEDIADO - CORREIOS,CAMARA MUNICIPAL DE SÃO PAULO,50.176.288/0001-28,"348,95",04/2017
 OTA,INTERMEDIADO - LOCAÇÃO DE VEÍCULOS,CAMARA MUNICIPAL DE SÃO PAULO,50.176.288/0001-28,"2.101,17",04/2017
 OTA,LOCAÇÃO DE MOVEIS E EQUIPAMENTOS,K2G SUPRIMENTOS DE IMPRESSÃO E INFORMATICA EIRELLI - ME,19.367.661/0001-88,"600,00",04/2017
 OTA,REPROGRAFIA (XEROX/ENCADERNAÇÃO),IRISARA COMÉRCIO E SERVIÇOS LTDA.,10.376.277/0001-77,"88,00",04/2017
 OTA,TELEFONE MOVEL,NEXTEL TELECOMUNICAÇÕES LTDA,66.970.229/0001-67,"197,87",04/2017
 OTA,ASSINATURA DE JORNAIS E REVISTAS,ABRIL COMUNICAÇÕES S/A,44.597.052/0079-22,"546,96",05/2017
 OTA,ASSINATURA DE JORNAIS E REVISTAS,S.A O ESTADO DE S. PAULO,61.533.949/0001-41,"68,90",05/2017
 OTA,COMBUSTIVEL,M MARTINEZ COMBUSTIVEIS ME,10.785.686/0001-27,"614,92",05/2017
 OTA,CONTRATAÇAO DE PESSOA JURIDICA,"KLEMP , DE PAULA SOCIEDADE DE ADVOGADOS",18.160.749/0001-61,"6.000,00",05/2017
 OTA,CONTRATAÇAO DE PESSOA JURIDICA,WORK LINE SYSTEM INFORMÁTICA LTDA,67.002.329/0001-62,"940,00",05/2017
 OTA,INTERMEDIADO - CORREIOS,CAMARA MUNICIPAL DE SÃO PAULO,50.176.288/0001-28,"588,65",05/2017
 OTA,INTERMEDIADO - LOCAÇÃO DE VEÍCULOS,CAMARA MUNICIPAL DE SÃO PAULO,50.176.288/0001-28,"2.101,17",05/2017
 OTA,LOCAÇÃO DE MOVEIS E EQUIPAMENTOS,K2G SUPRIMENTOS DE IMPRESSÃO E INFORMATICA EIRELLI - ME,19.367.661/0001-88,"600,00",05/2017
 OTA,MATERIAL DE ESCRITORIO E OUTROS MATERIAIS DE CONSUMO,CENTER PAPEIS COMERCIAL LTDA.,06.226.820/0001-82,"323,40",05/2017
 OTA,MATERIAL DE ESCRITORIO E OUTROS MATERIAIS DE CONSUMO,K2G SUPRIMENTOS DE IMPRESSÃO E INFORMATICA EIRELLI - ME,19.367.661/0001-88,"189,90",05/2017
 OTA,TELEFONE MOVEL,NEXTEL TELECOMUNICAÇÕES LTDA,66.970.229/0001-67,"215,25",05/2017
 OTA,ASSINATURA DE JORNAIS E REVISTAS,S.A O ESTADO DE S. PAULO,61.533.949/0001-41,"68,90",06/2017
 OTA,COMBUSTIVEL,M MARTINEZ COMBUSTIVEIS ME,10.785.686/0001-27,"540,28",06/2017
 OTA,CONTRATAÇAO DE PESSOA JURIDICA,"KLEMP , DE PAULA SOCIEDADE DE ADVOGADOS",18.160.749/0001-61,"6.000,00",06/2017
 OTA,CONTRATAÇAO DE PESSOA JURIDICA,WORK LINE SYSTEM INFORMÁTICA LTDA,67.002.329/0001-62,"940,00",06/2017
 OTA,INTERMEDIADO - CORREIOS,CAMARA MUNICIPAL DE SÃO PAULO,50.176.288/0001-28,"88,75",06/2017
 OTA,INTERMEDIADO - LOCAÇÃO DE VEÍCULOS,CAMARA MUNICIPAL DE SÃO PAULO,50.176.288/0001-28,"2.101,17",06/2017
 OTA,LOCAÇÃO DE MOVEIS E EQUIPAMENTOS,K2G SUPRIMENTOS DE IMPRESSÃO E INFORMATICA EIRELLI - ME,19.367.661/0001-88,"600,00",06/2017
 OTA,MATERIAL DE ESCRITORIO E OUTROS MATERIAIS DE CONSUMO,CENTER PAPEIS COMERCIAL LTDA.,06.226.820/0001-82,"245,40",06/2017
 OTA,MATERIAL DE ESCRITORIO E OUTROS MATERIAIS DE CONSUMO,K2G SUPRIMENTOS DE IMPRESSÃO E INFORMATICA EIRELLI - ME,19.367.661/0001-88,"1.570,00",06/2017
 OTA,TELEFONE MOVEL,NEXTEL TELECOMUNICAÇÕES LTDA,66.970.229/0001-67,"224,24",06/2017
 OTA,ASSINATURA DE JORNAIS E REVISTAS,S.A O ESTADO DE S. PAULO,61.533.949/0001-41,"68,90",07/2017
 OTA,COMBUSTIVEL,M MARTINEZ COMBUSTIVEIS ME,10.785.686/0001-27,"539,55",07/2017
 OTA,CONTRATAÇAO DE PESSOA JURIDICA,"KLEMP , DE PAULA SOCIEDADE DE ADVOGADOS",18.160.749/0001-61,"6.000,00",07/2017
 OTA,CONTRATAÇAO DE PESSOA JURIDICA,WORK LINE SYSTEM INFORMÁTICA LTDA,67.002.329/0001-62,"940,00",07/2017
 OTA,INTERMEDIADO - CORREIOS,CAMARA MUNICIPAL DE SÃO PAULO,50.176.288/0001-28,"28,60",07/2017
 OTA,INTERMEDIADO - LOCAÇÃO DE VEÍCULOS,CAMARA MUNICIPAL DE SÃO PAULO,50.176.288/0001-28,"2.101,17",07/2017
 OTA,LOCAÇÃO DE MOVEIS E EQUIPAMENTOS,K2G SUPRIMENTOS DE IMPRESSÃO E INFORMATICA EIRELLI - ME,19.367.661/0001-88,"600,00",07/2017
 OTA,MATERIAL DE ESCRITORIO E OUTROS MATERIAIS DE CONSUMO,K2G SUPRIMENTOS DE IMPRESSÃO E INFORMATICA EIRELLI - ME,19.367.661/0001-88,"2.227,50",07/2017
 OTA,TELEFONE MOVEL,NEXTEL TELECOMUNICAÇÕES LTDA,66.970.229/0001-67,"223,86",07/2017
 OTA,ASSINATURA DE JORNAIS E REVISTAS,S.A O ESTADO DE S. PAULO,61.533.949/0001-41,"68,90",08/2017
 OTA,COMBUSTIVEL,M MARTINEZ COMBUSTIVEIS ME,10.785.686/0001-27,"652,72",08/2017
 OTA,CONTRATAÇAO DE PESSOA JURIDICA,"KLEMP , DE PAULA SOCIEDADE DE ADVOGADOS",18.160.749/0001-61,"6.000,00",08/2017
 OTA,CONTRATAÇAO DE PESSOA JURIDICA,WORK LINE SYSTEM INFORMÁTICA LTDA,67.002.329/0001-62,"940,00",08/2017
 OTA,EVENTOS/SEMINARIOS,ARTE LU E RO GRAFICA EIRELI,18.588.528/0001-99,"580,00",08/2017
 OTA,INTERMEDIADO - CORREIOS,CAMARA MUNICIPAL DE SÃO PAULO,50.176.288/0001-28,"307,74",08/2017
 OTA,INTERMEDIADO - LOCAÇÃO DE VEÍCULOS,CAMARA MUNICIPAL DE SÃO PAULO,50.176.288/0001-28,"2.101,17",08/2017
 OTA,LOCAÇÃO DE MOVEIS E EQUIPAMENTOS,K2G SUPRIMENTOS DE IMPRESSÃO E INFORMATICA EIRELLI - ME,19.367.661/0001-88,"600,00",08/2017
 OTA,MATERIAL DE ESCRITORIO E OUTROS MATERIAIS DE CONSUMO,CENTER PAPEIS COMERCIAL LTDA.,06.226.820/0001-82,"138,60",08/2017
 OTA,MATERIAL DE ESCRITORIO E OUTROS MATERIAIS DE CONSUMO,K2G SUPRIMENTOS DE IMPRESSÃO E INFORMATICA EIRELLI - ME,19.367.661/0001-88,"847,50",08/2017
 OTA,TELEFONE MOVEL,NEXTEL TELECOMUNICAÇÕES LTDA,66.970.229/0001-67,"230,67",08/2017
 OTA,ASSINATURA DE JORNAIS E REVISTAS,S.A O ESTADO DE S. PAULO,61.533.949/0001-41,"137,80",09/2017
 OTA,COMPOSIÇÃO/ARTE/DIAGRAMAÇÃO/PRODUÇÃO/IMPRESSAO GRAFICA,IRISARA COMÉRCIO E SERVIÇOS LTDA.,10.376.277/0001-77,"1.080,00",09/2017
 OTA,CONTRATAÇAO DE PESSOA JURIDICA,"KLEMP , DE PAULA SOCIEDADE DE ADVOGADOS",18.160.749/0001-61,"6.000,00",09/2017
 OTA,CONTRATAÇAO DE PESSOA JURIDICA,WORK LINE SYSTEM INFORMÁTICA LTDA,67.002.329/0001-62,"940,00",09/2017
 OTA,INTERMEDIADO - CORREIOS,CAMARA MUNICIPAL DE SÃO PAULO,50.176.288/0001-28,"129,75",09/2017
 OTA,INTERMEDIADO - LOCAÇÃO DE VEÍCULOS,CAMARA MUNICIPAL DE SÃO PAULO,50.176.288/0001-28,"2.101,17",09/2017
 OTA,LOCAÇÃO DE MOVEIS E EQUIPAMENTOS,K2G SUPRIMENTOS DE IMPRESSÃO E INFORMATICA EIRELLI - ME,19.367.661/0001-88,"600,00",09/2017
 OTA,TELEFONE MOVEL,NEXTEL TELECOMUNICAÇÕES LTDA,66.970.229/0001-67,"221,27",09/2017
 OTA,ASSINATURA DE JORNAIS E REVISTAS,S.A O ESTADO DE S. PAULO,61.533.949/0001-41,"68,90",10/2017
 OTA,COMBUSTIVEL,M MARTINEZ COMBUSTIVEIS ME,10.785.686/0001-27,"841,39",10/2017
 OTA,CONTRATAÇAO DE PESSOA JURIDICA,"KLEMP , DE PAULA SOCIEDADE DE ADVOGADOS",18.160.749/0001-61,"6.000,00",10/2017
 OTA,CONTRATAÇAO DE PESSOA JURIDICA,WORK LINE SYSTEM INFORMÁTICA LTDA,67.002.329/0001-62,"940,00",10/2017
 OTA,INTERMEDIADO - CORREIOS,CAMARA MUNICIPAL DE SÃO PAULO,50.176.288/0001-28,"154,70",10/2017
 OTA,INTERMEDIADO - LOCAÇÃO DE VEÍCULOS,CAMARA MUNICIPAL DE SÃO PAULO,50.176.288/0001-28,"2.101,17",10/2017
 OTA,LOCAÇÃO DE MOVEIS E EQUIPAMENTOS,K2G SUPRIMENTOS DE IMPRESSÃO E INFORMATICA EIRELLI - ME,19.367.661/0001-88,"600,00",10/2017
 OTA,MATERIAL DE ESCRITORIO E OUTROS MATERIAIS DE CONSUMO,CENTER PAPEIS COMERCIAL LTDA.,06.226.820/0001-82,"259,60",10/2017
 OTA,MATERIAL DE ESCRITORIO E OUTROS MATERIAIS DE CONSUMO,K2G SUPRIMENTOS DE IMPRESSÃO E INFORMATICA EIRELLI - ME,19.367.661/0001-88,"663,00",10/2017
 OTA,REPROGRAFIA (XEROX/ENCADERNAÇÃO),IRISARA COMÉRCIO E SERVIÇOS LTDA.,10.376.277/0001-77,"650,00",10/2017
 OTA,TELEFONE MOVEL,NEXTEL TELECOMUNICAÇÕES LTDA,66.970.229/0001-67,"246,92",10/2017
 OTA,ASSINATURA DE JORNAIS E REVISTAS,S.A O ESTADO DE S. PAULO,61.533.949/0001-41,"68,90",11/2017
 OTA,COMBUSTIVEL,M MARTINEZ COMBUSTIVEIS ME,10.785.686/0001-27,"567,24",11/2017
 OTA,COMPOSIÇÃO/ARTE/DIAGRAMAÇÃO/PRODUÇÃO/IMPRESSAO GRAFICA,IRISARA COMÉRCIO E SERVIÇOS LTDA.,10.376.277/0001-77,"845,00",11/2017
 OTA,CONTRATAÇAO DE PESSOA JURIDICA,"KLEMP , DE PAULA SOCIEDADE DE ADVOGADOS",18.160.749/0001-61,"6.000,00",11/2017
 OTA,CONTRATAÇAO DE PESSOA JURIDICA,WORK LINE SYSTEM INFORMÁTICA LTDA,67.002.329/0001-62,"1.860,00",11/2017
 OTA,INTERMEDIADO - CORREIOS,CAMARA MUNICIPAL DE SÃO PAULO,50.176.288/0001-28,"62,50",11/2017
 OTA,INTERMEDIADO - LOCAÇÃO DE VEÍCULOS,CAMARA MUNICIPAL DE SÃO PAULO,50.176.288/0001-28,"2.101,17",11/2017
 OTA,LOCAÇÃO DE MOVEIS E EQUIPAMENTOS,K2G SUPRIMENTOS DE IMPRESSÃO E INFORMATICA EIRELLI - ME,19.367.661/0001-88,"600,00",11/2017
 OTA,MATERIAL DE ESCRITORIO E OUTROS MATERIAIS DE CONSUMO,CENTER PAPEIS COMERCIAL LTDA.,06.226.820/0001-82,"107,30",11/2017
 OTA,TELEFONE MOVEL,NEXTEL TELECOMUNICAÇÕES LTDA,66.970.229/0001-67,"195,60",11/2017
 OTA,ASSINATURA DE JORNAIS E REVISTAS,S.A O ESTADO DE S. PAULO,61.533.949/0001-41,"68,90",12/2017
 OTA,COMBUSTIVEL,M MARTINEZ COMBUSTIVEIS ME,10.785.686/0001-27,"363,94",12/2017
 OTA,CONTRATAÇAO DE PESSOA JURIDICA,"KLEMP , DE PAULA SOCIEDADE DE ADVOGADOS",18.160.749/0001-61,"6.000,00",12/2017
 OTA,CONTRATAÇAO DE PESSOA JURIDICA,WORK LINE SYSTEM INFORMÁTICA LTDA,67.002.329/0001-62,"940,00",12/2017
 OTA,INTERMEDIADO - CORREIOS,CAMARA MUNICIPAL DE SÃO PAULO,50.176.288/0001-28,"24.449,40",12/2017
 OTA,INTERMEDIADO - LOCAÇÃO DE VEÍCULOS,CAMARA MUNICIPAL DE SÃO PAULO,50.176.288/0001-28,"2.101,17",12/2017
 OTA,LOCAÇÃO DE MOVEIS E EQUIPAMENTOS,K2G SUPRIMENTOS DE IMPRESSÃO E INFORMATICA EIRELLI - ME,19.367.661/0001-88,"600,00",12/2017
 OTA,MATERIAL DE ESCRITORIO E OUTROS MATERIAIS DE CONSUMO,K2G SUPRIMENTOS DE IMPRESSÃO E INFORMATICA EIRELLI - ME,19.367.661/0001-88,"658,00",12/2017
 OTA,TELEFONE MOVEL,NEXTEL TELECOMUNICAÇÕES LTDA,66.970.229/0001-67,"213,75",12/2017
 OTA,ASSINATURA DE JORNAIS E REVISTAS,S.A O ESTADO DE S. PAULO,61.533.949/0001-41,"68,90",01/2018
 OTA,COMPOSIÇÃO/ARTE/DIAGRAMAÇÃO/PRODUÇÃO/IMPRESSAO GRAFICA,IRISARA COMÉRCIO E SERVIÇOS LTDA.,10.376.277/0001-77,"1.014,00",01/2018
 OTA,CONTRATAÇAO DE PESSOA JURIDICA,"KLEMP , DE PAULA SOCIEDADE DE ADVOGADOS",18.160.749/0001-61,"6.000,00",01/2018
 OTA,CONTRATAÇAO DE PESSOA JURIDICA,WORK LINE SYSTEM INFORMÁTICA LTDA,67.002.329/0001-62,"970,00",01/2018
 OTA,INTERMEDIADO - CORREIOS,CAMARA MUNICIPAL DE SÃO PAULO,50.176.288/0001-28,"7.252,51",01/2018
 OTA,INTERMEDIADO - LOCAÇÃO DE VEÍCULOS,CAMARA MUNICIPAL DE SÃO PAULO,50.176.288/0001-28,"2.137,42",01/2018
 OTA,LOCAÇÃO DE MOVEIS E EQUIPAMENTOS,K2G SUPRIMENTOS DE IMPRESSÃO E INFORMATICA EIRELLI - ME,19.367.661/0001-88,"600,00",01/2018
 OTA,MATERIAL DE ESCRITORIO E OUTROS MATERIAIS DE CONSUMO,KALUNGA COM. E IND. GRÁFICA LTDA,43.283.811/0177-10,"87,20",01/2018
 OTA,TELEFONE MOVEL,NEXTEL TELECOMUNICAÇÕES LTDA,66.970.229/0001-67,"193,62",01/2018
 OTA,ASSINATURA DE JORNAIS E REVISTAS,S.A O ESTADO DE S. PAULO,61.533.949/0001-41,"68,90",02/2018
 OTA,COMBUSTIVEL,M MARTINEZ COMBUSTIVEIS ME,10.785.686/0001-27,"424,48",02/2018
 OTA,COMPOSIÇÃO/ARTE/DIAGRAMAÇÃO/PRODUÇÃO/IMPRESSAO GRAFICA,IRISARA COMÉRCIO E SERVIÇOS LTDA.,10.376.277/0001-77,"845,00",02/2018
 OTA,CONTRATAÇAO DE PESSOA JURIDICA,"KLEMP , DE PAULA SOCIEDADE DE ADVOGADOS",18.160.749/0001-61,"6.000,00",02/2018
 OTA,CONTRATAÇAO DE PESSOA JURIDICA,WORK LINE SYSTEM INFORMÁTICA LTDA,67.002.329/0001-62,"970,00",02/2018
 OTA,INTERMEDIADO - CORREIOS,CAMARA MUNICIPAL DE SÃO PAULO,50.176.288/0001-28,"521,18",02/2018
 OTA,INTERMEDIADO - LOCAÇÃO DE VEÍCULOS,CAMARA MUNICIPAL DE SÃO PAULO,50.176.288/0001-28,"2.148,45",02/2018
 OTA,LOCAÇÃO DE MOVEIS E EQUIPAMENTOS,K2G SUPRIMENTOS DE IMPRESSÃO E INFORMATICA EIRELLI - ME,19.367.661/0001-88,"600,00",02/2018
 OTA,MATERIAL DE ESCRITORIO E OUTROS MATERIAIS DE CONSUMO,K2G SUPRIMENTOS DE IMPRESSÃO E INFORMATICA EIRELLI - ME,19.367.661/0001-88,"185,00",02/2018
 OTA,TELEFONE MOVEL,NEXTEL TELECOMUNICAÇÕES LTDA,66.970.229/0001-67,"252,85",02/2018
 OTA,ASSINATURA DE JORNAIS E REVISTAS,EDITORA GLOBO S/A,04.067.191/0001-60,"69,80",03/2018
 OTA,ASSINATURA DE JORNAIS E REVISTAS,EDITORA GLOBO S.A. PARQUE GRÁFICO,04.067.191/0007-55,"279,20",03/2018
 OTA,ASSINATURA DE JORNAIS E REVISTAS,S.A O ESTADO DE S. PAULO,61.533.949/0001-41,"89,90",03/2018
 OTA,COMBUSTIVEL,M MARTINEZ COMBUSTIVEIS ME,10.785.686/0001-27,"416,62",03/2018
 OTA,COMPOSIÇÃO/ARTE/DIAGRAMAÇÃO/PRODUÇÃO/IMPRESSAO GRAFICA,IRISARA COMÉRCIO E SERVIÇOS LTDA.,10.376.277/0001-77,"3.968,00",03/2018
 OTA,CONTRATAÇAO DE PESSOA JURIDICA,"KLEMP , DE PAULA SOCIEDADE DE ADVOGADOS",18.160.749/0001-61,"6.000,00",03/2018
 OTA,CONTRATAÇAO DE PESSOA JURIDICA,WORK LINE SYSTEM INFORMÁTICA LTDA,67.002.329/0001-62,"970,00",03/2018
 OTA,INTERMEDIADO - CORREIOS,CAMARA MUNICIPAL DE SÃO PAULO,50.176.288/0001-28,"156,37",03/2018
 OTA,INTERMEDIADO - LOCAÇÃO DE VEÍCULOS,CAMARA MUNICIPAL DE SÃO PAULO,50.176.288/0001-28,"2.148,45",03/2018
 OTA,LOCAÇÃO DE MOVEIS E EQUIPAMENTOS,K2G SUPRIMENTOS DE IMPRESSÃO E INFORMATICA EIRELLI - ME,19.367.661/0001-88,"600,00",03/2018
 OTA,MATERIAL DE ESCRITORIO E OUTROS MATERIAIS DE CONSUMO,CENTER PAPEIS COMERCIAL LTDA.,06.226.820/0001-82,"299,65",03/2018
 OTA,TELEFONE MOVEL,NEXTEL TELECOMUNICAÇÕES LTDA,66.970.229/0001-67,"205,58",03/2018
 OTA,ASSINATURA DE JORNAIS E REVISTAS,EMPRESA FOLHA DA MANHÃ S.A.,60.579.703/0031-63,"1.199,40",04/2018
 OTA,ASSINATURA DE JORNAIS E REVISTAS,S.A O ESTADO DE S. PAULO,61.533.949/0001-41,"89,90",04/2018
 OTA,COMBUSTIVEL,M MARTINEZ COMBUSTIVEIS ME,10.785.686/0001-27,"303,08",04/2018
 OTA,COMPOSIÇÃO/ARTE/DIAGRAMAÇÃO/PRODUÇÃO/IMPRESSAO GRAFICA,IRISARA COMÉRCIO E SERVIÇOS LTDA.,10.376.277/0001-77,"3.760,10",04/2018
 OTA,CONTRATAÇAO DE PESSOA JURIDICA,"KLEMP , DE PAULA SOCIEDADE DE ADVOGADOS",18.160.749/0001-61,"6.000,00",04/2018
 OTA,CONTRATAÇAO DE PESSOA JURIDICA,WORK LINE SYSTEM INFORMÁTICA LTDA,67.002.329/0001-62,"970,00",04/2018
 OTA,INTERMEDIADO - CORREIOS,CAMARA MUNICIPAL DE SÃO PAULO,50.176.288/0001-28,"65,64",04/2018
 OTA,INTERMEDIADO - LOCAÇÃO DE VEÍCULOS,CAMARA MUNICIPAL DE SÃO PAULO,50.176.288/0001-28,"2.148,45",04/2018
 OTA,LOCAÇÃO DE MOVEIS E EQUIPAMENTOS,K2G SUPRIMENTOS DE IMPRESSÃO E INFORMATICA EIRELLI - ME,19.367.661/0001-88,"600,00",04/2018
 OTA,MATERIAL DE ESCRITORIO E OUTROS MATERIAIS DE CONSUMO,CENTER PAPEIS COMERCIAL LTDA.,06.226.820/0001-82,"107,45",04/2018
 OTA,MATERIAL DE ESCRITORIO E OUTROS MATERIAIS DE CONSUMO,K2G SUPRIMENTOS DE IMPRESSÃO E INFORMATICA EIRELLI - ME,19.367.661/0001-88,"545,00",04/2018
 OTA,TELEFONE MOVEL,NEXTEL TELECOMUNICAÇÕES LTDA,66.970.229/0001-67,"226,27",04/2018
 OTA,ASSINATURA DE JORNAIS E REVISTAS,S.A O ESTADO DE S. PAULO,61.533.949/0001-41,"89,90",05/2018
 OTA,COMBUSTIVEL,M MARTINEZ COMBUSTIVEIS ME,10.785.686/0001-27,"374,26",05/2018
 OTA,CONTRATAÇAO DE PESSOA JURIDICA,"KLEMP , DE PAULA SOCIEDADE DE ADVOGADOS",18.160.749/0001-61,"6.000,00",05/2018
 OTA,CONTRATAÇAO DE PESSOA JURIDICA,WORK LINE SYSTEM INFORMÁTICA LTDA,67.002.329/0001-62,"970,00",05/2018
 OTA,INTERMEDIADO - CORREIOS,CAMARA MUNICIPAL DE SÃO PAULO,50.176.288/0001-28,"1.944,78",05/2018
 OTA,INTERMEDIADO - LOCAÇÃO DE VEÍCULOS,CAMARA MUNICIPAL DE SÃO PAULO,50.176.288/0001-28,"2.148,45",05/2018
 OTA,LOCAÇÃO DE MOVEIS E EQUIPAMENTOS,K2G SUPRIMENTOS DE IMPRESSÃO E INFORMATICA EIRELLI - ME,19.367.661/0001-88,"600,00",05/2018
 OTA,MATERIAL DE ESCRITORIO E OUTROS MATERIAIS DE CONSUMO,CENTER PAPEIS COMERCIAL LTDA.,06.226.820/0001-82,"121,90",05/2018
 OTA,MATERIAL DE ESCRITORIO E OUTROS MATERIAIS DE CONSUMO,K2G SUPRIMENTOS DE IMPRESSÃO E INFORMATICA EIRELLI - ME,19.367.661/0001-88,"1.336,00",05/2018
 OTA,TELEFONE MOVEL,NEXTEL TELECOMUNICAÇÕES LTDA,66.970.229/0001-67,"235,42",05/2018
 OTA,ASSINATURA DE JORNAIS E REVISTAS,S.A O ESTADO DE S. PAULO,61.533.949/0001-41,"89,90",06/2018
 OTA,COMBUSTIVEL,M MARTINEZ COMBUSTIVEIS ME,10.785.686/0001-27,"557,90",06/2018
 OTA,COMPOSIÇÃO/ARTE/DIAGRAMAÇÃO/PRODUÇÃO/IMPRESSAO GRAFICA,IRISARA COMÉRCIO E SERVIÇOS LTDA.,10.376.277/0001-77,"175,00",06/2018
 OTA,CONTRATAÇAO DE PESSOA JURIDICA,"KLEMP , DE PAULA SOCIEDADE DE ADVOGADOS",18.160.749/0001-61,"6.000,00",06/2018
 OTA,CONTRATAÇAO DE PESSOA JURIDICA,WORK LINE SYSTEM INFORMÁTICA LTDA,67.002.329/0001-62,"970,00",06/2018
 OTA,INTERMEDIADO - CORREIOS,CAMARA MUNICIPAL DE SÃO PAULO,50.176.288/0001-28,"187,61",06/2018
 OTA,INTERMEDIADO - LOCAÇÃO DE VEÍCULOS,CAMARA MUNICIPAL DE SÃO PAULO,50.176.288/0001-28,"2.148,45",06/2018
 OTA,LOCAÇÃO DE MOVEIS E EQUIPAMENTOS,K2G SUPRIMENTOS DE IMPRESSÃO E INFORMATICA EIRELLI - ME,19.367.661/0001-88,"600,00",06/2018
 OTA,MATERIAL DE ESCRITORIO E OUTROS MATERIAIS DE CONSUMO,GABARITO COM. DE PLACAS E CARIMBOS LTDA-ME,07.487.821/0001-43,"60,00",06/2018
 OTA,REPROGRAFIA (XEROX/ENCADERNAÇÃO),IRISARA COMÉRCIO E SERVIÇOS LTDA.,10.376.277/0001-77,"850,00",06/2018
 OTA,TELEFONE MOVEL,NEXTEL TELECOMUNICAÇÕES LTDA,66.970.229/0001-67,"212,19",06/2018
 OTA,ASSINATURA DE JORNAIS E REVISTAS,S.A O ESTADO DE S. PAULO,61.533.949/0001-41,"89,90",07/2018
 OTA,COMBUSTIVEL,M MARTINEZ COMBUSTIVEIS ME,10.785.686/0001-27,"1.193,13",07/2018
 OTA,CONTRATAÇAO DE PESSOA JURIDICA,"KLEMP , DE PAULA SOCIEDADE DE ADVOGADOS",18.160.749/0001-61,"6.000,00",07/2018
 OTA,CONTRATAÇAO DE PESSOA JURIDICA,WORK LINE SYSTEM INFORMÁTICA LTDA,67.002.329/0001-62,"970,00",07/2018
 OTA,INTERMEDIADO - CORREIOS,CAMARA MUNICIPAL DE SÃO PAULO,50.176.288/0001-28,"211,23",07/2018
 OTA,INTERMEDIADO - LOCAÇÃO DE VEÍCULOS,CAMARA MUNICIPAL DE SÃO PAULO,50.176.288/0001-28,"2.148,45",07/2018
 OTA,LOCAÇÃO DE MOVEIS E EQUIPAMENTOS,K2G SUPRIMENTOS DE IMPRESSÃO E INFORMATICA EIRELLI - ME,19.367.661/0001-88,"1.085,00",07/2018
 OTA,MATERIAL DE ESCRITORIO E OUTROS MATERIAIS DE CONSUMO,K2G SUPRIMENTOS DE IMPRESSÃO E INFORMATICA EIRELLI - ME,19.367.661/0001-88,"702,50",07/2018
 OTA,TELEFONE MOVEL,NEXTEL TELECOMUNICAÇÕES LTDA,66.970.229/0001-67,"191,38",07/2018
 OTA,ASSINATURA DE JORNAIS E REVISTAS,S.A O ESTADO DE S. PAULO,61.533.949/0001-41,"89,90",08/2018
 OTA,COMBUSTIVEL,M MARTINEZ COMBUSTIVEIS ME,10.785.686/0001-27,"1.622,04",08/2018
 OTA,COMPOSIÇÃO/ARTE/DIAGRAMAÇÃO/PRODUÇÃO/IMPRESSAO GRAFICA,IDEIAS SOLUÇÕES ARTES GRÁFICAS LTDA ME,07.489.168/0001-51,"3.240,00",08/2018
 OTA,CONTRATAÇAO DE PESSOA JURIDICA,"KLEMP , DE PAULA SOCIEDADE DE ADVOGADOS",18.160.749/0001-61,"6.000,00",08/2018
 OTA,CONTRATAÇAO DE PESSOA JURIDICA,WORK LINE SYSTEM INFORMÁTICA LTDA,67.002.329/0001-62,"970,00",08/2018
 OTA,INTERMEDIADO - CORREIOS,CAMARA MUNICIPAL DE SÃO PAULO,50.176.288/0001-28,"350,93",08/2018
 OTA,INTERMEDIADO - LOCAÇÃO DE VEÍCULOS,CAMARA MUNICIPAL DE SÃO PAULO,50.176.288/0001-28,"2.148,45",08/2018
 OTA,LOCAÇÃO DE MOVEIS E EQUIPAMENTOS,K2G SUPRIMENTOS DE IMPRESSÃO E INFORMATICA EIRELLI - ME,19.367.661/0001-88,"1.085,00",08/2018
 OTA,REPROGRAFIA (XEROX/ENCADERNAÇÃO),IRISARA COMÉRCIO E SERVIÇOS LTDA.,10.376.277/0001-77,"180,00",08/2018
 OTA,TELEFONE MOVEL,NEXTEL TELECOMUNICAÇÕES LTDA,66.970.229/0001-67,"192,97",08/2018
 OTA,ASSINATURA DE JORNAIS E REVISTAS,S.A O ESTADO DE S. PAULO,61.533.949/0001-41,"89,90",09/2018
 OTA,COMBUSTIVEL,M MARTINEZ COMBUSTIVEIS ME,10.785.686/0001-27,"595,42",09/2018
 OTA,COMPOSIÇÃO/ARTE/DIAGRAMAÇÃO/PRODUÇÃO/IMPRESSAO GRAFICA,IRISARA COMÉRCIO E SERVIÇOS LTDA.,10.376.277/0001-77,"2.769,00",09/2018
 OTA,CONTRATAÇAO DE PESSOA JURIDICA,"KLEMP , DE PAULA SOCIEDADE DE ADVOGADOS",18.160.749/0001-61,"6.000,00",09/2018
 OTA,CONTRATAÇAO DE PESSOA JURIDICA,WORK LINE SYSTEM INFORMÁTICA LTDA,67.002.329/0001-62,"970,00",09/2018
 OTA,INTERMEDIADO - CORREIOS,CAMARA MUNICIPAL DE SÃO PAULO,50.176.288/0001-28,"4.925,82",09/2018
 OTA,INTERMEDIADO - LOCAÇÃO DE VEÍCULOS,CAMARA MUNICIPAL DE SÃO PAULO,50.176.288/0001-28,"2.148,45",09/2018
 OTA,LOCAÇÃO DE MOVEIS E EQUIPAMENTOS,K2G SUPRIMENTOS DE IMPRESSÃO E INFORMATICA EIRELLI - ME,19.367.661/0001-88,"485,00",09/2018
 OTA,MATERIAL DE ESCRITORIO E OUTROS MATERIAIS DE CONSUMO,CENTER PAPEIS COMERCIAL LTDA.,06.226.820/0001-82,"230,35",09/2018
 OTA,MATERIAL DE ESCRITORIO E OUTROS MATERIAIS DE CONSUMO,K2G SUPRIMENTOS DE IMPRESSÃO E INFORMATICA EIRELLI - ME,19.367.661/0001-88,"1.019,00",09/2018
 OTA,REPROGRAFIA (XEROX/ENCADERNAÇÃO),IRISARA COMÉRCIO E SERVIÇOS LTDA.,10.376.277/0001-77,"1.100,00",09/2018
 OTA,TELEFONE MOVEL,NEXTEL TELECOMUNICAÇÕES LTDA,66.970.229/0001-67,"191,55",09/2018
 OTA,ASSINATURA DE JORNAIS E REVISTAS,ABRIL COMUNICAÇÕES S/A,44.597.052/0079-22,"746,76",10/2018
 OTA,COMBUSTIVEL,M MARTINEZ COMBUSTIVEIS ME,10.785.686/0001-27,"1.360,26",10/2018
 OTA,COMBUSTIVEL,POSTO DE SERVIÇOS CCS LTDA,52.661.501/0001-12,"188,90",10/2018
 OTA,COMPOSIÇÃO/ARTE/DIAGRAMAÇÃO/PRODUÇÃO/IMPRESSAO GRAFICA,IDEIAS SOLUÇÕES ARTES GRÁFICAS LTDA ME,07.489.168/0001-51,"4.695,30",10/2018
 OTA,CONTRATAÇAO DE PESSOA JURIDICA,"KLEMP , DE PAULA SOCIEDADE DE ADVOGADOS",18.160.749/0001-61,"6.000,00",10/2018
 OTA,CONTRATAÇAO DE PESSOA JURIDICA,WORK LINE SYSTEM INFORMÁTICA LTDA,67.002.329/0001-62,"2.000,00",10/2018
 OTA,INTERMEDIADO - CORREIOS,CAMARA MUNICIPAL DE SÃO PAULO,50.176.288/0001-28,"64,55",10/2018
 OTA,INTERMEDIADO - LOCAÇÃO DE VEÍCULOS,CAMARA MUNICIPAL DE SÃO PAULO,50.176.288/0001-28,"2.148,45",10/2018
 OTA,LOCAÇÃO DE MOVEIS E EQUIPAMENTOS,K2G SUPRIMENTOS DE IMPRESSÃO E INFORMATICA EIRELLI - ME,19.367.661/0001-88,"485,00",10/2018
 OTA,MATERIAL DE ESCRITORIO E OUTROS MATERIAIS DE CONSUMO,K2G SUPRIMENTOS DE IMPRESSÃO E INFORMATICA EIRELLI - ME,19.367.661/0001-88,"2.729,80",10/2018
 OTA,TELEFONE MOVEL,NEXTEL TELECOMUNICAÇÕES LTDA,66.970.229/0001-67,"191,88",10/2018
 OTA,ASSINATURA DE JORNAIS E REVISTAS,S.A O ESTADO DE S. PAULO,61.533.949/0001-41,"89,90",11/2018
 OTA,COMBUSTIVEL,M MARTINEZ COMBUSTIVEIS ME,10.785.686/0001-27,"840,00",11/2018
 OTA,CONTRATAÇAO DE PESSOA JURIDICA,"KLEMP , DE PAULA SOCIEDADE DE ADVOGADOS",18.160.749/0001-61,"6.000,00",11/2018
 OTA,CONTRATAÇAO DE PESSOA JURIDICA,WORK LINE SYSTEM INFORMÁTICA LTDA,67.002.329/0001-62,"970,00",11/2018
 OTA,INTERMEDIADO - CORREIOS,CAMARA MUNICIPAL DE SÃO PAULO,50.176.288/0001-28,"53,45",11/2018
 OTA,INTERMEDIADO - LOCAÇÃO DE VEÍCULOS,CAMARA MUNICIPAL DE SÃO PAULO,50.176.288/0001-28,"2.148,45",11/2018
 OTA,LOCAÇÃO DE MOVEIS E EQUIPAMENTOS,K2G SUPRIMENTOS DE IMPRESSÃO E INFORMATICA EIRELLI - ME,19.367.661/0001-88,"485,00",11/2018
 OTA,MATERIAL DE ESCRITORIO E OUTROS MATERIAIS DE CONSUMO,K2G SUPRIMENTOS DE IMPRESSÃO E INFORMATICA EIRELLI - ME,19.367.661/0001-88,"461,00",11/2018
 OTA,TELEFONE MOVEL,NEXTEL TELECOMUNICAÇÕES LTDA,66.970.229/0001-67,"191,88",11/2018
 OTA,ASSINATURA DE JORNAIS E REVISTAS,S.A O ESTADO DE S. PAULO,61.533.949/0001-41,"89,90",12/2018
 OTA,COMBUSTIVEL,M MARTINEZ COMBUSTIVEIS ME,10.785.686/0001-27,"729,28",12/2018
 OTA,COMPOSIÇÃO/ARTE/DIAGRAMAÇÃO/PRODUÇÃO/IMPRESSAO GRAFICA,IDEIAS SOLUÇÕES ARTES GRÁFICAS LTDA ME,07.489.168/0001-51,"7.200,00",12/2018
 OTA,CONTRATAÇAO DE PESSOA JURIDICA,"KLEMP , DE PAULA SOCIEDADE DE ADVOGADOS",18.160.749/0001-61,"6.000,00",12/2018
 OTA,CONTRATAÇAO DE PESSOA JURIDICA,WORK LINE SYSTEM INFORMÁTICA LTDA,67.002.329/0001-62,"1.982,00",12/2018
 OTA,INTERMEDIADO - CORREIOS,CAMARA MUNICIPAL DE SÃO PAULO,50.176.288/0001-28,"38.335,61",12/2018
 OTA,INTERMEDIADO - LOCAÇÃO DE VEÍCULOS,CAMARA MUNICIPAL DE SÃO PAULO,50.176.288/0001-28,"2.148,45",12/2018
 OTA,LOCAÇÃO DE MOVEIS E EQUIPAMENTOS,K2G SUPRIMENTOS DE IMPRESSÃO E INFORMATICA EIRELLI - ME,19.367.661/0001-88,"485,00",12/2018
 OTA,MATERIAL DE ESCRITORIO E OUTROS MATERIAIS DE CONSUMO,CENTER PAPEIS COMERCIAL LTDA.,06.226.820/0001-82,"177,55",12/2018
 OTA,MATERIAL DE ESCRITORIO E OUTROS MATERIAIS DE CONSUMO,K2G SUPRIMENTOS DE IMPRESSÃO E INFORMATICA EIRELLI - ME,19.367.661/0001-88,"870,00",12/2018
 OTA,TELEFONE MOVEL,NEXTEL TELECOMUNICAÇÕES LTDA,66.970.229/0001-67,"196,10",12/2018
 OTA,ASSINATURA DE JORNAIS E REVISTAS,S.A O ESTADO DE S. PAULO,61.533.949/0001-41,"89,90",01/2019
 OTA,COMBUSTIVEL,M MARTINEZ COMBUSTIVEIS ME,10.785.686/0001-27,"556,44",01/2019
 OTA,CONTRATAÇAO DE PESSOA JURIDICA,"KLEMP , DE PAULA SOCIEDADE DE ADVOGADOS",18.160.749/0001-61,"6.000,00",01/2019
 OTA,CONTRATAÇAO DE PESSOA JURIDICA,WORK LINE SYSTEM INFORMÁTICA LTDA,67.002.329/0001-62,"980,00",01/2019
 OTA,INTERMEDIADO - CORREIOS,CAMARA MUNICIPAL DE SÃO PAULO,50.176.288/0001-28,"1.089,67",01/2019
 OTA,INTERMEDIADO - LOCAÇÃO DE VEÍCULOS,CAMARA MUNICIPAL DE SÃO PAULO,50.176.288/0001-28,"2.199,17",01/2019
 OTA,LOCAÇÃO DE MOVEIS E EQUIPAMENTOS,K2G SUPRIMENTOS DE IMPRESSÃO E INFORMATICA EIRELLI - ME,19.367.661/0001-88,"485,00",01/2019
 OTA,MATERIAL DE ESCRITORIO E OUTROS MATERIAIS DE CONSUMO,K2G SUPRIMENTOS DE IMPRESSÃO E INFORMATICA EIRELLI - ME,19.367.661/0001-88,"1.406,40",01/2019
 OTA,TELEFONE MOVEL,NEXTEL TELECOMUNICAÇÕES LTDA,66.970.229/0001-67,"191,00",01/2019
 OTA,ASSINATURA DE JORNAIS E REVISTAS,S.A O ESTADO DE S. PAULO,61.533.949/0001-41,"89,90",02/2019
 OTA,COMBUSTIVEL,M MARTINEZ COMBUSTIVEIS ME,10.785.686/0001-27,"1.204,11",02/2019
 OTA,COMPOSIÇÃO/ARTE/DIAGRAMAÇÃO/PRODUÇÃO/IMPRESSAO GRAFICA,IDEIAS SOLUÇÕES ARTES GRÁFICAS LTDA ME,07.489.168/0001-51,"330,00",02/2019
 OTA,CONTRATAÇAO DE PESSOA JURIDICA,"KLEMP , DE PAULA SOCIEDADE DE ADVOGADOS",18.160.749/0001-61,"6.000,00",02/2019
 OTA,CONTRATAÇAO DE PESSOA JURIDICA,WORK LINE SYSTEM INFORMÁTICA LTDA,67.002.329/0001-62,"980,00",02/2019
 OTA,INTERMEDIADO - CORREIOS,CAMARA MUNICIPAL DE SÃO PAULO,50.176.288/0001-28,"179,49",02/2019
 OTA,INTERMEDIADO - LOCAÇÃO DE VEÍCULOS,CAMARA MUNICIPAL DE SÃO PAULO,50.176.288/0001-28,"2.214,62",02/2019
 OTA,LOCAÇÃO DE MOVEIS E EQUIPAMENTOS,K2G SUPRIMENTOS DE IMPRESSÃO E INFORMATICA EIRELLI - ME,19.367.661/0001-88,"485,00",02/2019
 OTA,TELEFONE MOVEL,NEXTEL TELECOMUNICAÇÕES LTDA,66.970.229/0001-67,"193,60",02/2019
 OTA,ASSINATURA DE JORNAIS E REVISTAS,EMPRESA FOLHA DA MANHÃ S.A.,60.579.703/0031-63,"1.313,40",03/2019
 OTA,ASSINATURA DE JORNAIS E REVISTAS,S.A O ESTADO DE S. PAULO,61.533.949/0001-41,"102,90",03/2019
 OTA,COMBUSTIVEL,M MARTINEZ COMBUSTIVEIS ME,10.785.686/0001-27,"1.188,34",03/2019
 OTA,CONTRATAÇAO DE PESSOA JURIDICA,"KLEMP , DE PAULA SOCIEDADE DE ADVOGADOS",18.160.749/0001-61,"6.000,00",03/2019
 OTA,CONTRATAÇAO DE PESSOA JURIDICA,WORK LINE SYSTEM INFORMÁTICA LTDA,67.002.329/0001-62,"980,00",03/2019
 OTA,INTERMEDIADO - CORREIOS,CAMARA MUNICIPAL DE SÃO PAULO,50.176.288/0001-28,"407,81",03/2019
 OTA,INTERMEDIADO - LOCAÇÃO DE VEÍCULOS,CAMARA MUNICIPAL DE SÃO PAULO,50.176.288/0001-28,"2.214,62",03/2019
 OTA,LOCAÇÃO DE MOVEIS E EQUIPAMENTOS,K2G SUPRIMENTOS DE IMPRESSÃO E INFORMATICA EIRELLI - ME,19.367.661/0001-88,"485,00",03/2019
 OTA,TELEFONE MOVEL,NEXTEL TELECOMUNICAÇÕES LTDA,66.970.229/0001-67,"191,00",03/2019
 OTA,ASSINATURA DE JORNAIS E REVISTAS,S.A O ESTADO DE S. PAULO,61.533.949/0001-41,"102,90",04/2019
 OTA,COMBUSTIVEL,M MARTINEZ COMBUSTIVEIS ME,10.785.686/0001-27,"1.430,79",04/2019
 OTA,CONTRATAÇAO DE PESSOA JURIDICA,"KLEMP , DE PAULA SOCIEDADE DE ADVOGADOS",18.160.749/0001-61,"6.000,00",04/2019
 OTA,CONTRATAÇAO DE PESSOA JURIDICA,WORK LINE SYSTEM INFORMÁTICA LTDA,67.002.329/0001-62,"980,00",04/2019
 OTA,ELABORAÇÃO/MANUTENÇAO DE SITE/HOSPEDAGEM,GOBUZZ SERVIÇOS DE INTERNET LTDA,10.655.445/0001-63,"7.900,00",04/2019
 OTA,INTERMEDIADO - CORREIOS,CAMARA MUNICIPAL DE SÃO PAULO,50.176.288/0001-28,"93,25",04/2019
 OTA,INTERMEDIADO - LOCAÇÃO DE VEÍCULOS,CAMARA MUNICIPAL DE SÃO PAULO,50.176.288/0001-28,"2.214,62",04/2019
 OTA,LOCAÇÃO DE MOVEIS E EQUIPAMENTOS,K2G SUPRIMENTOS DE IMPRESSÃO E INFORMATICA EIRELLI - ME,19.367.661/0001-88,"485,00",04/2019
 OTA,MATERIAL DE ESCRITORIO E OUTROS MATERIAIS DE CONSUMO,CENTER PAPEIS COMERCIAL LTDA.,06.226.820/0001-82,"150,50",04/2019
 OTA,MATERIAL DE ESCRITORIO E OUTROS MATERIAIS DE CONSUMO,K2G SUPRIMENTOS DE IMPRESSÃO E INFORMATICA EIRELLI - ME,19.367.661/0001-88,"200,00",04/2019
 OTA,REPROGRAFIA (XEROX/ENCADERNAÇÃO),IRISARA COMÉRCIO E SERVIÇOS LTDA.,10.376.277/0001-77,"134,00",04/2019
 OTA,TELEFONE MOVEL,NEXTEL TELECOMUNICAÇÕES LTDA,66.970.229/0001-67,"191,00",04/2019
 OTA,ASSINATURA DE JORNAIS E REVISTAS,S.A O ESTADO DE S. PAULO,61.533.949/0001-41,"102,90",05/2019
 OTA,COMBUSTIVEL,M MARTINEZ COMBUSTIVEIS ME,10.785.686/0001-27,"1.500,66",05/2019
 OTA,CONTRATAÇAO DE PESSOA JURIDICA,"KLEMP , DE PAULA SOCIEDADE DE ADVOGADOS",18.160.749/0001-61,"6.000,00",05/2019
 OTA,CONTRATAÇAO DE PESSOA JURIDICA,WORK LINE SYSTEM INFORMÁTICA LTDA,67.002.329/0001-62,"980,00",05/2019
 OTA,ELABORAÇÃO/MANUTENÇAO DE SITE/HOSPEDAGEM,GOBUZZ SERVIÇOS DE INTERNET LTDA,10.655.445/0001-63,"7.900,00",05/2019
 OTA,INTERMEDIADO - CORREIOS,CAMARA MUNICIPAL DE SÃO PAULO,50.176.288/0001-28,"219,93",05/2019
 OTA,INTERMEDIADO - LOCAÇÃO DE VEÍCULOS,CAMARA MUNICIPAL DE SÃO PAULO,50.176.288/0001-28,"2.214,62",05/2019
 OTA,LOCAÇÃO DE MOVEIS E EQUIPAMENTOS,K2G SUPRIMENTOS DE IMPRESSÃO E INFORMATICA EIRELLI - ME,19.367.661/0001-88,"485,00",05/2019
 OTA,TELEFONE MOVEL,NEXTEL TELECOMUNICAÇÕES LTDA,66.970.229/0001-67,"191,00",05/2019
 OTA,ASSINATURA DE JORNAIS E REVISTAS,S.A O ESTADO DE S. PAULO,61.533.949/0001-41,"102,90",06/2019
 OTA,COMBUSTIVEL,M MARTINEZ COMBUSTIVEIS ME,10.785.686/0001-27,"1.369,99",06/2019
 OTA,CONTRATAÇAO DE PESSOA JURIDICA,FACEBOOK SERVICOS ON LINE DO BRASIL LTDA,13.347.016/0001-17,"315,09",06/2019
 OTA,CONTRATAÇAO DE PESSOA JURIDICA,"KLEMP , DE PAULA SOCIEDADE DE ADVOGADOS",18.160.749/0001-61,"6.000,00",06/2019
 OTA,CONTRATAÇAO DE PESSOA JURIDICA,WORK LINE SYSTEM INFORMÁTICA LTDA,67.002.329/0001-62,"980,00",06/2019
 OTA,ELABORAÇÃO/MANUTENÇAO DE SITE/HOSPEDAGEM,GOBUZZ SERVIÇOS DE INTERNET LTDA,10.655.445/0001-63,"7.900,00",06/2019
 OTA,INTERMEDIADO - CORREIOS,CAMARA MUNICIPAL DE SÃO PAULO,50.176.288/0001-28,"75,95",06/2019
 OTA,INTERMEDIADO - LOCAÇÃO DE VEÍCULOS,CAMARA MUNICIPAL DE SÃO PAULO,50.176.288/0001-28,"2.214,62",06/2019
 OTA,LOCAÇÃO DE MOVEIS E EQUIPAMENTOS,K2G SUPRIMENTOS DE IMPRESSÃO E INFORMATICA EIRELLI - ME,19.367.661/0001-88,"485,00",06/2019
 OTA,MATERIAL DE ESCRITORIO E OUTROS MATERIAIS DE CONSUMO,K2G SUPRIMENTOS DE IMPRESSÃO E INFORMATICA EIRELLI - ME,19.367.661/0001-88,"580,00",06/2019
 OTA,TELEFONE MOVEL,NEXTEL TELECOMUNICAÇÕES LTDA,66.970.229/0001-67,"191,00",06/2019
 OTA,ASSINATURA DE JORNAIS E REVISTAS,S.A O ESTADO DE S. PAULO,61.533.949/0001-41,"102,90",07/2019
 OTA,COMBUSTIVEL,M MARTINEZ COMBUSTIVEIS ME,10.785.686/0001-27,"1.063,22",07/2019
 OTA,CONTRATAÇAO DE PESSOA JURIDICA,"KLEMP , DE PAULA SOCIEDADE DE ADVOGADOS",18.160.749/0001-61,"6.000,00",07/2019
 OTA,CONTRATAÇAO DE PESSOA JURIDICA,WORK LINE SYSTEM INFORMÁTICA LTDA,67.002.329/0001-62,"980,00",07/2019
 OTA,ELABORAÇÃO/MANUTENÇAO DE SITE/HOSPEDAGEM,GOBUZZ SERVIÇOS DE INTERNET LTDA,10.655.445/0001-63,"7.900,00",07/2019
 OTA,INTERMEDIADO - CORREIOS,CAMARA MUNICIPAL DE SÃO PAULO,50.176.288/0001-28,"154,55",07/2019
 OTA,INTERMEDIADO - LOCAÇÃO DE VEÍCULOS,CAMARA MUNICIPAL DE SÃO PAULO,50.176.288/0001-28,"2.214,62",07/2019
 OTA,LOCAÇÃO DE MOVEIS E EQUIPAMENTOS,K2G SUPRIMENTOS DE IMPRESSÃO E INFORMATICA EIRELLI - ME,19.367.661/0001-88,"485,00",07/2019
 OTA,MATERIAL DE ESCRITORIO E OUTROS MATERIAIS DE CONSUMO,CENTER PAPEIS COMERCIAL LTDA.,06.226.820/0001-82,"183,45",07/2019
 OTA,TELEFONE MOVEL,NEXTEL TELECOMUNICAÇÕES LTDA,66.970.229/0001-67,"191,00",07/2019
 OTA,ASSINATURA DE JORNAIS E REVISTAS,S.A O ESTADO DE S. PAULO,61.533.949/0001-41,"102,90",08/2019
 OTA,COMBUSTIVEL,M MARTINEZ COMBUSTIVEIS ME,10.785.686/0001-27,"1.390,42",08/2019
 OTA,CONTRATAÇAO DE PESSOA JURIDICA,SPT SERVIÇOS EMPRESARIAIS LTDA EPP,14.419.909/0001-93,"2.024,00",08/2019
 OTA,CONTRATAÇAO DE PESSOA JURIDICA,"KLEMP , DE PAULA SOCIEDADE DE ADVOGADOS",18.160.749/0001-61,"6.000,00",08/2019
 OTA,CONTRATAÇAO DE PESSOA JURIDICA,WORK LINE SYSTEM INFORMÁTICA LTDA,67.002.329/0001-62,"980,00",08/2019
 OTA,ELABORAÇÃO/MANUTENÇAO DE SITE/HOSPEDAGEM,GOBUZZ SERVIÇOS DE INTERNET LTDA,10.655.445/0001-63,"7.900,00",08/2019
 OTA,INTERMEDIADO - CORREIOS,CAMARA MUNICIPAL DE SÃO PAULO,50.176.288/0001-28,"133,92",08/2019
 OTA,INTERMEDIADO - LOCAÇÃO DE VEÍCULOS,CAMARA MUNICIPAL DE SÃO PAULO,50.176.288/0001-28,"2.214,62",08/2019
 OTA,LOCAÇÃO DE MOVEIS E EQUIPAMENTOS,K2G SUPRIMENTOS DE IMPRESSÃO E INFORMATICA EIRELLI - ME,19.367.661/0001-88,"485,00",08/2019
 OTA,MATERIAL DE ESCRITORIO E OUTROS MATERIAIS DE CONSUMO,K2G SUPRIMENTOS DE IMPRESSÃO E INFORMATICA EIRELLI - ME,19.367.661/0001-88,"1.210,00",08/2019
 OTA,TELEFONE MOVEL,NEXTEL TELECOMUNICAÇÕES LTDA,66.970.229/0001-67,"203,43",08/2019
 OTA,ASSINATURA DE JORNAIS E REVISTAS,S.A O ESTADO DE S. PAULO,61.533.949/0001-41,"102,90",09/2019
 OTA,COMBUSTIVEL,M MARTINEZ COMBUSTIVEIS ME,10.785.686/0001-27,"472,63",09/2019
 OTA,COMPOSIÇÃO/ARTE/DIAGRAMAÇÃO/PRODUÇÃO/IMPRESSAO GRAFICA,IDEIAS SOLUÇÕES ARTES GRÁFICAS LTDA ME,07.489.168/0001-51,"910,00",09/2019
 OTA,CONTRATAÇAO DE PESSOA JURIDICA,"KLEMP , DE PAULA SOCIEDADE DE ADVOGADOS",18.160.749/0001-61,"6.000,00",09/2019
 OTA,CONTRATAÇAO DE PESSOA JURIDICA,WORK LINE SYSTEM INFORMÁTICA LTDA,67.002.329/0001-62,"980,00",09/2019
 OTA,ELABORAÇÃO/MANUTENÇAO DE SITE/HOSPEDAGEM,GOBUZZ SERVIÇOS DE INTERNET LTDA,10.655.445/0001-63,"7.900,00",09/2019
 OTA,INTERMEDIADO - CORREIOS,CAMARA MUNICIPAL DE SÃO PAULO,50.176.288/0001-28,"42,51",09/2019
 OTA,INTERMEDIADO - LOCAÇÃO DE VEÍCULOS,CAMARA MUNICIPAL DE SÃO PAULO,50.176.288/0001-28,"2.214,62",09/2019
 OTA,LOCAÇÃO DE MOVEIS E EQUIPAMENTOS,K2G SUPRIMENTOS DE IMPRESSÃO E INFORMATICA EIRELLI - ME,19.367.661/0001-88,"485,00",09/2019
 OTA,MATERIAL DE ESCRITORIO E OUTROS MATERIAIS DE CONSUMO,CENTER PAPEIS COMERCIAL LTDA.,06.226.820/0001-82,"158,55",09/2019
 OTA,MATERIAL DE ESCRITORIO E OUTROS MATERIAIS DE CONSUMO,K2G SUPRIMENTOS DE IMPRESSÃO E INFORMATICA EIRELLI - ME,19.367.661/0001-88,"210,00",09/2019
 OTA,TELEFONE MOVEL,NEXTEL TELECOMUNICAÇÕES LTDA,66.970.229/0001-67,"203,43",09/2019
 OTA,ASSINATURA DE JORNAIS E REVISTAS,S.A O ESTADO DE S. PAULO,61.533.949/0001-41,"102,90",10/2019
 OTA,COMBUSTIVEL,M MARTINEZ COMBUSTIVEIS ME,10.785.686/0001-27,"827,99",10/2019
 OTA,CONTRATAÇAO DE PESSOA JURIDICA,"KLEMP , DE PAULA SOCIEDADE DE ADVOGADOS",18.160.749/0001-61,"6.000,00",10/2019
 OTA,CONTRATAÇAO DE PESSOA JURIDICA,WORK LINE SYSTEM INFORMÁTICA LTDA,67.002.329/0001-62,"980,00",10/2019
 OTA,ELABORAÇÃO/MANUTENÇAO DE SITE/HOSPEDAGEM,GOBUZZ SERVIÇOS DE INTERNET LTDA,10.655.445/0001-63,"7.900,00",10/2019
 OTA,INTERMEDIADO - CORREIOS,CAMARA MUNICIPAL DE SÃO PAULO,50.176.288/0001-28,"81,87",10/2019
 OTA,INTERMEDIADO - LOCAÇÃO DE VEÍCULOS,CAMARA MUNICIPAL DE SÃO PAULO,50.176.288/0001-28,"2.214,62",10/2019
 OTA,LOCAÇÃO DE MOVEIS E EQUIPAMENTOS,K2G SUPRIMENTOS DE IMPRESSÃO E INFORMATICA EIRELLI - ME,19.367.661/0001-88,"485,00",10/2019
 OTA,MATERIAL DE ESCRITORIO E OUTROS MATERIAIS DE CONSUMO,CENTER PAPEIS COMERCIAL LTDA.,06.226.820/0001-82,"154,45",10/2019
 OTA,MATERIAL DE ESCRITORIO E OUTROS MATERIAIS DE CONSUMO,K2G SUPRIMENTOS DE IMPRESSÃO E INFORMATICA EIRELLI - ME,19.367.661/0001-88,"780,00",10/2019
 OTA,TELEFONE MOVEL,NEXTEL TELECOMUNICAÇÕES LTDA,66.970.229/0001-67,"203,43",10/2019
 OTA,ASSINATURA DE JORNAIS E REVISTAS,S.A O ESTADO DE S. PAULO,61.533.949/0001-41,"102,90",11/2019
 OTA,COMBUSTIVEL,M MARTINEZ COMBUSTIVEIS ME,10.785.686/0001-27,"1.391,30",11/2019
 OTA,CONTRATAÇAO DE PESSOA JURIDICA,"KLEMP , DE PAULA SOCIEDADE DE ADVOGADOS",18.160.749/0001-61,"6.000,00",11/2019
 OTA,CONTRATAÇAO DE PESSOA JURIDICA,WORK LINE SYSTEM INFORMÁTICA LTDA,67.002.329/0001-62,"980,00",11/2019
 OTA,ELABORAÇÃO/MANUTENÇAO DE SITE/HOSPEDAGEM,GOBUZZ SERVIÇOS DE INTERNET LTDA,10.655.445/0001-63,"8.575,00",11/2019
 OTA,INTERMEDIADO - CORREIOS,CAMARA MUNICIPAL DE SÃO PAULO,50.176.288/0001-28,"219,10",11/2019
 OTA,INTERMEDIADO - LOCAÇÃO DE VEÍCULOS,CAMARA MUNICIPAL DE SÃO PAULO,50.176.288/0001-28,"2.214,62",11/2019
 OTA,LOCAÇÃO DE MOVEIS E EQUIPAMENTOS,K2G SUPRIMENTOS DE IMPRESSÃO E INFORMATICA EIRELLI - ME,19.367.661/0001-88,"485,00",11/2019
 OTA,MATERIAL DE ESCRITORIO E OUTROS MATERIAIS DE CONSUMO,K2G SUPRIMENTOS DE IMPRESSÃO E INFORMATICA EIRELLI - ME,19.367.661/0001-88,"1.135,00",11/2019
 OTA,TELEFONE MOVEL,NEXTEL TELECOMUNICAÇÕES LTDA,66.970.229/0001-67,"203,43",11/2019
 OTA,COMBUSTIVEL,M MARTINEZ COMBUSTIVEIS ME,10.785.686/0001-27,"1.001,68",12/2019
 OTA,COMPOSIÇÃO/ARTE/DIAGRAMAÇÃO/PRODUÇÃO/IMPRESSAO GRAFICA,K2G SUPRIMENTOS DE IMPRESSÃO E INFORMATICA EIRELLI - ME,19.367.661/0001-88,"2.550,00",12/2019
 OTA,CONTRATAÇAO DE PESSOA JURIDICA,GOBUZZ SERVIÇOS DE INTERNET LTDA,10.655.445/0001-63,"7.900,00",12/2019
 OTA,CONTRATAÇAO DE PESSOA JURIDICA,"KLEMP , DE PAULA SOCIEDADE DE ADVOGADOS",18.160.749/0001-61,"6.000,00",12/2019
 OTA,CONTRATAÇAO DE PESSOA JURIDICA,WORK LINE SYSTEM INFORMÁTICA LTDA,67.002.329/0001-62,"980,00",12/2019
 OTA,INTERMEDIADO - CORREIOS,CAMARA MUNICIPAL DE SÃO PAULO,50.176.288/0001-28,"221,72",12/2019
 OTA,INTERMEDIADO - LOCAÇÃO DE VEÍCULOS,CAMARA MUNICIPAL DE SÃO PAULO,50.176.288/0001-28,"2.214,62",12/2019
 OTA,LOCAÇÃO DE MOVEIS E EQUIPAMENTOS,K2G SUPRIMENTOS DE IMPRESSÃO E INFORMATICA EIRELLI - ME,19.367.661/0001-88,"485,00",12/2019
 OTA,TELEFONE MOVEL,NEXTEL TELECOMUNICAÇÕES LTDA,66.970.229/0001-67,"203,43",12/2019
