 EDIR SALES,COMBUSTIVEL,RIP POSTOS DE SERVIÇO E COM LTDA,43.720.218/0001-23,"723,37",01/2017
 EDIR SALES,COMPOSIÇÃO/ARTE/DIAGRAMAÇÃO/PRODUÇÃO/IMPRESSAO GRAFICA,ARTE LU E RO GRAFICA EIRELI,18.588.528/0001-99,"1.109,92",01/2017
 EDIR SALES,INTERMEDIADO - CORREIOS,CAMARA MUNICIPAL DE SÃO PAULO,50.176.288/0001-28,"2.947,45",01/2017
 EDIR SALES,INTERMEDIADO - LOCAÇÃO DE VEÍCULOS,CAMARA MUNICIPAL DE SÃO PAULO,50.176.288/0001-28,"2.058,08",01/2017
 EDIR SALES,INTERMEDIADO - REPROGRAFIA (XEROX/ENCADERNAÇÃO),CAMARA MUNICIPAL DE SÃO PAULO,50.176.288/0001-28,"171,00",01/2017
 EDIR SALES,LOCAÇÃO DE MOVEIS E EQUIPAMENTOS,SOFT CLEVER INFORMÁTICA LTDA. - ME,00.280.911/0001-10,"1.099,00",01/2017
 EDIR SALES,MATERIAL DE ESCRITORIO E OUTROS MATERIAIS DE CONSUMO,CENTER PAPEIS COMERCIAL LTDA.,06.226.820/0001-82,"740,65",01/2017
 EDIR SALES,MATERIAL DE ESCRITORIO E OUTROS MATERIAIS DE CONSUMO,JOSEFA ARENA THOMAZ ME,25.311.877/0001-24,"600,00",01/2017
 EDIR SALES,TELEFONE FIXO,TELEFONICA BRASIL S/A,02.558.157/0001-62,"421,79",01/2017
 EDIR SALES,TELEFONE MOVEL,TIM CELULAR S/A,04.206.050/0001-80,"534,33",01/2017
 EDIR SALES,COMBUSTIVEL,RIP POSTOS DE SERVIÇO E COM LTDA,43.720.218/0001-23,"867,43",02/2017
 EDIR SALES,COMPOSIÇÃO/ARTE/DIAGRAMAÇÃO/PRODUÇÃO/IMPRESSAO GRAFICA,GRAFICA CAR LTDA ME,38.956.355/0001-21,"1.139,65",02/2017
 EDIR SALES,INTERMEDIADO - CORREIOS,CAMARA MUNICIPAL DE SÃO PAULO,50.176.288/0001-28,"5.133,55",02/2017
 EDIR SALES,INTERMEDIADO - LOCAÇÃO DE VEÍCULOS,CAMARA MUNICIPAL DE SÃO PAULO,50.176.288/0001-28,"2.101,17",02/2017
 EDIR SALES,INTERMEDIADO - REPROGRAFIA (XEROX/ENCADERNAÇÃO),CAMARA MUNICIPAL DE SÃO PAULO,50.176.288/0001-28,"997,20",02/2017
 EDIR SALES,LOCAÇÃO DE MOVEIS E EQUIPAMENTOS,SOFT CLEVER INFORMÁTICA LTDA. - ME,00.280.911/0001-10,"1.099,00",02/2017
 EDIR SALES,MATERIAL DE ESCRITORIO E OUTROS MATERIAIS DE CONSUMO,CENTER PAPEIS COMERCIAL LTDA.,06.226.820/0001-82,"769,80",02/2017
 EDIR SALES,MATERIAL DE ESCRITORIO E OUTROS MATERIAIS DE CONSUMO,JOSEFA ARENA THOMAZ ME,25.311.877/0001-24,"140,00",02/2017
 EDIR SALES,TELEFONE FIXO,TELEFONICA BRASIL S/A,02.558.157/0001-62,"337,09",02/2017
 EDIR SALES,TELEFONE MOVEL,TIM CELULAR S/A,04.206.050/0001-80,"397,09",02/2017
 EDIR SALES,COMBUSTIVEL,RIP POSTOS DE SERVIÇO E COM LTDA,43.720.218/0001-23,"1.130,59",03/2017
 EDIR SALES,COMPOSIÇÃO/ARTE/DIAGRAMAÇÃO/PRODUÇÃO/IMPRESSAO GRAFICA,GRAFICA CAR LTDA ME,38.956.355/0001-21,"1.355,00",03/2017
 EDIR SALES,CONTRATAÇAO DE PESSOA JURIDICA,RODRIGO ALVES DA CRUZ DE BRITO,26.022.479/0001-50,"3.300,00",03/2017
 EDIR SALES,INTERMEDIADO - CORREIOS,CAMARA MUNICIPAL DE SÃO PAULO,50.176.288/0001-28,"4.248,00",03/2017
 EDIR SALES,INTERMEDIADO - LOCAÇÃO DE VEÍCULOS,CAMARA MUNICIPAL DE SÃO PAULO,50.176.288/0001-28,"2.101,17",03/2017
 EDIR SALES,INTERMEDIADO - REPROGRAFIA (XEROX/ENCADERNAÇÃO),CAMARA MUNICIPAL DE SÃO PAULO,50.176.288/0001-28,"1.024,92",03/2017
 EDIR SALES,LOCAÇÃO DE MOVEIS E EQUIPAMENTOS,SOFT CLEVER INFORMÁTICA LTDA. - ME,00.280.911/0001-10,"1.099,00",03/2017
 EDIR SALES,MATERIAL DE ESCRITORIO E OUTROS MATERIAIS DE CONSUMO,CENTER PAPEIS COMERCIAL LTDA.,06.226.820/0001-82,"1.648,70",03/2017
 EDIR SALES,MATERIAL DE ESCRITORIO E OUTROS MATERIAIS DE CONSUMO,JOSEFA ARENA THOMAZ ME,25.311.877/0001-24,"550,00",03/2017
 EDIR SALES,REPROGRAFIA (XEROX/ENCADERNAÇÃO),IRISARA COMÉRCIO E SERVIÇOS LTDA.,10.376.277/0001-77,"150,00",03/2017
 EDIR SALES,TELEFONE FIXO,TELEFONICA BRASIL S/A,02.558.157/0001-62,"378,63",03/2017
 EDIR SALES,COMBUSTIVEL,RIP POSTOS DE SERVIÇO E COM LTDA,43.720.218/0001-23,"622,57",04/2017
 EDIR SALES,COMPOSIÇÃO/ARTE/DIAGRAMAÇÃO/PRODUÇÃO/IMPRESSAO GRAFICA,ARTE LU E RO GRAFICA EIRELI,18.588.528/0001-99,"1.408,00",04/2017
 EDIR SALES,COMPOSIÇÃO/ARTE/DIAGRAMAÇÃO/PRODUÇÃO/IMPRESSAO GRAFICA,GRAFICA CAR LTDA ME,38.956.355/0001-21,"3.235,00",04/2017
 EDIR SALES,EVENTOS/SEMINARIOS,YVONE MONTE BUONGERMINO,07.452.594/0001-10,"260,00",04/2017
 EDIR SALES,INTERMEDIADO - CORREIOS,CAMARA MUNICIPAL DE SÃO PAULO,50.176.288/0001-28,"3.515,00",04/2017
 EDIR SALES,INTERMEDIADO - LOCAÇÃO DE VEÍCULOS,CAMARA MUNICIPAL DE SÃO PAULO,50.176.288/0001-28,"2.101,17",04/2017
 EDIR SALES,INTERMEDIADO - REPROGRAFIA (XEROX/ENCADERNAÇÃO),CAMARA MUNICIPAL DE SÃO PAULO,50.176.288/0001-28,"944,64",04/2017
 EDIR SALES,LOCAÇÃO DE MOVEIS E EQUIPAMENTOS,SOFT CLEVER INFORMÁTICA LTDA. - ME,00.280.911/0001-10,"850,00",04/2017
 EDIR SALES,MATERIAL DE ESCRITORIO E OUTROS MATERIAIS DE CONSUMO,CENTER PAPEIS COMERCIAL LTDA.,06.226.820/0001-82,"229,45",04/2017
 EDIR SALES,TELEFONE FIXO,TELEFONICA BRASIL S/A,02.558.157/0001-62,"345,33",04/2017
 EDIR SALES,COMBUSTIVEL,RIP POSTOS DE SERVIÇO E COM LTDA,43.720.218/0001-23,"911,07",05/2017
 EDIR SALES,COMPOSIÇÃO/ARTE/DIAGRAMAÇÃO/PRODUÇÃO/IMPRESSAO GRAFICA,GRAFICA CAR LTDA ME,38.956.355/0001-21,"2.175,00",05/2017
 EDIR SALES,CONTRATAÇAO DE PESSOA JURIDICA,RODRIGO ALVES DA CRUZ DE BRITO,26.022.479/0001-50,"3.300,00",05/2017
 EDIR SALES,INTERMEDIADO - CORREIOS,CAMARA MUNICIPAL DE SÃO PAULO,50.176.288/0001-28,"4.838,45",05/2017
 EDIR SALES,INTERMEDIADO - LOCAÇÃO DE VEÍCULOS,CAMARA MUNICIPAL DE SÃO PAULO,50.176.288/0001-28,"2.101,17",05/2017
 EDIR SALES,INTERMEDIADO - REPROGRAFIA (XEROX/ENCADERNAÇÃO),CAMARA MUNICIPAL DE SÃO PAULO,50.176.288/0001-28,"962,46",05/2017
 EDIR SALES,LOCAÇÃO DE MOVEIS E EQUIPAMENTOS,SOFT CLEVER INFORMÁTICA LTDA. - ME,00.280.911/0001-10,"850,00",05/2017
 EDIR SALES,MATERIAL DE ESCRITORIO E OUTROS MATERIAIS DE CONSUMO,CENTER PAPEIS COMERCIAL LTDA.,06.226.820/0001-82,"577,95",05/2017
 EDIR SALES,MATERIAL DE ESCRITORIO E OUTROS MATERIAIS DE CONSUMO,JOSEFA ARENA THOMAZ ME,25.311.877/0001-24,"450,00",05/2017
 EDIR SALES,MATERIAL DE ESCRITORIO E OUTROS MATERIAIS DE CONSUMO,KALUNGA COMÉRCIO E INDÚSTRIA GRÁFICA LTDA,43.283.811/0018-06,"534,56",05/2017
 EDIR SALES,TELEFONE FIXO,TELEFONICA BRASIL S/A,02.558.157/0001-62,"324,20",05/2017
 EDIR SALES,COMBUSTIVEL,RIP POSTOS DE SERVIÇO E COM LTDA,43.720.218/0001-23,"1.289,27",06/2017
 EDIR SALES,COMPOSIÇÃO/ARTE/DIAGRAMAÇÃO/PRODUÇÃO/IMPRESSAO GRAFICA,ARTE LU E RO GRAFICA EIRELI,18.588.528/0001-99,"1.016,00",06/2017
 EDIR SALES,CONTRATAÇAO DE PESSOA JURIDICA,RODRIGO ALVES DA CRUZ DE BRITO,26.022.479/0001-50,"3.300,00",06/2017
 EDIR SALES,EVENTOS/SEMINARIOS,SEVGALLI TROFEUS INDUSTRIAS E COMERCIO LTDA ME,66.644.840/0001-03,"4.050,00",06/2017
 EDIR SALES,INTERMEDIADO - CORREIOS,CAMARA MUNICIPAL DE SÃO PAULO,50.176.288/0001-28,"1.929,91",06/2017
 EDIR SALES,INTERMEDIADO - LOCAÇÃO DE VEÍCULOS,CAMARA MUNICIPAL DE SÃO PAULO,50.176.288/0001-28,"2.101,17",06/2017
 EDIR SALES,INTERMEDIADO - REPROGRAFIA (XEROX/ENCADERNAÇÃO),CAMARA MUNICIPAL DE SÃO PAULO,50.176.288/0001-28,"532,80",06/2017
 EDIR SALES,LOCAÇÃO DE MOVEIS E EQUIPAMENTOS,SOFT CLEVER INFORMÁTICA LTDA. - ME,00.280.911/0001-10,"850,00",06/2017
 EDIR SALES,MATERIAL DE ESCRITORIO E OUTROS MATERIAIS DE CONSUMO,CENTER PAPEIS COMERCIAL LTDA.,06.226.820/0001-82,"914,60",06/2017
 EDIR SALES,MATERIAL DE ESCRITORIO E OUTROS MATERIAIS DE CONSUMO,JOSEFA ARENA THOMAZ ME,25.311.877/0001-24,"550,00",06/2017
 EDIR SALES,REPROGRAFIA (XEROX/ENCADERNAÇÃO),IRISARA COMÉRCIO E SERVIÇOS LTDA.,10.376.277/0001-77,"50,40",06/2017
 EDIR SALES,TELEFONE FIXO,TELEFONICA BRASIL S/A,02.558.157/0001-62,"352,54",06/2017
 EDIR SALES,TELEFONE MOVEL,TIM CELULAR S/A,04.206.050/0001-80,"519,53",06/2017
 EDIR SALES,COMBUSTIVEL,RIP POSTOS DE SERVIÇO E COM LTDA,43.720.218/0001-23,"1.308,12",07/2017
 EDIR SALES,COMPOSIÇÃO/ARTE/DIAGRAMAÇÃO/PRODUÇÃO/IMPRESSAO GRAFICA,GRAFICA CAR LTDA ME,38.956.355/0001-21,"2.705,00",07/2017
 EDIR SALES,CONTRATAÇAO DE PESSOA JURIDICA,KITECH SOLUTIONS INFORMATICA LTDA.,16.912.244/0001-80,"2.550,00",07/2017
 EDIR SALES,CONTRATAÇAO DE PESSOA JURIDICA,RODRIGO ALVES DA CRUZ DE BRITO,26.022.479/0001-50,"3.300,00",07/2017
 EDIR SALES,INTERMEDIADO - CORREIOS,CAMARA MUNICIPAL DE SÃO PAULO,50.176.288/0001-28,"131,85",07/2017
 EDIR SALES,INTERMEDIADO - LOCAÇÃO DE VEÍCULOS,CAMARA MUNICIPAL DE SÃO PAULO,50.176.288/0001-28,"2.101,17",07/2017
 EDIR SALES,INTERMEDIADO - REPROGRAFIA (XEROX/ENCADERNAÇÃO),CAMARA MUNICIPAL DE SÃO PAULO,50.176.288/0001-28,"567,00",07/2017
 EDIR SALES,LOCAÇÃO DE MOVEIS E EQUIPAMENTOS,SOFT CLEVER INFORMÁTICA LTDA. - ME,00.280.911/0001-10,"850,00",07/2017
 EDIR SALES,MATERIAL DE ESCRITORIO E OUTROS MATERIAIS DE CONSUMO,CENTER PAPEIS COMERCIAL LTDA.,06.226.820/0001-82,"268,35",07/2017
 EDIR SALES,REPROGRAFIA (XEROX/ENCADERNAÇÃO),IRISARA COMÉRCIO E SERVIÇOS LTDA.,10.376.277/0001-77,"45,00",07/2017
 EDIR SALES,TELEFONE FIXO,TELEFONICA BRASIL S/A,02.558.157/0001-62,"363,83",07/2017
 EDIR SALES,TELEFONE MOVEL,TIM CELULAR S/A,04.206.050/0001-80,"373,34",07/2017
 EDIR SALES,COMBUSTIVEL,RIP POSTOS DE SERVIÇO E COM LTDA,43.720.218/0001-23,"925,70",08/2017
 EDIR SALES,COMPOSIÇÃO/ARTE/DIAGRAMAÇÃO/PRODUÇÃO/IMPRESSAO GRAFICA,ARTE LU E RO GRAFICA EIRELI,18.588.528/0001-99,"660,00",08/2017
 EDIR SALES,COMPOSIÇÃO/ARTE/DIAGRAMAÇÃO/PRODUÇÃO/IMPRESSAO GRAFICA,GRAFICA CAR LTDA ME,38.956.355/0001-21,"2.100,00",08/2017
 EDIR SALES,CONTRATAÇAO DE PESSOA JURIDICA,KITECH SOLUTIONS INFORMATICA LTDA.,16.912.244/0001-80,"2.550,00",08/2017
 EDIR SALES,CONTRATAÇAO DE PESSOA JURIDICA,RODRIGO ALVES DA CRUZ DE BRITO,26.022.479/0001-50,"3.300,00",08/2017
 EDIR SALES,EVENTOS/SEMINARIOS,YVONE MONTE BUONGERMINO,07.452.594/0001-10,"1.164,00",08/2017
 EDIR SALES,INTERMEDIADO - CORREIOS,CAMARA MUNICIPAL DE SÃO PAULO,50.176.288/0001-28,"5.561,55",08/2017
 EDIR SALES,INTERMEDIADO - LOCAÇÃO DE VEÍCULOS,CAMARA MUNICIPAL DE SÃO PAULO,50.176.288/0001-28,"2.101,17",08/2017
 EDIR SALES,INTERMEDIADO - REPROGRAFIA (XEROX/ENCADERNAÇÃO),CAMARA MUNICIPAL DE SÃO PAULO,50.176.288/0001-28,"471,60",08/2017
 EDIR SALES,LOCAÇÃO DE MOVEIS E EQUIPAMENTOS,SOFT CLEVER INFORMÁTICA LTDA. - ME,00.280.911/0001-10,"850,00",08/2017
 EDIR SALES,MATERIAL DE ESCRITORIO E OUTROS MATERIAIS DE CONSUMO,CENTER PAPEIS COMERCIAL LTDA.,06.226.820/0001-82,"382,90",08/2017
 EDIR SALES,MATERIAL DE ESCRITORIO E OUTROS MATERIAIS DE CONSUMO,KALUNGA COMÉRCIO E INDÚSTRIA GRÁFICA LTDA,43.283.811/0018-06,"540,96",08/2017
 EDIR SALES,REPROGRAFIA (XEROX/ENCADERNAÇÃO),IRISARA COMÉRCIO E SERVIÇOS LTDA.,10.376.277/0001-77,"482,50",08/2017
 EDIR SALES,TELEFONE FIXO,TELEFONICA BRASIL S/A,02.558.157/0001-62,"350,60",08/2017
 EDIR SALES,TELEFONE MOVEL,TIM CELULAR S/A,04.206.050/0001-80,"517,42",08/2017
 EDIR SALES,COMBUSTIVEL,RIP POSTOS DE SERVIÇO E COM LTDA,43.720.218/0001-23,"1.200,04",09/2017
 EDIR SALES,COMPOSIÇÃO/ARTE/DIAGRAMAÇÃO/PRODUÇÃO/IMPRESSAO GRAFICA,GRAFICA CAR LTDA ME,38.956.355/0001-21,"2.155,00",09/2017
 EDIR SALES,CONTRATAÇAO DE PESSOA JURIDICA,KITECH SOLUTIONS INFORMATICA LTDA.,16.912.244/0001-80,"2.550,00",09/2017
 EDIR SALES,CONTRATAÇAO DE PESSOA JURIDICA,RODRIGO ALVES DA CRUZ DE BRITO,26.022.479/0001-50,"3.300,00",09/2017
 EDIR SALES,INTERMEDIADO - CORREIOS,CAMARA MUNICIPAL DE SÃO PAULO,50.176.288/0001-28,"2.311,40",09/2017
 EDIR SALES,INTERMEDIADO - LOCAÇÃO DE VEÍCULOS,CAMARA MUNICIPAL DE SÃO PAULO,50.176.288/0001-28,"2.101,17",09/2017
 EDIR SALES,INTERMEDIADO - REPROGRAFIA (XEROX/ENCADERNAÇÃO),CAMARA MUNICIPAL DE SÃO PAULO,50.176.288/0001-28,"1.428,66",09/2017
 EDIR SALES,LOCAÇÃO DE MOVEIS E EQUIPAMENTOS,SOFT CLEVER INFORMÁTICA LTDA. - ME,00.280.911/0001-10,"850,00",09/2017
 EDIR SALES,MATERIAL DE ESCRITORIO E OUTROS MATERIAIS DE CONSUMO,CENTER PAPEIS COMERCIAL LTDA.,06.226.820/0001-82,"263,75",09/2017
 EDIR SALES,REPROGRAFIA (XEROX/ENCADERNAÇÃO),IRISARA COMÉRCIO E SERVIÇOS LTDA.,10.376.277/0001-77,"198,00",09/2017
 EDIR SALES,TELEFONE FIXO,TELEFONICA BRASIL S/A,02.558.157/0001-62,"366,00",09/2017
 EDIR SALES,TELEFONE MOVEL,TIM CELULAR S/A,04.206.050/0001-80,"429,36",09/2017
 EDIR SALES,COMBUSTIVEL,RIP POSTOS DE SERVIÇO E COM LTDA,43.720.218/0001-23,"850,88",10/2017
 EDIR SALES,CONTRATAÇAO DE PESSOA JURIDICA,KITECH SOLUTIONS INFORMATICA LTDA.,16.912.244/0001-80,"2.550,00",10/2017
 EDIR SALES,CONTRATAÇAO DE PESSOA JURIDICA,RODRIGO ALVES DA CRUZ DE BRITO,26.022.479/0001-50,"3.300,00",10/2017
 EDIR SALES,INTERMEDIADO - CORREIOS,CAMARA MUNICIPAL DE SÃO PAULO,50.176.288/0001-28,"7.594,80",10/2017
 EDIR SALES,INTERMEDIADO - LOCAÇÃO DE VEÍCULOS,CAMARA MUNICIPAL DE SÃO PAULO,50.176.288/0001-28,"2.101,17",10/2017
 EDIR SALES,INTERMEDIADO - REPROGRAFIA (XEROX/ENCADERNAÇÃO),CAMARA MUNICIPAL DE SÃO PAULO,50.176.288/0001-28,"2.410,92",10/2017
 EDIR SALES,LOCAÇÃO DE MOVEIS E EQUIPAMENTOS,SOFT CLEVER INFORMÁTICA LTDA. - ME,00.280.911/0001-10,"850,00",10/2017
 EDIR SALES,MATERIAL DE ESCRITORIO E OUTROS MATERIAIS DE CONSUMO,CENTER PAPEIS COMERCIAL LTDA.,06.226.820/0001-82,"492,85",10/2017
 EDIR SALES,MATERIAL DE ESCRITORIO E OUTROS MATERIAIS DE CONSUMO,KALUNGA COMÉRCIO E INDÚSTRIA GRÁFICA LTDA,43.283.811/0018-06,"780,97",10/2017
 EDIR SALES,REPROGRAFIA (XEROX/ENCADERNAÇÃO),NACIONAL CÓPIAS S/S LTDA - EPP,07.043.632/0001-81,"77,00",10/2017
 EDIR SALES,REPROGRAFIA (XEROX/ENCADERNAÇÃO),IRISARA COMÉRCIO E SERVIÇOS LTDA.,10.376.277/0001-77,"98,00",10/2017
 EDIR SALES,TELEFONE FIXO,TELEFONICA BRASIL S/A,02.558.157/0001-62,"351,26",10/2017
 EDIR SALES,TELEFONE MOVEL,TIM CELULAR S/A,04.206.050/0001-80,"515,42",10/2017
 EDIR SALES,COMBUSTIVEL,RIP POSTOS DE SERVIÇO E COM LTDA,43.720.218/0001-23,"691,71",11/2017
 EDIR SALES,COMPOSIÇÃO/ARTE/DIAGRAMAÇÃO/PRODUÇÃO/IMPRESSAO GRAFICA,GRAFICA CAR LTDA ME,38.956.355/0001-21,"4.525,00",11/2017
 EDIR SALES,CONTRATAÇAO DE PESSOA JURIDICA,KITECH SOLUTIONS INFORMATICA LTDA.,16.912.244/0001-80,"350,00",11/2017
 EDIR SALES,CONTRATAÇAO DE PESSOA JURIDICA,RODRIGO ALVES DA CRUZ DE BRITO,26.022.479/0001-50,"3.300,00",11/2017
 EDIR SALES,INTERMEDIADO - CORREIOS,CAMARA MUNICIPAL DE SÃO PAULO,50.176.288/0001-28,"6.924,25",11/2017
 EDIR SALES,INTERMEDIADO - LOCAÇÃO DE VEÍCULOS,CAMARA MUNICIPAL DE SÃO PAULO,50.176.288/0001-28,"2.101,17",11/2017
 EDIR SALES,INTERMEDIADO - REPROGRAFIA (XEROX/ENCADERNAÇÃO),CAMARA MUNICIPAL DE SÃO PAULO,50.176.288/0001-28,"3.153,00",11/2017
 EDIR SALES,LIMPEZA DE VEICULOS,RIP POSTOS DE SERVIÇO E COM LTDA,43.720.218/0001-23,"100,00",11/2017
 EDIR SALES,LOCAÇÃO DE MOVEIS E EQUIPAMENTOS,SOFT CLEVER INFORMÁTICA LTDA. - ME,00.280.911/0001-10,"850,00",11/2017
 EDIR SALES,MATERIAL DE ESCRITORIO E OUTROS MATERIAIS DE CONSUMO,CENTER PAPEIS COMERCIAL LTDA.,06.226.820/0001-82,"659,55",11/2017
 EDIR SALES,REPROGRAFIA (XEROX/ENCADERNAÇÃO),NACIONAL CÓPIAS S/S LTDA - EPP,07.043.632/0001-81,"133,00",11/2017
 EDIR SALES,REPROGRAFIA (XEROX/ENCADERNAÇÃO),IRISARA COMÉRCIO E SERVIÇOS LTDA.,10.376.277/0001-77,"187,50",11/2017
 EDIR SALES,TELEFONE FIXO,TELEFONICA BRASIL S/A,02.558.157/0001-62,"321,10",11/2017
 EDIR SALES,TELEFONE MOVEL,TIM CELULAR S/A,04.206.050/0001-80,"532,71",11/2017
 EDIR SALES,COMBUSTIVEL,RIP POSTOS DE SERVIÇO E COM LTDA,43.720.218/0001-23,"1.058,26",12/2017
 EDIR SALES,COMPOSIÇÃO/ARTE/DIAGRAMAÇÃO/PRODUÇÃO/IMPRESSAO GRAFICA,SPEED PRINT DE DADOS LTDA - EPP,04.629.990/0001-82,"3.750,00",12/2017
 EDIR SALES,CONTRATAÇAO DE PESSOA JURIDICA,KITECH SOLUTIONS INFORMATICA LTDA.,16.912.244/0001-80,"350,00",12/2017
 EDIR SALES,CONTRATAÇAO DE PESSOA JURIDICA,RODRIGO ALVES DA CRUZ DE BRITO,26.022.479/0001-50,"3.300,00",12/2017
 EDIR SALES,INTERMEDIADO - CORREIOS,CAMARA MUNICIPAL DE SÃO PAULO,50.176.288/0001-28,"40.755,60",12/2017
 EDIR SALES,INTERMEDIADO - LOCAÇÃO DE VEÍCULOS,CAMARA MUNICIPAL DE SÃO PAULO,50.176.288/0001-28,"2.101,17",12/2017
 EDIR SALES,INTERMEDIADO - REPROGRAFIA (XEROX/ENCADERNAÇÃO),CAMARA MUNICIPAL DE SÃO PAULO,50.176.288/0001-28,"680,60",12/2017
 EDIR SALES,LOCAÇÃO DE MOVEIS E EQUIPAMENTOS,SOFT CLEVER INFORMÁTICA LTDA. - ME,00.280.911/0001-10,"850,00",12/2017
 EDIR SALES,MATERIAL DE ESCRITORIO E OUTROS MATERIAIS DE CONSUMO,CENTER PAPEIS COMERCIAL LTDA.,06.226.820/0001-82,"478,85",12/2017
 EDIR SALES,MATERIAL DE ESCRITORIO E OUTROS MATERIAIS DE CONSUMO,JOSEFA ARENA THOMAZ ME,25.311.877/0001-24,"500,00",12/2017
 EDIR SALES,REPROGRAFIA (XEROX/ENCADERNAÇÃO),NACIONAL CÓPIAS S/S LTDA - EPP,07.043.632/0001-81,"70,00",12/2017
 EDIR SALES,REPROGRAFIA (XEROX/ENCADERNAÇÃO),IRISARA COMÉRCIO E SERVIÇOS LTDA.,10.376.277/0001-77,"127,50",12/2017
 EDIR SALES,TELEFONE FIXO,TELEFONICA BRASIL S/A,02.558.157/0001-62,"305,12",12/2017
 EDIR SALES,TELEFONE MOVEL,TIM CELULAR S/A,04.206.050/0001-80,"686,68",12/2017
 EDIR SALES,COMBUSTIVEL,RIP POSTOS DE SERVIÇO E COM LTDA,43.720.218/0001-23,"825,20",01/2018
 EDIR SALES,COMPOSIÇÃO/ARTE/DIAGRAMAÇÃO/PRODUÇÃO/IMPRESSAO GRAFICA,GRAFICA CAR LTDA ME,38.956.355/0001-21,"3.485,00",01/2018
 EDIR SALES,CONTRATAÇAO DE PESSOA JURIDICA,KITECH SOLUTIONS INFORMATICA LTDA.,16.912.244/0001-80,"350,00",01/2018
 EDIR SALES,CONTRATAÇAO DE PESSOA JURIDICA,RODRIGO ALVES DA CRUZ DE BRITO,26.022.479/0001-50,"3.300,00",01/2018
 EDIR SALES,INTERMEDIADO - CORREIOS,CAMARA MUNICIPAL DE SÃO PAULO,50.176.288/0001-28,"4.245,93",01/2018
 EDIR SALES,INTERMEDIADO - LOCAÇÃO DE VEÍCULOS,CAMARA MUNICIPAL DE SÃO PAULO,50.176.288/0001-28,"2.137,42",01/2018
 EDIR SALES,INTERMEDIADO - REPROGRAFIA (XEROX/ENCADERNAÇÃO),CAMARA MUNICIPAL DE SÃO PAULO,50.176.288/0001-28,"3.997,14",01/2018
 EDIR SALES,LOCAÇÃO DE MOVEIS E EQUIPAMENTOS,SOFT CLEVER INFORMÁTICA LTDA. - ME,00.280.911/0001-10,"850,00",01/2018
 EDIR SALES,MATERIAL DE ESCRITORIO E OUTROS MATERIAIS DE CONSUMO,CENTER PAPEIS COMERCIAL LTDA.,06.226.820/0001-82,"308,25",01/2018
 EDIR SALES,MATERIAL DE ESCRITORIO E OUTROS MATERIAIS DE CONSUMO,KALUNGA COMÉRCIO E INDÚSTRIA GRÁFICA LTDA,43.283.811/0018-06,"996,71",01/2018
 EDIR SALES,REPROGRAFIA (XEROX/ENCADERNAÇÃO),IRISARA COMÉRCIO E SERVIÇOS LTDA.,10.376.277/0001-77,"90,00",01/2018
 EDIR SALES,TELEFONE FIXO,TELEFONICA BRASIL S/A,02.558.157/0001-62,"341,36",01/2018
 EDIR SALES,TELEFONE MOVEL,TIM CELULAR S/A,04.206.050/0001-80,"470,98",01/2018
 EDIR SALES,COMBUSTIVEL,RIP POSTOS DE SERVIÇO E COM LTDA,43.720.218/0001-23,"893,18",02/2018
 EDIR SALES,COMPOSIÇÃO/ARTE/DIAGRAMAÇÃO/PRODUÇÃO/IMPRESSAO GRAFICA,GRAFICA CAR LTDA ME,38.956.355/0001-21,"3.485,00",02/2018
 EDIR SALES,CONTRATAÇAO DE PESSOA JURIDICA,SPEED PRINT DE DADOS LTDA - EPP,04.629.990/0001-82,"3.750,00",02/2018
 EDIR SALES,CONTRATAÇAO DE PESSOA JURIDICA,KITECH SOLUTIONS INFORMATICA LTDA.,16.912.244/0001-80,"350,00",02/2018
 EDIR SALES,CONTRATAÇAO DE PESSOA JURIDICA,RODRIGO ALVES DA CRUZ DE BRITO,26.022.479/0001-50,"3.300,00",02/2018
 EDIR SALES,INTERMEDIADO - CORREIOS,CAMARA MUNICIPAL DE SÃO PAULO,50.176.288/0001-28,"4.100,96",02/2018
 EDIR SALES,INTERMEDIADO - LOCAÇÃO DE VEÍCULOS,CAMARA MUNICIPAL DE SÃO PAULO,50.176.288/0001-28,"2.148,45",02/2018
 EDIR SALES,INTERMEDIADO - REPROGRAFIA (XEROX/ENCADERNAÇÃO),CAMARA MUNICIPAL DE SÃO PAULO,50.176.288/0001-28,"3.471,30",02/2018
 EDIR SALES,LOCAÇÃO DE MOVEIS E EQUIPAMENTOS,SOFT CLEVER INFORMÁTICA LTDA. - ME,00.280.911/0001-10,"850,00",02/2018
 EDIR SALES,MATERIAL DE ESCRITORIO E OUTROS MATERIAIS DE CONSUMO,CENTER PAPEIS COMERCIAL LTDA.,06.226.820/0001-82,"1.159,10",02/2018
 EDIR SALES,REPROGRAFIA (XEROX/ENCADERNAÇÃO),NACIONAL CÓPIAS S/S LTDA - EPP,07.043.632/0001-81,"16,00",02/2018
 EDIR SALES,REPROGRAFIA (XEROX/ENCADERNAÇÃO),IRISARA COMÉRCIO E SERVIÇOS LTDA.,10.376.277/0001-77,"86,00",02/2018
 EDIR SALES,TELEFONE FIXO,TELEFONICA BRASIL S/A,02.558.157/0001-62,"312,30",02/2018
 EDIR SALES,TELEFONE MOVEL,TIM CELULAR S/A,04.206.050/0001-80,"443,15",02/2018
 EDIR SALES,COMBUSTIVEL,RIP POSTOS DE SERVIÇO E COM LTDA,43.720.218/0001-23,"982,04",03/2018
 EDIR SALES,COMPOSIÇÃO/ARTE/DIAGRAMAÇÃO/PRODUÇÃO/IMPRESSAO GRAFICA,GRAFICA CAR LTDA ME,38.956.355/0001-21,"3.415,00",03/2018
 EDIR SALES,CONTRATAÇAO DE PESSOA JURIDICA,KITECH SOLUTIONS INFORMATICA LTDA.,16.912.244/0001-80,"350,00",03/2018
 EDIR SALES,CONTRATAÇAO DE PESSOA JURIDICA,RODRIGO ALVES DA CRUZ DE BRITO,26.022.479/0001-50,"3.500,00",03/2018
 EDIR SALES,EVENTOS/SEMINARIOS,YVONE MONTE BUONGERMINO,07.452.594/0001-10,"2.200,00",03/2018
 EDIR SALES,INTERMEDIADO - CORREIOS,CAMARA MUNICIPAL DE SÃO PAULO,50.176.288/0001-28,"8.069,33",03/2018
 EDIR SALES,INTERMEDIADO - LOCAÇÃO DE VEÍCULOS,CAMARA MUNICIPAL DE SÃO PAULO,50.176.288/0001-28,"2.148,45",03/2018
 EDIR SALES,INTERMEDIADO - REPROGRAFIA (XEROX/ENCADERNAÇÃO),CAMARA MUNICIPAL DE SÃO PAULO,50.176.288/0001-28,"2.651,04",03/2018
 EDIR SALES,LOCAÇÃO DE MOVEIS E EQUIPAMENTOS,SOFT CLEVER INFORMÁTICA LTDA. - ME,00.280.911/0001-10,"850,00",03/2018
 EDIR SALES,MATERIAL DE ESCRITORIO E OUTROS MATERIAIS DE CONSUMO,CENTER PAPEIS COMERCIAL LTDA.,06.226.820/0001-82,"366,90",03/2018
 EDIR SALES,REPROGRAFIA (XEROX/ENCADERNAÇÃO),NACIONAL CÓPIAS S/S LTDA - EPP,07.043.632/0001-81,"836,00",03/2018
 EDIR SALES,REPROGRAFIA (XEROX/ENCADERNAÇÃO),IRISARA COMÉRCIO E SERVIÇOS LTDA.,10.376.277/0001-77,"810,00",03/2018
 EDIR SALES,TELEFONE FIXO,TELEFONICA BRASIL S/A,02.558.157/0001-62,"339,06",03/2018
 EDIR SALES,COMBUSTIVEL,RIP POSTOS DE SERVIÇO E COM LTDA,43.720.218/0001-23,"856,40",04/2018
 EDIR SALES,COMPOSIÇÃO/ARTE/DIAGRAMAÇÃO/PRODUÇÃO/IMPRESSAO GRAFICA,GRAFICA CAR LTDA ME,38.956.355/0001-21,"4.415,00",04/2018
 EDIR SALES,CONTRATAÇAO DE PESSOA JURIDICA,KITECH SOLUTIONS INFORMATICA LTDA.,16.912.244/0001-80,"350,00",04/2018
 EDIR SALES,CONTRATAÇAO DE PESSOA JURIDICA,RODRIGO ALVES DA CRUZ DE BRITO,26.022.479/0001-50,"3.500,00",04/2018
 EDIR SALES,EVENTOS/SEMINARIOS,MAM COMERCIO DE BRINDES LTDA. ME,00.632.558/0001-90,"1.377,00",04/2018
 EDIR SALES,EVENTOS/SEMINARIOS,YVONE MONTE BUONGERMINO,07.452.594/0001-10,"450,00",04/2018
 EDIR SALES,INTERMEDIADO - CORREIOS,CAMARA MUNICIPAL DE SÃO PAULO,50.176.288/0001-28,"4.508,27",04/2018
 EDIR SALES,INTERMEDIADO - LOCAÇÃO DE VEÍCULOS,CAMARA MUNICIPAL DE SÃO PAULO,50.176.288/0001-28,"2.148,45",04/2018
 EDIR SALES,INTERMEDIADO - REPROGRAFIA (XEROX/ENCADERNAÇÃO),CAMARA MUNICIPAL DE SÃO PAULO,50.176.288/0001-28,"2.850,96",04/2018
 EDIR SALES,LOCAÇÃO DE MOVEIS E EQUIPAMENTOS,SOFT CLEVER INFORMÁTICA LTDA. - ME,00.280.911/0001-10,"850,00",04/2018
 EDIR SALES,MATERIAL DE ESCRITORIO E OUTROS MATERIAIS DE CONSUMO,CENTER PAPEIS COMERCIAL LTDA.,06.226.820/0001-82,"629,25",04/2018
 EDIR SALES,MATERIAL DE ESCRITORIO E OUTROS MATERIAIS DE CONSUMO,KALUNGA COMÉRCIO E INDÚSTRIA GRÁFICA LTDA,43.283.811/0018-06,"574,55",04/2018
 EDIR SALES,MATERIAL DE ESCRITORIO E OUTROS MATERIAIS DE CONSUMO,RELEVO CARIMBOS E PLACAS LTDA. - ME,62.018.270/0001-87,"66,00",04/2018
 EDIR SALES,REPROGRAFIA (XEROX/ENCADERNAÇÃO),NACIONAL CÓPIAS S/S LTDA - EPP,07.043.632/0001-81,"808,00",04/2018
 EDIR SALES,TELEFONE FIXO,TELEFONICA BRASIL S/A,02.558.157/0001-62,"348,06",04/2018
 EDIR SALES,TELEFONE MOVEL,TIM CELULAR S/A,04.206.050/0001-80,"361,81",04/2018
 EDIR SALES,COMBUSTIVEL,RIP POSTOS DE SERVIÇO E COM LTDA,43.720.218/0001-23,"961,08",05/2018
 EDIR SALES,COMPOSIÇÃO/ARTE/DIAGRAMAÇÃO/PRODUÇÃO/IMPRESSAO GRAFICA,NACIONAL CÓPIAS S/S LTDA - EPP,07.043.632/0001-81,"8,00",05/2018
 EDIR SALES,COMPOSIÇÃO/ARTE/DIAGRAMAÇÃO/PRODUÇÃO/IMPRESSAO GRAFICA,IRISARA COMÉRCIO E SERVIÇOS LTDA.,10.376.277/0001-77,"30,00",05/2018
 EDIR SALES,COMPOSIÇÃO/ARTE/DIAGRAMAÇÃO/PRODUÇÃO/IMPRESSAO GRAFICA,GRAFICA CAR LTDA ME,38.956.355/0001-21,"3.755,00",05/2018
 EDIR SALES,CONTRATAÇAO DE PESSOA JURIDICA,KITECH SOLUTIONS INFORMATICA LTDA.,16.912.244/0001-80,"350,00",05/2018
 EDIR SALES,CONTRATAÇAO DE PESSOA JURIDICA,RODRIGO ALVES DA CRUZ DE BRITO,26.022.479/0001-50,"3.500,00",05/2018
 EDIR SALES,INTERMEDIADO - CORREIOS,CAMARA MUNICIPAL DE SÃO PAULO,50.176.288/0001-28,"4.730,12",05/2018
 EDIR SALES,INTERMEDIADO - LOCAÇÃO DE VEÍCULOS,CAMARA MUNICIPAL DE SÃO PAULO,50.176.288/0001-28,"2.148,45",05/2018
 EDIR SALES,INTERMEDIADO - REPROGRAFIA (XEROX/ENCADERNAÇÃO),CAMARA MUNICIPAL DE SÃO PAULO,50.176.288/0001-28,"2.435,16",05/2018
 EDIR SALES,LOCAÇÃO DE MOVEIS E EQUIPAMENTOS,SOFT CLEVER INFORMÁTICA LTDA. - ME,00.280.911/0001-10,"850,00",05/2018
 EDIR SALES,MATERIAL DE ESCRITORIO E OUTROS MATERIAIS DE CONSUMO,CENTER PAPEIS COMERCIAL LTDA.,06.226.820/0001-82,"1.333,20",05/2018
 EDIR SALES,MATERIAL DE ESCRITORIO E OUTROS MATERIAIS DE CONSUMO,KALUNGA COMÉRCIO E INDÚSTRIA GRÁFICA LTDA,43.283.811/0018-06,"412,03",05/2018
 EDIR SALES,REPROGRAFIA (XEROX/ENCADERNAÇÃO),NACIONAL CÓPIAS S/S LTDA - EPP,07.043.632/0001-81,"112,00",05/2018
 EDIR SALES,TELEFONE FIXO,TELEFONICA BRASIL S/A,02.558.157/0001-62,"305,30",05/2018
 EDIR SALES,TELEFONE MOVEL,TIM CELULAR S/A,04.206.050/0001-80,"518,83",05/2018
 EDIR SALES,COMBUSTIVEL,RIP POSTOS DE SERVIÇO E COM LTDA,43.720.218/0001-23,"1.039,30",06/2018
 EDIR SALES,CONTRATAÇAO DE PESSOA JURIDICA,KITECH SOLUTIONS INFORMATICA LTDA.,16.912.244/0001-80,"350,00",06/2018
 EDIR SALES,CONTRATAÇAO DE PESSOA JURIDICA,RODRIGO ALVES DA CRUZ DE BRITO,26.022.479/0001-50,"3.500,00",06/2018
 EDIR SALES,INTERMEDIADO - CORREIOS,CAMARA MUNICIPAL DE SÃO PAULO,50.176.288/0001-28,"176,56",06/2018
 EDIR SALES,INTERMEDIADO - LOCAÇÃO DE VEÍCULOS,CAMARA MUNICIPAL DE SÃO PAULO,50.176.288/0001-28,"2.148,45",06/2018
 EDIR SALES,LOCAÇÃO DE MOVEIS E EQUIPAMENTOS,SOFT CLEVER INFORMÁTICA LTDA. - ME,00.280.911/0001-10,"850,00",06/2018
 EDIR SALES,MATERIAL DE ESCRITORIO E OUTROS MATERIAIS DE CONSUMO,CENTER PAPEIS COMERCIAL LTDA.,06.226.820/0001-82,"569,00",06/2018
 EDIR SALES,MATERIAL DE ESCRITORIO E OUTROS MATERIAIS DE CONSUMO,KALUNGA COMÉRCIO E INDÚSTRIA GRÁFICA LTDA,43.283.811/0018-06,"562,47",06/2018
 EDIR SALES,REPROGRAFIA (XEROX/ENCADERNAÇÃO),LIMCOPY COM. E SERV. DE COPIAS EIRELI,02.242.661/0001-59,"1.091,50",06/2018
 EDIR SALES,REPROGRAFIA (XEROX/ENCADERNAÇÃO),IRISARA COMÉRCIO E SERVIÇOS LTDA.,10.376.277/0001-77,"230,00",06/2018
 EDIR SALES,TELEFONE FIXO,TELEFONICA BRASIL S/A,02.558.157/0001-62,"321,59",06/2018
 EDIR SALES,TELEFONE MOVEL,TIM CELULAR S/A,04.206.050/0001-80,"372,82",06/2018
 EDIR SALES,COMBUSTIVEL,RIP POSTOS DE SERVIÇO E COM LTDA,43.720.218/0001-23,"1.168,27",07/2018
 EDIR SALES,CONTRATAÇAO DE PESSOA JURIDICA,KITECH SOLUTIONS INFORMATICA LTDA.,16.912.244/0001-80,"350,00",07/2018
 EDIR SALES,CONTRATAÇAO DE PESSOA JURIDICA,RODRIGO ALVES DA CRUZ DE BRITO,26.022.479/0001-50,"3.500,00",07/2018
 EDIR SALES,INTERMEDIADO - CORREIOS,CAMARA MUNICIPAL DE SÃO PAULO,50.176.288/0001-28,"810,36",07/2018
 EDIR SALES,INTERMEDIADO - LOCAÇÃO DE VEÍCULOS,CAMARA MUNICIPAL DE SÃO PAULO,50.176.288/0001-28,"2.148,45",07/2018
 EDIR SALES,LOCAÇÃO DE MOVEIS E EQUIPAMENTOS,SOFT CLEVER INFORMÁTICA LTDA. - ME,00.280.911/0001-10,"850,00",07/2018
 EDIR SALES,REPROGRAFIA (XEROX/ENCADERNAÇÃO),LIMCOPY COM. E SERV. DE COPIAS EIRELI,02.242.661/0001-59,"1.297,00",07/2018
 EDIR SALES,TELEFONE MOVEL,TIM CELULAR S/A,04.206.050/0001-80,"461,47",07/2018
 EDIR SALES,COMBUSTIVEL,RIP POSTOS DE SERVIÇO E COM LTDA,43.720.218/0001-23,"1.063,23",08/2018
 EDIR SALES,CONTRATAÇAO DE PESSOA JURIDICA,KITECH SOLUTIONS INFORMATICA LTDA.,16.912.244/0001-80,"350,00",08/2018
 EDIR SALES,CONTRATAÇAO DE PESSOA JURIDICA,RODRIGO ALVES DA CRUZ DE BRITO,26.022.479/0001-50,"2.000,00",08/2018
 EDIR SALES,CONTRATAÇAO DE PESSOA JURIDICA,ANDRÉ SOARES BARROS,30.956.455/0001-46,"2.000,00",08/2018
 EDIR SALES,INTERMEDIADO - CORREIOS,CAMARA MUNICIPAL DE SÃO PAULO,50.176.288/0001-28,"304,11",08/2018
 EDIR SALES,INTERMEDIADO - LOCAÇÃO DE VEÍCULOS,CAMARA MUNICIPAL DE SÃO PAULO,50.176.288/0001-28,"2.148,45",08/2018
 EDIR SALES,LOCAÇÃO DE MOVEIS E EQUIPAMENTOS,SOFT CLEVER INFORMÁTICA LTDA. - ME,00.280.911/0001-10,"850,00",08/2018
 EDIR SALES,MATERIAL DE ESCRITORIO E OUTROS MATERIAIS DE CONSUMO,CENTER PAPEIS COMERCIAL LTDA.,06.226.820/0001-82,"445,10",08/2018
 EDIR SALES,MATERIAL DE ESCRITORIO E OUTROS MATERIAIS DE CONSUMO,JOSEFA ARENA THOMAZ ME,25.311.877/0001-24,"500,00",08/2018
 EDIR SALES,MATERIAL DE ESCRITORIO E OUTROS MATERIAIS DE CONSUMO,KALUNGA COMÉRCIO E INDÚSTRIA GRÁFICA LTDA,43.283.811/0018-06,"484,05",08/2018
 EDIR SALES,REPROGRAFIA (XEROX/ENCADERNAÇÃO),LIMCOPY COM. E SERV. DE COPIAS EIRELI,02.242.661/0001-59,"446,25",08/2018
 EDIR SALES,TELEFONE FIXO,TELEFONICA BRASIL S/A,02.558.157/0001-62,"312,49",08/2018
 EDIR SALES,TELEFONE MOVEL,TIM CELULAR S/A,04.206.050/0001-80,"413,50",08/2018
 EDIR SALES,COMBUSTIVEL,RIP POSTOS DE SERVIÇO E COM LTDA,43.720.218/0001-23,"529,33",09/2018
 EDIR SALES,CONTRATAÇAO DE PESSOA JURIDICA,KITECH SOLUTIONS INFORMATICA LTDA.,16.912.244/0001-80,"350,00",09/2018
 EDIR SALES,CONTRATAÇAO DE PESSOA JURIDICA,RODRIGO ALVES DA CRUZ DE BRITO,26.022.479/0001-50,"3.500,00",09/2018
 EDIR SALES,CONTRATAÇAO DE PESSOA JURIDICA,ANDRÉ SOARES BARROS,30.956.455/0001-46,"3.500,00",09/2018
 EDIR SALES,INTERMEDIADO - CORREIOS,CAMARA MUNICIPAL DE SÃO PAULO,50.176.288/0001-28,"29,33",09/2018
 EDIR SALES,INTERMEDIADO - LOCAÇÃO DE VEÍCULOS,CAMARA MUNICIPAL DE SÃO PAULO,50.176.288/0001-28,"2.148,45",09/2018
 EDIR SALES,LOCAÇÃO DE MOVEIS E EQUIPAMENTOS,SOFT CLEVER INFORMÁTICA LTDA. - ME,00.280.911/0001-10,"850,00",09/2018
 EDIR SALES,TELEFONE FIXO,TELEFONICA BRASIL S/A,02.558.157/0001-62,"322,40",09/2018
 EDIR SALES,TELEFONE MOVEL,TIM CELULAR S/A,04.206.050/0001-80,"593,92",09/2018
 EDIR SALES,COMBUSTIVEL,RIP POSTOS DE SERVIÇO E COM LTDA,43.720.218/0001-23,"793,22",10/2018
 EDIR SALES,CONTRATAÇAO DE PESSOA JURIDICA,KITECH SOLUTIONS INFORMATICA LTDA.,16.912.244/0001-80,"350,00",10/2018
 EDIR SALES,CONTRATAÇAO DE PESSOA JURIDICA,RODRIGO ALVES DA CRUZ DE BRITO,26.022.479/0001-50,"3.500,00",10/2018
 EDIR SALES,CONTRATAÇAO DE PESSOA JURIDICA,ANDRÉ SOARES BARROS,30.956.455/0001-46,"3.500,00",10/2018
 EDIR SALES,INTERMEDIADO - CORREIOS,CAMARA MUNICIPAL DE SÃO PAULO,50.176.288/0001-28,"115,99",10/2018
 EDIR SALES,INTERMEDIADO - LOCAÇÃO DE VEÍCULOS,CAMARA MUNICIPAL DE SÃO PAULO,50.176.288/0001-28,"2.148,45",10/2018
 EDIR SALES,LOCAÇÃO DE MOVEIS E EQUIPAMENTOS,SOFT CLEVER INFORMÁTICA LTDA. - ME,00.280.911/0001-10,"850,00",10/2018
 EDIR SALES,MATERIAL DE ESCRITORIO E OUTROS MATERIAIS DE CONSUMO,KALUNGA COMÉRCIO E INDÚSTRIA GRÁFICA LTDA,43.283.811/0018-06,"390,92",10/2018
 EDIR SALES,MATERIAL DE ESCRITORIO E OUTROS MATERIAIS DE CONSUMO,KALUNGA COMERCIO E INDUSTRIA GRÁFICA LTDA,43.283.811/0200-02,"323,40",10/2018
 EDIR SALES,REPROGRAFIA (XEROX/ENCADERNAÇÃO),LIMCOPY COM. E SERV. DE COPIAS EIRELI,02.242.661/0001-59,"516,00",10/2018
 EDIR SALES,TELEFONE FIXO,TELEFONICA BRASIL S/A,02.558.157/0001-62,"296,98",10/2018
 EDIR SALES,COMBUSTIVEL,RIP POSTOS DE SERVIÇO E COM LTDA,43.720.218/0001-23,"1.014,44",11/2018
 EDIR SALES,COMPOSIÇÃO/ARTE/DIAGRAMAÇÃO/PRODUÇÃO/IMPRESSAO GRAFICA,GRAFICA CAR LTDA ME,38.956.355/0001-21,"8.000,00",11/2018
 EDIR SALES,CONTRATAÇAO DE PESSOA JURIDICA,KITECH SOLUTIONS INFORMATICA LTDA.,16.912.244/0001-80,"350,00",11/2018
 EDIR SALES,CONTRATAÇAO DE PESSOA JURIDICA,RODRIGO ALVES DA CRUZ DE BRITO,26.022.479/0001-50,"3.500,00",11/2018
 EDIR SALES,CONTRATAÇAO DE PESSOA JURIDICA,ANDRÉ SOARES BARROS,30.956.455/0001-46,"3.500,00",11/2018
 EDIR SALES,INTERMEDIADO - CORREIOS,CAMARA MUNICIPAL DE SÃO PAULO,50.176.288/0001-28,"49,83",11/2018
 EDIR SALES,INTERMEDIADO - LOCAÇÃO DE VEÍCULOS,CAMARA MUNICIPAL DE SÃO PAULO,50.176.288/0001-28,"2.148,45",11/2018
 EDIR SALES,INTERMEDIADO - REPROGRAFIA (XEROX/ENCADERNAÇÃO),CAMARA MUNICIPAL DE SÃO PAULO,50.176.288/0001-28,"63,00",11/2018
 EDIR SALES,LOCAÇÃO DE MOVEIS E EQUIPAMENTOS,SOFT CLEVER INFORMÁTICA LTDA. - ME,00.280.911/0001-10,"850,00",11/2018
 EDIR SALES,MATERIAL DE ESCRITORIO E OUTROS MATERIAIS DE CONSUMO,CENTER PAPEIS COMERCIAL LTDA.,06.226.820/0001-82,"782,50",11/2018
 EDIR SALES,MATERIAL DE ESCRITORIO E OUTROS MATERIAIS DE CONSUMO,JOSEFA ARENA THOMAZ ME,25.311.877/0001-24,"830,00",11/2018
 EDIR SALES,TELEFONE FIXO,TELEFONICA BRASIL S/A,02.558.157/0001-62,"319,54",11/2018
 EDIR SALES,TELEFONE MOVEL,TIM CELULAR S/A,04.206.050/0001-80,"456,77",11/2018
 EDIR SALES,COMBUSTIVEL,AUTO POSTO GRANERO LTDA.,05.468.615/0001-60,"1.165,07",12/2018
 EDIR SALES,COMPOSIÇÃO/ARTE/DIAGRAMAÇÃO/PRODUÇÃO/IMPRESSAO GRAFICA,SPEED PRINT DE DADOS LTDA - EPP,04.629.990/0001-82,"8.000,00",12/2018
 EDIR SALES,CONTRATAÇAO DE PESSOA JURIDICA,KITECH SOLUTIONS INFORMATICA LTDA.,16.912.244/0001-80,"350,00",12/2018
 EDIR SALES,CONTRATAÇAO DE PESSOA JURIDICA,RODRIGO ALVES DA CRUZ DE BRITO,26.022.479/0001-50,"3.500,00",12/2018
 EDIR SALES,CONTRATAÇAO DE PESSOA JURIDICA,ANDRÉ SOARES BARROS,30.956.455/0001-46,"3.500,00",12/2018
 EDIR SALES,EVENTOS/SEMINARIOS,YVONE MONTE BUONGERMINO,07.452.594/0001-10,"400,00",12/2018
 EDIR SALES,INTERMEDIADO - CORREIOS,CAMARA MUNICIPAL DE SÃO PAULO,50.176.288/0001-28,"36.424,28",12/2018
 EDIR SALES,INTERMEDIADO - LOCAÇÃO DE VEÍCULOS,CAMARA MUNICIPAL DE SÃO PAULO,50.176.288/0001-28,"2.148,45",12/2018
 EDIR SALES,LOCAÇÃO DE MOVEIS E EQUIPAMENTOS,SOFT CLEVER INFORMÁTICA LTDA. - ME,00.280.911/0001-10,"850,00",12/2018
 EDIR SALES,MATERIAL DE ESCRITORIO E OUTROS MATERIAIS DE CONSUMO,CENTER PAPEIS COMERCIAL LTDA.,06.226.820/0001-82,"299,35",12/2018
 EDIR SALES,MATERIAL DE ESCRITORIO E OUTROS MATERIAIS DE CONSUMO,KALUNGA COMÉRCIO E INDÚSTRIA GRÁFICA LTDA,43.283.811/0018-06,"1.052,40",12/2018
 EDIR SALES,REPROGRAFIA (XEROX/ENCADERNAÇÃO),LIMCOPY COM. E SERV. DE COPIAS EIRELI,02.242.661/0001-59,"306,45",12/2018
 EDIR SALES,TELEFONE FIXO,TELEFONICA BRASIL S/A,02.558.157/0001-62,"331,69",12/2018
 EDIR SALES,TELEFONE MOVEL,TIM CELULAR S/A,04.206.050/0001-80,"412,92",12/2018
 EDIR SALES,COMBUSTIVEL,POSTO DE SERVIÇOS MZ LTDA.,17.680.499/0001-28,"657,31",01/2019
 EDIR SALES,COMPOSIÇÃO/ARTE/DIAGRAMAÇÃO/PRODUÇÃO/IMPRESSAO GRAFICA,SPEED PRINT DE DADOS LTDA - EPP,04.629.990/0001-82,"2.440,00",01/2019
 EDIR SALES,COMPOSIÇÃO/ARTE/DIAGRAMAÇÃO/PRODUÇÃO/IMPRESSAO GRAFICA,GRAFICA CAR LTDA ME,38.956.355/0001-21,"4.121,00",01/2019
 EDIR SALES,CONTRATAÇAO DE PESSOA JURIDICA,KITECH SOLUTIONS INFORMATICA LTDA.,16.912.244/0001-80,"350,00",01/2019
 EDIR SALES,CONTRATAÇAO DE PESSOA JURIDICA,RODRIGO ALVES DA CRUZ DE BRITO,26.022.479/0001-50,"3.500,00",01/2019
 EDIR SALES,CONTRATAÇAO DE PESSOA JURIDICA,ANDRÉ SOARES BARROS,30.956.455/0001-46,"2.683,33",01/2019
 EDIR SALES,CONTRATAÇAO DE PESSOA JURIDICA,NATAN SANTANA DOS REIS,32.215.235/0001-97,"2.500,00",01/2019
 EDIR SALES,INTERMEDIADO - CORREIOS,CAMARA MUNICIPAL DE SÃO PAULO,50.176.288/0001-28,"796,11",01/2019
 EDIR SALES,INTERMEDIADO - LOCAÇÃO DE VEÍCULOS,CAMARA MUNICIPAL DE SÃO PAULO,50.176.288/0001-28,"2.199,17",01/2019
 EDIR SALES,LOCAÇÃO DE MOVEIS E EQUIPAMENTOS,SOFT CLEVER INFORMÁTICA LTDA. - ME,00.280.911/0001-10,"850,00",01/2019
 EDIR SALES,MATERIAL DE ESCRITORIO E OUTROS MATERIAIS DE CONSUMO,MVS CARTUCHOS LTDA - ME,09.358.717/0001-84,"780,00",01/2019
 EDIR SALES,MATERIAL DE ESCRITORIO E OUTROS MATERIAIS DE CONSUMO,KALUNGA COMÉRCIO E INDÚSTRIA GRÁFICA LTDA,43.283.811/0018-06,"578,18",01/2019
 EDIR SALES,TELEFONE FIXO,TELEFONICA BRASIL S/A,02.558.157/0001-62,"316,24",01/2019
 EDIR SALES,TELEFONE MOVEL,TIM S.A,02.421.421/0006-26,"412,26",01/2019
 EDIR SALES,COMBUSTIVEL,POSTO DE SERVIÇOS MZ LTDA.,17.680.499/0001-28,"1.100,65",02/2019
 EDIR SALES,CONTRATAÇAO DE PESSOA JURIDICA,KITECH SOLUTIONS INFORMATICA LTDA.,16.912.244/0001-80,"350,00",02/2019
 EDIR SALES,CONTRATAÇAO DE PESSOA JURIDICA,RODRIGO ALVES DA CRUZ DE BRITO,26.022.479/0001-50,"3.500,00",02/2019
 EDIR SALES,CONTRATAÇAO DE PESSOA JURIDICA,ANDRÉ SOARES BARROS,30.956.455/0001-46,"3.500,00",02/2019
 EDIR SALES,CONTRATAÇAO DE PESSOA JURIDICA,NATAN SANTANA DOS REIS,32.215.235/0001-97,"2.500,00",02/2019
 EDIR SALES,INTERMEDIADO - CORREIOS,CAMARA MUNICIPAL DE SÃO PAULO,50.176.288/0001-28,"52,60",02/2019
 EDIR SALES,INTERMEDIADO - LOCAÇÃO DE VEÍCULOS,CAMARA MUNICIPAL DE SÃO PAULO,50.176.288/0001-28,"2.214,62",02/2019
 EDIR SALES,LOCAÇÃO DE MOVEIS E EQUIPAMENTOS,SOFT CLEVER INFORMÁTICA LTDA. - ME,00.280.911/0001-10,"850,00",02/2019
 EDIR SALES,MATERIAL DE ESCRITORIO E OUTROS MATERIAIS DE CONSUMO,CENTER PAPEIS COMERCIAL LTDA.,06.226.820/0001-82,"372,90",02/2019
 EDIR SALES,TELEFONE FIXO,TELEFONICA BRASIL S/A,02.558.157/0001-62,"332,95",02/2019
 EDIR SALES,COMBUSTIVEL,POSTO DE SERVIÇOS MZ LTDA.,17.680.499/0001-28,"1.008,00",03/2019
 EDIR SALES,COMPOSIÇÃO/ARTE/DIAGRAMAÇÃO/PRODUÇÃO/IMPRESSAO GRAFICA,GRAFICA CAR LTDA ME,38.956.355/0001-21,"780,00",03/2019
 EDIR SALES,CONTRATAÇAO DE PESSOA JURIDICA,MARCIO PIZONI TEIXEIRA,29.889.378/0001-70,"3.200,00",03/2019
 EDIR SALES,CONTRATAÇAO DE PESSOA JURIDICA,ANDRÉ SOARES BARROS,30.956.455/0001-46,"3.500,00",03/2019
 EDIR SALES,CONTRATAÇAO DE PESSOA JURIDICA,NATAN SANTANA DOS REIS,32.215.235/0001-97,"2.500,00",03/2019
 EDIR SALES,INTERMEDIADO - CORREIOS,CAMARA MUNICIPAL DE SÃO PAULO,50.176.288/0001-28,"994,46",03/2019
 EDIR SALES,INTERMEDIADO - LOCAÇÃO DE VEÍCULOS,CAMARA MUNICIPAL DE SÃO PAULO,50.176.288/0001-28,"2.214,62",03/2019
 EDIR SALES,LOCAÇÃO DE MOVEIS E EQUIPAMENTOS,SOFT CLEVER INFORMÁTICA LTDA. - ME,00.280.911/0001-10,"850,00",03/2019
 EDIR SALES,MATERIAL DE ESCRITORIO E OUTROS MATERIAIS DE CONSUMO,MVS CARTUCHOS LTDA - ME,09.358.717/0001-84,"500,00",03/2019
 EDIR SALES,MATERIAL DE ESCRITORIO E OUTROS MATERIAIS DE CONSUMO,KALUNGA COMÉRCIO E INDÚSTRIA GRÁFICA LTDA,43.283.811/0018-06,"618,77",03/2019
 EDIR SALES,REPROGRAFIA (XEROX/ENCADERNAÇÃO),LIMCOPY COM. E SERV. DE COPIAS EIRELI,02.242.661/0001-59,"128,00",03/2019
 EDIR SALES,TELEFONE FIXO,TELEFONICA BRASIL S/A,02.558.157/0001-62,"322,25",03/2019
 EDIR SALES,COMBUSTIVEL,AUTO POSTO GRANERO LTDA.,05.468.615/0001-60,"635,15",04/2019
 EDIR SALES,COMBUSTIVEL,POSTO DE SERVIÇOS MZ LTDA.,17.680.499/0001-28,"522,00",04/2019
 EDIR SALES,CONTRATAÇAO DE PESSOA JURIDICA,KITECH SOLUTIONS INFORMATICA LTDA.,16.912.244/0001-80,"350,00",04/2019
 EDIR SALES,CONTRATAÇAO DE PESSOA JURIDICA,MARCIO PIZONI TEIXEIRA,29.889.378/0001-70,"3.500,00",04/2019
 EDIR SALES,CONTRATAÇAO DE PESSOA JURIDICA,ANDRÉ SOARES BARROS,30.956.455/0001-46,"3.500,00",04/2019
 EDIR SALES,CONTRATAÇAO DE PESSOA JURIDICA,NATAN SANTANA DOS REIS,32.215.235/0001-97,"2.500,00",04/2019
 EDIR SALES,EVENTOS/SEMINARIOS,YVONE MONTE BUONGERMINO,07.452.594/0001-10,"520,00",04/2019
 EDIR SALES,EVENTOS/SEMINARIOS,ARTE LU E RO GRAFICA EIRELI,18.588.528/0001-99,"1.530,00",04/2019
 EDIR SALES,INTERMEDIADO - CORREIOS,CAMARA MUNICIPAL DE SÃO PAULO,50.176.288/0001-28,"78,82",04/2019
 EDIR SALES,INTERMEDIADO - LOCAÇÃO DE VEÍCULOS,CAMARA MUNICIPAL DE SÃO PAULO,50.176.288/0001-28,"2.214,62",04/2019
 EDIR SALES,LOCAÇÃO DE MOVEIS E EQUIPAMENTOS,SOFT CLEVER INFORMÁTICA LTDA. - ME,00.280.911/0001-10,"850,00",04/2019
 EDIR SALES,MATERIAL DE ESCRITORIO E OUTROS MATERIAIS DE CONSUMO,CENTER PAPEIS COMERCIAL LTDA.,06.226.820/0001-82,"405,95",04/2019
 EDIR SALES,TELEFONE FIXO,TELEFONICA BRASIL S/A,02.558.157/0001-62,"282,20",04/2019
 EDIR SALES,TELEFONE MOVEL,TIM S.A,02.421.421/0006-26,"358,55",04/2019
 EDIR SALES,COMBUSTIVEL,AUTO POSTO GRANERO LTDA.,05.468.615/0001-60,"819,12",05/2019
 EDIR SALES,COMPOSIÇÃO/ARTE/DIAGRAMAÇÃO/PRODUÇÃO/IMPRESSAO GRAFICA,MARCIO PIZONI TEIXEIRA,29.889.378/0001-70,"227,00",05/2019
 EDIR SALES,CONTRATAÇAO DE PESSOA JURIDICA,KITECH SOLUTIONS INFORMATICA LTDA.,16.912.244/0001-80,"350,00",05/2019
 EDIR SALES,CONTRATAÇAO DE PESSOA JURIDICA,MARCIO PIZONI TEIXEIRA,29.889.378/0001-70,"3.500,00",05/2019
 EDIR SALES,CONTRATAÇAO DE PESSOA JURIDICA,ANDRÉ SOARES BARROS,30.956.455/0001-46,"3.500,00",05/2019
 EDIR SALES,CONTRATAÇAO DE PESSOA JURIDICA,NATAN SANTANA DOS REIS,32.215.235/0001-97,"2.500,00",05/2019
 EDIR SALES,EVENTOS/SEMINARIOS,YVONE MONTE BUONGERMINO,07.452.594/0001-10,"585,00",05/2019
 EDIR SALES,EVENTOS/SEMINARIOS,ARTE LU E RO GRAFICA EIRELI,18.588.528/0001-99,"160,00",05/2019
 EDIR SALES,INTERMEDIADO - CORREIOS,CAMARA MUNICIPAL DE SÃO PAULO,50.176.288/0001-28,"119,91",05/2019
 EDIR SALES,INTERMEDIADO - LOCAÇÃO DE VEÍCULOS,CAMARA MUNICIPAL DE SÃO PAULO,50.176.288/0001-28,"2.214,62",05/2019
 EDIR SALES,LOCAÇÃO DE MOVEIS E EQUIPAMENTOS,SOFT CLEVER INFORMÁTICA LTDA. - ME,00.280.911/0001-10,"850,00",05/2019
 EDIR SALES,MATERIAL DE ESCRITORIO E OUTROS MATERIAIS DE CONSUMO,CENTER PAPEIS COMERCIAL LTDA.,06.226.820/0001-82,"336,25",05/2019
 EDIR SALES,MATERIAL DE ESCRITORIO E OUTROS MATERIAIS DE CONSUMO,NADEJE P G SILVA,32.990.466/0001-78,"500,00",05/2019
 EDIR SALES,MATERIAL DE ESCRITORIO E OUTROS MATERIAIS DE CONSUMO,KALUNGA COMÉRCIO E INDÚSTRIA GRÁFICA LTDA,43.283.811/0018-06,"378,20",05/2019
 EDIR SALES,REPROGRAFIA (XEROX/ENCADERNAÇÃO),LIMCOPY COM. E SERV. DE COPIAS EIRELI,02.242.661/0001-59,"380,00",05/2019
 EDIR SALES,TELEFONE FIXO,TELEFONICA BRASIL S/A,02.558.157/0001-62,"332,27",05/2019
 EDIR SALES,TELEFONE MOVEL,TIM S.A,02.421.421/0006-26,"378,64",05/2019
 EDIR SALES,COMBUSTIVEL,RRJF AUTO POSTO LTDA,26.201.572/0001-22,"1.118,11",06/2019
 EDIR SALES,COMPOSIÇÃO/ARTE/DIAGRAMAÇÃO/PRODUÇÃO/IMPRESSAO GRAFICA,MARCIO PIZONI TEIXEIRA,29.889.378/0001-70,"309,50",06/2019
 EDIR SALES,COMPOSIÇÃO/ARTE/DIAGRAMAÇÃO/PRODUÇÃO/IMPRESSAO GRAFICA,GRAFICA CAR LTDA ME,38.956.355/0001-21,"2.950,00",06/2019
 EDIR SALES,CONTRATAÇAO DE PESSOA JURIDICA,KITECH SOLUTIONS INFORMATICA LTDA.,16.912.244/0001-80,"350,00",06/2019
 EDIR SALES,CONTRATAÇAO DE PESSOA JURIDICA,MARCIO PIZONI TEIXEIRA,29.889.378/0001-70,"3.500,00",06/2019
 EDIR SALES,CONTRATAÇAO DE PESSOA JURIDICA,ANDRÉ SOARES BARROS,30.956.455/0001-46,"3.500,00",06/2019
 EDIR SALES,CONTRATAÇAO DE PESSOA JURIDICA,NATAN SANTANA DOS REIS,32.215.235/0001-97,"2.500,00",06/2019
 EDIR SALES,EVENTOS/SEMINARIOS,ARTE LU E RO GRAFICA EIRELI,18.588.528/0001-99,"480,00",06/2019
 EDIR SALES,INTERMEDIADO - CORREIOS,CAMARA MUNICIPAL DE SÃO PAULO,50.176.288/0001-28,"2.008,00",06/2019
 EDIR SALES,INTERMEDIADO - LOCAÇÃO DE VEÍCULOS,CAMARA MUNICIPAL DE SÃO PAULO,50.176.288/0001-28,"2.214,62",06/2019
 EDIR SALES,LOCAÇÃO DE MOVEIS E EQUIPAMENTOS,SOFT CLEVER INFORMÁTICA LTDA. - ME,00.280.911/0001-10,"850,00",06/2019
 EDIR SALES,MATERIAL DE ESCRITORIO E OUTROS MATERIAIS DE CONSUMO,CENTER PAPEIS COMERCIAL LTDA.,06.226.820/0001-82,"441,05",06/2019
 EDIR SALES,MATERIAL DE ESCRITORIO E OUTROS MATERIAIS DE CONSUMO,KALUNGA COMÉRCIO E INDÚSTRIA GRÁFICA LTDA,43.283.811/0018-06,"582,29",06/2019
 EDIR SALES,REPROGRAFIA (XEROX/ENCADERNAÇÃO),LIMCOPY COM. E SERV. DE COPIAS EIRELI,02.242.661/0001-59,"444,00",06/2019
 EDIR SALES,TELEFONE FIXO,TELEFONICA BRASIL S/A,02.558.157/0001-62,"306,58",06/2019
 EDIR SALES,TELEFONE MOVEL,TIM S.A,02.421.421/0006-26,"351,00",06/2019
 EDIR SALES,COMBUSTIVEL,RRJF AUTO POSTO LTDA,26.201.572/0001-22,"1.206,58",07/2019
 EDIR SALES,COMPOSIÇÃO/ARTE/DIAGRAMAÇÃO/PRODUÇÃO/IMPRESSAO GRAFICA,MARCIO PIZONI TEIXEIRA,29.889.378/0001-70,"1.152,80",07/2019
 EDIR SALES,COMPOSIÇÃO/ARTE/DIAGRAMAÇÃO/PRODUÇÃO/IMPRESSAO GRAFICA,GRAFICA CAR LTDA ME,38.956.355/0001-21,"3.560,00",07/2019
 EDIR SALES,CONTRATAÇAO DE PESSOA JURIDICA,KITECH SOLUTIONS INFORMATICA LTDA.,16.912.244/0001-80,"350,00",07/2019
 EDIR SALES,CONTRATAÇAO DE PESSOA JURIDICA,MARCIO PIZONI TEIXEIRA,29.889.378/0001-70,"3.500,00",07/2019
 EDIR SALES,CONTRATAÇAO DE PESSOA JURIDICA,ANDRÉ SOARES BARROS,30.956.455/0001-46,"3.500,00",07/2019
 EDIR SALES,CONTRATAÇAO DE PESSOA JURIDICA,NATAN SANTANA DOS REIS,32.215.235/0001-97,"2.500,00",07/2019
 EDIR SALES,INTERMEDIADO - CORREIOS,CAMARA MUNICIPAL DE SÃO PAULO,50.176.288/0001-28,"6.048,28",07/2019
 EDIR SALES,INTERMEDIADO - LOCAÇÃO DE VEÍCULOS,CAMARA MUNICIPAL DE SÃO PAULO,50.176.288/0001-28,"2.214,62",07/2019
 EDIR SALES,LOCAÇÃO DE MOVEIS E EQUIPAMENTOS,SOFT CLEVER INFORMÁTICA LTDA. - ME,00.280.911/0001-10,"850,00",07/2019
 EDIR SALES,MATERIAL DE ESCRITORIO E OUTROS MATERIAIS DE CONSUMO,CENTER PAPEIS COMERCIAL LTDA.,06.226.820/0001-82,"483,50",07/2019
 EDIR SALES,MATERIAL DE ESCRITORIO E OUTROS MATERIAIS DE CONSUMO,KALUNGA COMÉRCIO E INDÚSTRIA GRÁFICA LTDA,43.283.811/0018-06,"128,47",07/2019
 EDIR SALES,REPROGRAFIA (XEROX/ENCADERNAÇÃO),LIMCOPY COM. E SERV. DE COPIAS EIRELI,02.242.661/0001-59,"776,00",07/2019
 EDIR SALES,TELEFONE FIXO,TELEFONICA BRASIL S/A,02.558.157/0001-62,"325,06",07/2019
 EDIR SALES,TELEFONE MOVEL,TIM S.A,02.421.421/0006-26,"360,72",07/2019
 EDIR SALES,COMBUSTIVEL,RRJF AUTO POSTO LTDA,26.201.572/0001-22,"1.018,94",08/2019
 EDIR SALES,COMPOSIÇÃO/ARTE/DIAGRAMAÇÃO/PRODUÇÃO/IMPRESSAO GRAFICA,MARCIO PIZONI TEIXEIRA,29.889.378/0001-70,"1.844,70",08/2019
 EDIR SALES,COMPOSIÇÃO/ARTE/DIAGRAMAÇÃO/PRODUÇÃO/IMPRESSAO GRAFICA,GRAFICA CAR LTDA ME,38.956.355/0001-21,"2.070,00",08/2019
 EDIR SALES,CONTRATAÇAO DE PESSOA JURIDICA,KITECH SOLUTIONS INFORMATICA LTDA.,16.912.244/0001-80,"350,00",08/2019
 EDIR SALES,CONTRATAÇAO DE PESSOA JURIDICA,MARCIO PIZONI TEIXEIRA,29.889.378/0001-70,"3.500,00",08/2019
 EDIR SALES,CONTRATAÇAO DE PESSOA JURIDICA,ANDRÉ SOARES BARROS,30.956.455/0001-46,"1.866,66",08/2019
 EDIR SALES,CONTRATAÇAO DE PESSOA JURIDICA,NATAN SANTANA DOS REIS,32.215.235/0001-97,"2.500,00",08/2019
 EDIR SALES,EVENTOS/SEMINARIOS,YVONE MONTE BUONGERMINO,07.452.594/0001-10,"1.000,00",08/2019
 EDIR SALES,INTERMEDIADO - CORREIOS,CAMARA MUNICIPAL DE SÃO PAULO,50.176.288/0001-28,"5.779,26",08/2019
 EDIR SALES,INTERMEDIADO - LOCAÇÃO DE VEÍCULOS,CAMARA MUNICIPAL DE SÃO PAULO,50.176.288/0001-28,"2.214,62",08/2019
 EDIR SALES,LOCAÇÃO DE MOVEIS E EQUIPAMENTOS,SOFT CLEVER INFORMÁTICA LTDA. - ME,00.280.911/0001-10,"850,00",08/2019
 EDIR SALES,MATERIAL DE ESCRITORIO E OUTROS MATERIAIS DE CONSUMO,CENTER PAPEIS COMERCIAL LTDA.,06.226.820/0001-82,"1.044,80",08/2019
 EDIR SALES,MATERIAL DE ESCRITORIO E OUTROS MATERIAIS DE CONSUMO,NADEJE P G SILVA,32.990.466/0001-78,"750,00",08/2019
 EDIR SALES,MATERIAL DE ESCRITORIO E OUTROS MATERIAIS DE CONSUMO,KALUNGA COMÉRCIO E INDÚSTRIA GRÁFICA LTDA,43.283.811/0018-06,"295,98",08/2019
 EDIR SALES,REPROGRAFIA (XEROX/ENCADERNAÇÃO),LIMCOPY COM. E SERV. DE COPIAS EIRELI,02.242.661/0001-59,"75,00",08/2019
 EDIR SALES,TELEFONE FIXO,TELEFONICA BRASIL S/A,02.558.157/0001-62,"344,98",08/2019
 EDIR SALES,TELEFONE MOVEL,TIM S.A,02.421.421/0006-26,"471,16",08/2019
 EDIR SALES,COMBUSTIVEL,AUTO POSTO NOVO CENTRO LTDA,02.646.144/0001-45,"100,00",09/2019
 EDIR SALES,COMBUSTIVEL,RRJF AUTO POSTO LTDA,26.201.572/0001-22,"624,09",09/2019
 EDIR SALES,COMBUSTIVEL,AUTO POSTO ITALIA LTDA,61.696.027/0001-55,"228,00",09/2019
 EDIR SALES,COMPOSIÇÃO/ARTE/DIAGRAMAÇÃO/PRODUÇÃO/IMPRESSAO GRAFICA,MARCIO PIZONI TEIXEIRA,29.889.378/0001-70,"3.213,50",09/2019
 EDIR SALES,COMPOSIÇÃO/ARTE/DIAGRAMAÇÃO/PRODUÇÃO/IMPRESSAO GRAFICA,GRAFICA CAR LTDA ME,38.956.355/0001-21,"7.750,00",09/2019
 EDIR SALES,CONTRATAÇAO DE PESSOA JURIDICA,KITECH SOLUTIONS INFORMATICA LTDA.,16.912.244/0001-80,"350,00",09/2019
 EDIR SALES,CONTRATAÇAO DE PESSOA JURIDICA,MARCIO PIZONI TEIXEIRA,29.889.378/0001-70,"3.500,00",09/2019
 EDIR SALES,CONTRATAÇAO DE PESSOA JURIDICA,NATAN SANTANA DOS REIS,32.215.235/0001-97,"2.500,00",09/2019
 EDIR SALES,EVENTOS/SEMINARIOS,YVONE MONTE BUONGERMINO,07.452.594/0001-10,"1.800,00",09/2019
 EDIR SALES,INTERMEDIADO - CORREIOS,CAMARA MUNICIPAL DE SÃO PAULO,50.176.288/0001-28,"5.100,24",09/2019
 EDIR SALES,INTERMEDIADO - LOCAÇÃO DE VEÍCULOS,CAMARA MUNICIPAL DE SÃO PAULO,50.176.288/0001-28,"2.214,62",09/2019
 EDIR SALES,LOCAÇÃO DE MOVEIS E EQUIPAMENTOS,SOFT CLEVER INFORMÁTICA LTDA. - ME,00.280.911/0001-10,"850,00",09/2019
 EDIR SALES,MATERIAL DE ESCRITORIO E OUTROS MATERIAIS DE CONSUMO,CENTER PAPEIS COMERCIAL LTDA.,06.226.820/0001-82,"474,80",09/2019
 EDIR SALES,MATERIAL DE ESCRITORIO E OUTROS MATERIAIS DE CONSUMO,KALUNGA COMÉRCIO E INDÚSTRIA GRÁFICA LTDA,43.283.811/0018-06,"165,60",09/2019
 EDIR SALES,REPROGRAFIA (XEROX/ENCADERNAÇÃO),LIMCOPY COM. E SERV. DE COPIAS EIRELI,02.242.661/0001-59,"832,50",09/2019
 EDIR SALES,TELEFONE FIXO,TELEFONICA BRASIL S/A,02.558.157/0001-62,"350,43",09/2019
 EDIR SALES,TELEFONE MOVEL,TIM S.A,02.421.421/0006-26,"347,82",09/2019
 EDIR SALES,COMBUSTIVEL,RRJF AUTO POSTO LTDA,26.201.572/0001-22,"183,00",10/2019
 EDIR SALES,COMBUSTIVEL,AUTO POSTO ITALIA LTDA,61.696.027/0001-55,"913,32",10/2019
 EDIR SALES,COMPOSIÇÃO/ARTE/DIAGRAMAÇÃO/PRODUÇÃO/IMPRESSAO GRAFICA,MARCIO PIZONI TEIXEIRA,29.889.378/0001-70,"2.077,90",10/2019
 EDIR SALES,COMPOSIÇÃO/ARTE/DIAGRAMAÇÃO/PRODUÇÃO/IMPRESSAO GRAFICA,GRAFICA CAR LTDA ME,38.956.355/0001-21,"5.440,00",10/2019
 EDIR SALES,CONTRATAÇAO DE PESSOA JURIDICA,MARCIO PIZONI TEIXEIRA,29.889.378/0001-70,"3.500,00",10/2019
 EDIR SALES,CONTRATAÇAO DE PESSOA JURIDICA,NATAN SANTANA DOS REIS,32.215.235/0001-97,"2.500,00",10/2019
 EDIR SALES,CONTRATAÇAO DE PESSOA JURIDICA,CARLOS EDUARDO PAGANI FRANCA,35.011.924/0001-78,"3.500,00",10/2019
 EDIR SALES,EVENTOS/SEMINARIOS,MAM COMERCIO DE BRINDES LTDA. ME,00.632.558/0001-90,"1.260,00",10/2019
 EDIR SALES,EVENTOS/SEMINARIOS,ARTE LU E RO GRAFICA EIRELI,18.588.528/0001-99,"160,00",10/2019
 EDIR SALES,INTERMEDIADO - CORREIOS,CAMARA MUNICIPAL DE SÃO PAULO,50.176.288/0001-28,"6.964,95",10/2019
 EDIR SALES,INTERMEDIADO - LOCAÇÃO DE VEÍCULOS,CAMARA MUNICIPAL DE SÃO PAULO,50.176.288/0001-28,"2.214,62",10/2019
 EDIR SALES,LOCAÇÃO DE MOVEIS E EQUIPAMENTOS,SOFT CLEVER INFORMÁTICA LTDA. - ME,00.280.911/0001-10,"1.150,00",10/2019
 EDIR SALES,MATERIAL DE ESCRITORIO E OUTROS MATERIAIS DE CONSUMO,CENTER PAPEIS COMERCIAL LTDA.,06.226.820/0001-82,"889,00",10/2019
 EDIR SALES,MATERIAL DE ESCRITORIO E OUTROS MATERIAIS DE CONSUMO,NADEJE P G SILVA,32.990.466/0001-78,"750,00",10/2019
 EDIR SALES,MATERIAL DE ESCRITORIO E OUTROS MATERIAIS DE CONSUMO,KALUNGA COMÉRCIO E INDÚSTRIA GRÁFICA LTDA,43.283.811/0018-06,"1.136,78",10/2019
 EDIR SALES,REPROGRAFIA (XEROX/ENCADERNAÇÃO),LIMCOPY COM. E SERV. DE COPIAS EIRELI,02.242.661/0001-59,"1.255,75",10/2019
 EDIR SALES,TELEFONE FIXO,TELEFONICA BRASIL S/A,02.558.157/0001-62,"362,38",10/2019
 EDIR SALES,TELEFONE MOVEL,TIM S.A,02.421.421/0006-26,"292,19",10/2019
 EDIR SALES,COMBUSTIVEL,AUTO POSTO ITALIA LTDA,61.696.027/0001-55,"1.209,72",11/2019
 EDIR SALES,COMPOSIÇÃO/ARTE/DIAGRAMAÇÃO/PRODUÇÃO/IMPRESSAO GRAFICA,MARCIO PIZONI TEIXEIRA,29.889.378/0001-70,"2.898,00",11/2019
 EDIR SALES,CONTRATAÇAO DE PESSOA JURIDICA,KITECH SOLUTIONS INFORMATICA LTDA.,16.912.244/0001-80,"350,00",11/2019
 EDIR SALES,CONTRATAÇAO DE PESSOA JURIDICA,MARCIO PIZONI TEIXEIRA,29.889.378/0001-70,"3.500,00",11/2019
 EDIR SALES,CONTRATAÇAO DE PESSOA JURIDICA,NATAN SANTANA DOS REIS,32.215.235/0001-97,"2.500,00",11/2019
 EDIR SALES,CONTRATAÇAO DE PESSOA JURIDICA,CARLOS EDUARDO PAGANI FRANCA,35.011.924/0001-78,"3.500,00",11/2019
 EDIR SALES,INTERMEDIADO - CORREIOS,CAMARA MUNICIPAL DE SÃO PAULO,50.176.288/0001-28,"6.218,67",11/2019
 EDIR SALES,INTERMEDIADO - LOCAÇÃO DE VEÍCULOS,CAMARA MUNICIPAL DE SÃO PAULO,50.176.288/0001-28,"2.214,62",11/2019
 EDIR SALES,LOCAÇÃO DE MOVEIS E EQUIPAMENTOS,SOFT CLEVER INFORMÁTICA LTDA. - ME,00.280.911/0001-10,"1.150,00",11/2019
 EDIR SALES,MATERIAL DE ESCRITORIO E OUTROS MATERIAIS DE CONSUMO,CENTER PAPEIS COMERCIAL LTDA.,06.226.820/0001-82,"484,05",11/2019
 EDIR SALES,REPROGRAFIA (XEROX/ENCADERNAÇÃO),LIMCOPY COM. E SERV. DE COPIAS EIRELI,02.242.661/0001-59,"627,00",11/2019
 EDIR SALES,TELEFONE FIXO,TELEFONICA BRASIL S/A,02.558.157/0001-62,"220,61",11/2019
 EDIR SALES,TELEFONE MOVEL,TIM S.A,02.421.421/0006-26,"347,82",11/2019
 EDIR SALES,COMBUSTIVEL,RRJF AUTO POSTO LTDA,26.201.572/0001-22,"1.246,65",12/2019
 EDIR SALES,COMPOSIÇÃO/ARTE/DIAGRAMAÇÃO/PRODUÇÃO/IMPRESSAO GRAFICA,SPEED PRINT DE DADOS LTDA - EPP,04.629.990/0001-82,"4.000,00",12/2019
 EDIR SALES,COMPOSIÇÃO/ARTE/DIAGRAMAÇÃO/PRODUÇÃO/IMPRESSAO GRAFICA,MARCIO PIZONI TEIXEIRA,29.889.378/0001-70,"1.381,00",12/2019
 EDIR SALES,COMPOSIÇÃO/ARTE/DIAGRAMAÇÃO/PRODUÇÃO/IMPRESSAO GRAFICA,GRAFICA CAR LTDA ME,38.956.355/0001-21,"3.000,00",12/2019
 EDIR SALES,CONTRATAÇAO DE PESSOA JURIDICA,KITECH SOLUTIONS INFORMATICA LTDA.,16.912.244/0001-80,"350,00",12/2019
 EDIR SALES,CONTRATAÇAO DE PESSOA JURIDICA,MARCIO PIZONI TEIXEIRA,29.889.378/0001-70,"3.500,00",12/2019
 EDIR SALES,CONTRATAÇAO DE PESSOA JURIDICA,NATAN SANTANA DOS REIS,32.215.235/0001-97,"2.500,00",12/2019
 EDIR SALES,CONTRATAÇAO DE PESSOA JURIDICA,CARLOS EDUARDO PAGANI FRANCA,35.011.924/0001-78,"3.500,00",12/2019
 EDIR SALES,INTERMEDIADO - CORREIOS,CAMARA MUNICIPAL DE SÃO PAULO,50.176.288/0001-28,"18.058,39",12/2019
 EDIR SALES,INTERMEDIADO - LOCAÇÃO DE VEÍCULOS,CAMARA MUNICIPAL DE SÃO PAULO,50.176.288/0001-28,"2.214,62",12/2019
 EDIR SALES,LOCAÇÃO DE MOVEIS E EQUIPAMENTOS,SOFT CLEVER INFORMÁTICA LTDA. - ME,00.280.911/0001-10,"1.150,00",12/2019
 EDIR SALES,MATERIAL DE ESCRITORIO E OUTROS MATERIAIS DE CONSUMO,CENTER PAPEIS COMERCIAL LTDA.,06.226.820/0001-82,"564,70",12/2019
 EDIR SALES,REPROGRAFIA (XEROX/ENCADERNAÇÃO),LIMCOPY COM. E SERV. DE COPIAS EIRELI,02.242.661/0001-59,"819,15",12/2019
 EDIR SALES,TELEFONE FIXO,TELEFONICA BRASIL S/A,02.558.157/0001-62,"153,82",12/2019
