 CONTE LOPES,COMBUSTIVEL,AUTO POSTO MARANELLO II LTDA,02.297.445/0001-00,"581,39",01/2017
 CONTE LOPES,COMPOSI츒/ARTE/DIAGRAMA츒/PRODU츒/IMPRESSAO GRAFICA,ALEXANDRE LEOPOLDINO MORAES SERVI큞S GR첹ICOS - ME,11.672.161/0001-48,"3.121,65",01/2017
 CONTE LOPES,CONTRATA큐O DE PESSOA JURIDICA,CONDE e DELL ARINGA - DESENVOLVIMENTO DE SOFTWARES LTDA - EPP,09.613.772/0001-73,"430,00",01/2017
 CONTE LOPES,INTERMEDIADO - CORREIOS,CAMARA MUNICIPAL DE S츒 PAULO,50.176.288/0001-28,"3.593,99",01/2017
 CONTE LOPES,INTERMEDIADO - LOCA츒 DE VE펚ULOS,CAMARA MUNICIPAL DE S츒 PAULO,50.176.288/0001-28,"2.058,08",01/2017
 CONTE LOPES,MATERIAL DE ESCRITORIO E OUTROS MATERIAIS DE CONSUMO,CENTER PAPEIS COMERCIAL LTDA.,06.226.820/0001-82,"425,40",01/2017
 CONTE LOPES,MATERIAL DE ESCRITORIO E OUTROS MATERIAIS DE CONSUMO,KALUNGA COMRCIO E INDＣTRIA GR첹ICA LTDA.,43.283.811/0022-84,"429,00",01/2017
 CONTE LOPES,CONTRATA큐O DE PESSOA JURIDICA,CONDE e DELL ARINGA - DESENVOLVIMENTO DE SOFTWARES LTDA - EPP,09.613.772/0001-73,"430,00",02/2017
 CONTE LOPES,INTERMEDIADO - CORREIOS,CAMARA MUNICIPAL DE S츒 PAULO,50.176.288/0001-28,"297,85",02/2017
 CONTE LOPES,INTERMEDIADO - LOCA츒 DE VE펚ULOS,CAMARA MUNICIPAL DE S츒 PAULO,50.176.288/0001-28,"2.101,17",02/2017
 CONTE LOPES,PROVEDOR DE INTERNET,TELEFONICA BRASIL S/A,02.558.157/0001-62,"146,83",02/2017
 CONTE LOPES,COMPOSI츒/ARTE/DIAGRAMA츒/PRODU츒/IMPRESSAO GRAFICA,ALEXANDRE LEOPOLDINO MORAES SERVI큞S GR첹ICOS - ME,11.672.161/0001-48,"5.004,55",03/2017
 CONTE LOPES,CONTRATA큐O DE PESSOA JURIDICA,CONDE e DELL ARINGA - DESENVOLVIMENTO DE SOFTWARES LTDA - EPP,09.613.772/0001-73,"430,00",03/2017
 CONTE LOPES,INTERMEDIADO - CORREIOS,CAMARA MUNICIPAL DE S츒 PAULO,50.176.288/0001-28,"2.874,65",03/2017
 CONTE LOPES,INTERMEDIADO - LOCA츒 DE VE펚ULOS,CAMARA MUNICIPAL DE S츒 PAULO,50.176.288/0001-28,"2.101,17",03/2017
 CONTE LOPES,PROVEDOR DE INTERNET,TELEFONICA BRASIL S/A,02.558.157/0001-62,"148,15",03/2017
 CONTE LOPES,CONTRATA큐O DE PESSOA JURIDICA,CONDE e DELL ARINGA - DESENVOLVIMENTO DE SOFTWARES LTDA - EPP,09.613.772/0001-73,"430,00",04/2017
 CONTE LOPES,INTERMEDIADO - CORREIOS,CAMARA MUNICIPAL DE S츒 PAULO,50.176.288/0001-28,"5.249,66",04/2017
 CONTE LOPES,INTERMEDIADO - LOCA츒 DE VE펚ULOS,CAMARA MUNICIPAL DE S츒 PAULO,50.176.288/0001-28,"2.101,17",04/2017
 CONTE LOPES,MATERIAL DE ESCRITORIO E OUTROS MATERIAIS DE CONSUMO,CENTER PAPEIS COMERCIAL LTDA.,06.226.820/0001-82,"256,40",04/2017
 CONTE LOPES,MATERIAL DE ESCRITORIO E OUTROS MATERIAIS DE CONSUMO,KALUNGA COM. E IND. GRAFICA LTDA,43.283.811/0101-12,"408,20",04/2017
 CONTE LOPES,PROVEDOR DE INTERNET,TELEFONICA BRASIL S/A,02.558.157/0001-62,"149,37",04/2017
 CONTE LOPES,COMBUSTIVEL,AUTO POSTO MARANELLO II LTDA,02.297.445/0001-00,"421,51",05/2017
 CONTE LOPES,COMPOSI츒/ARTE/DIAGRAMA츒/PRODU츒/IMPRESSAO GRAFICA,ALEXANDRE LEOPOLDINO MORAES SERVI큞S GR첹ICOS - ME,11.672.161/0001-48,"5.000,00",05/2017
 CONTE LOPES,CONTRATA큐O DE PESSOA JURIDICA,CONDE e DELL ARINGA - DESENVOLVIMENTO DE SOFTWARES LTDA - EPP,09.613.772/0001-73,"430,00",05/2017
 CONTE LOPES,INTERMEDIADO - CORREIOS,CAMARA MUNICIPAL DE S츒 PAULO,50.176.288/0001-28,"3.684,45",05/2017
 CONTE LOPES,INTERMEDIADO - LOCA츒 DE VE펚ULOS,CAMARA MUNICIPAL DE S츒 PAULO,50.176.288/0001-28,"2.101,17",05/2017
 CONTE LOPES,MATERIAL DE ESCRITORIO E OUTROS MATERIAIS DE CONSUMO,CENTER PAPEIS COMERCIAL LTDA.,06.226.820/0001-82,"239,80",05/2017
 CONTE LOPES,MATERIAL DE ESCRITORIO E OUTROS MATERIAIS DE CONSUMO,KALUNGA COM. E IND. GRAFICA LTDA,43.283.811/0101-12,"330,80",05/2017
 CONTE LOPES,PROVEDOR DE INTERNET,TELEFONICA BRASIL S/A,02.558.157/0001-62,"150,20",05/2017
 CONTE LOPES,COMBUSTIVEL,AUTO POSTO MARANELLO II LTDA,02.297.445/0001-00,"632,70",06/2017
 CONTE LOPES,CONTRATA큐O DE PESSOA JURIDICA,CONDE e DELL ARINGA - DESENVOLVIMENTO DE SOFTWARES LTDA - EPP,09.613.772/0001-73,"430,00",06/2017
 CONTE LOPES,INTERMEDIADO - CORREIOS,CAMARA MUNICIPAL DE S츒 PAULO,50.176.288/0001-28,"3.231,77",06/2017
 CONTE LOPES,INTERMEDIADO - LOCA츒 DE VE펚ULOS,CAMARA MUNICIPAL DE S츒 PAULO,50.176.288/0001-28,"2.101,17",06/2017
 CONTE LOPES,INTERMEDIADO - REPROGRAFIA (XEROX/ENCADERNA츒),CAMARA MUNICIPAL DE S츒 PAULO,50.176.288/0001-28,"0,36",06/2017
 CONTE LOPES,MATERIAL DE ESCRITORIO E OUTROS MATERIAIS DE CONSUMO,CENTER PAPEIS COMERCIAL LTDA.,06.226.820/0001-82,"411,25",06/2017
 CONTE LOPES,PROVEDOR DE INTERNET,TELEFONICA BRASIL S/A,02.558.157/0001-62,"145,65",06/2017
 CONTE LOPES,TELEFONE MOVEL,TELEFONICA BRASIL S/A,02.558.157/0001-62,"269,79",06/2017
 CONTE LOPES,COMBUSTIVEL,AUTO POSTO MARANELLO II LTDA,02.297.445/0001-00,"424,08",07/2017
 CONTE LOPES,CONTRATA큐O DE PESSOA JURIDICA,CONDE e DELL ARINGA - DESENVOLVIMENTO DE SOFTWARES LTDA - EPP,09.613.772/0001-73,"430,00",07/2017
 CONTE LOPES,INTERMEDIADO - CORREIOS,CAMARA MUNICIPAL DE S츒 PAULO,50.176.288/0001-28,"2.881,22",07/2017
 CONTE LOPES,INTERMEDIADO - LOCA츒 DE VE펚ULOS,CAMARA MUNICIPAL DE S츒 PAULO,50.176.288/0001-28,"2.101,17",07/2017
 CONTE LOPES,COMBUSTIVEL,AUTO POSTO MARANELLO II LTDA,02.297.445/0001-00,"1.315,26",08/2017
 CONTE LOPES,CONTRATA큐O DE PESSOA JURIDICA,CONDE e DELL ARINGA - DESENVOLVIMENTO DE SOFTWARES LTDA - EPP,09.613.772/0001-73,"430,00",08/2017
 CONTE LOPES,INTERMEDIADO - CORREIOS,CAMARA MUNICIPAL DE S츒 PAULO,50.176.288/0001-28,"3.188,36",08/2017
 CONTE LOPES,INTERMEDIADO - LOCA츒 DE VE펚ULOS,CAMARA MUNICIPAL DE S츒 PAULO,50.176.288/0001-28,"2.101,17",08/2017
 CONTE LOPES,MATERIAL DE ESCRITORIO E OUTROS MATERIAIS DE CONSUMO,CENTER PAPEIS COMERCIAL LTDA.,06.226.820/0001-82,"830,40",08/2017
 CONTE LOPES,COMBUSTIVEL,AUTO POSTO MARANELLO II LTDA,02.297.445/0001-00,"1.130,76",09/2017
 CONTE LOPES,COMPOSI츒/ARTE/DIAGRAMA츒/PRODU츒/IMPRESSAO GRAFICA,ALEXANDRE LEOPOLDINO MORAES SERVI큞S GR첹ICOS - ME,11.672.161/0001-48,"4.960,00",09/2017
 CONTE LOPES,CONTRATA큐O DE PESSOA JURIDICA,CONDE e DELL ARINGA - DESENVOLVIMENTO DE SOFTWARES LTDA - EPP,09.613.772/0001-73,"430,00",09/2017
 CONTE LOPES,INTERMEDIADO - CORREIOS,CAMARA MUNICIPAL DE S츒 PAULO,50.176.288/0001-28,"3.145,09",09/2017
 CONTE LOPES,INTERMEDIADO - LOCA츒 DE VE펚ULOS,CAMARA MUNICIPAL DE S츒 PAULO,50.176.288/0001-28,"2.101,17",09/2017
 CONTE LOPES,MATERIAL DE ESCRITORIO E OUTROS MATERIAIS DE CONSUMO,CENTER PAPEIS COMERCIAL LTDA.,06.226.820/0001-82,"779,90",09/2017
 CONTE LOPES,MATERIAL DE ESCRITORIO E OUTROS MATERIAIS DE CONSUMO,KALUNGA COM. E IND. GRAFICA LTDA,43.283.811/0101-12,"222,80",09/2017
 CONTE LOPES,COMBUSTIVEL,AUTO POSTO MARANELLO II LTDA,02.297.445/0001-00,"1.069,04",10/2017
 CONTE LOPES,CONTRATA큐O DE PESSOA JURIDICA,CONDE e DELL ARINGA - DESENVOLVIMENTO DE SOFTWARES LTDA - EPP,09.613.772/0001-73,"430,00",10/2017
 CONTE LOPES,INTERMEDIADO - CORREIOS,CAMARA MUNICIPAL DE S츒 PAULO,50.176.288/0001-28,"2.938,73",10/2017
 CONTE LOPES,INTERMEDIADO - LOCA츒 DE VE펚ULOS,CAMARA MUNICIPAL DE S츒 PAULO,50.176.288/0001-28,"2.101,17",10/2017
 CONTE LOPES,INTERMEDIADO - REPROGRAFIA (XEROX/ENCADERNA츒),CAMARA MUNICIPAL DE S츒 PAULO,50.176.288/0001-28,"0,04",10/2017
 CONTE LOPES,MATERIAL DE ESCRITORIO E OUTROS MATERIAIS DE CONSUMO,KALUNGA COM. E IND. GRAFICA LTDA,43.283.811/0101-12,"258,80",10/2017
 CONTE LOPES,PROVEDOR DE INTERNET,TELEFONICA BRASIL S/A,02.558.157/0001-62,"150,20",10/2017
 CONTE LOPES,COMBUSTIVEL,AUTO POSTO MARANELLO II LTDA,02.297.445/0001-00,"902,88",11/2017
 CONTE LOPES,COMPOSI츒/ARTE/DIAGRAMA츒/PRODU츒/IMPRESSAO GRAFICA,ALEXANDRE LEOPOLDINO MORAES SERVI큞S GR첹ICOS - ME,11.672.161/0001-48,"4.270,00",11/2017
 CONTE LOPES,CONTRATA큐O DE PESSOA JURIDICA,CONDE e DELL ARINGA - DESENVOLVIMENTO DE SOFTWARES LTDA - EPP,09.613.772/0001-73,"430,00",11/2017
 CONTE LOPES,INTERMEDIADO - CORREIOS,CAMARA MUNICIPAL DE S츒 PAULO,50.176.288/0001-28,"2.991,50",11/2017
 CONTE LOPES,INTERMEDIADO - LOCA츒 DE VE펚ULOS,CAMARA MUNICIPAL DE S츒 PAULO,50.176.288/0001-28,"2.101,17",11/2017
 CONTE LOPES,MATERIAL DE ESCRITORIO E OUTROS MATERIAIS DE CONSUMO,CENTER PAPEIS COMERCIAL LTDA.,06.226.820/0001-82,"1.587,90",11/2017
 CONTE LOPES,PROVEDOR DE INTERNET,TELEFONICA BRASIL S/A,02.558.157/0001-62,"150,20",11/2017
 CONTE LOPES,COMBUSTIVEL,AUTO POSTO MARANELLO II LTDA,02.297.445/0001-00,"738,80",12/2017
 CONTE LOPES,CONTRATA큐O DE PESSOA JURIDICA,CONDE e DELL ARINGA - DESENVOLVIMENTO DE SOFTWARES LTDA - EPP,09.613.772/0001-73,"430,00",12/2017
 CONTE LOPES,INTERMEDIADO - CORREIOS,CAMARA MUNICIPAL DE S츒 PAULO,50.176.288/0001-28,"10.426,08",12/2017
 CONTE LOPES,INTERMEDIADO - LOCA츒 DE VE펚ULOS,CAMARA MUNICIPAL DE S츒 PAULO,50.176.288/0001-28,"2.101,17",12/2017
 CONTE LOPES,COMBUSTIVEL,AUTO POSTO MARANELLO II LTDA,02.297.445/0001-00,"398,70",01/2018
 CONTE LOPES,COMPOSI츒/ARTE/DIAGRAMA츒/PRODU츒/IMPRESSAO GRAFICA,ALEXANDRE LEOPOLDINO MORAES SERVI큞S GR첹ICOS - ME,11.672.161/0001-48,"5.460,00",01/2018
 CONTE LOPES,CONTRATA큐O DE PESSOA JURIDICA,CONDE e DELL ARINGA - DESENVOLVIMENTO DE SOFTWARES LTDA - EPP,09.613.772/0001-73,"430,00",01/2018
 CONTE LOPES,INTERMEDIADO - CORREIOS,CAMARA MUNICIPAL DE S츒 PAULO,50.176.288/0001-28,"3.974,14",01/2018
 CONTE LOPES,INTERMEDIADO - LOCA츒 DE VE펚ULOS,CAMARA MUNICIPAL DE S츒 PAULO,50.176.288/0001-28,"2.137,42",01/2018
 CONTE LOPES,MATERIAL DE ESCRITORIO E OUTROS MATERIAIS DE CONSUMO,CENTER PAPEIS COMERCIAL LTDA.,06.226.820/0001-82,"234,45",01/2018
 CONTE LOPES,PROVEDOR DE INTERNET,TELEFONICA BRASIL S/A,02.558.157/0001-62,"150,20",01/2018
 CONTE LOPES,COMBUSTIVEL,AUTO POSTO MARANELLO II LTDA,02.297.445/0001-00,"611,55",02/2018
 CONTE LOPES,CONTRATA큐O DE PESSOA JURIDICA,CONDE e DELL ARINGA - DESENVOLVIMENTO DE SOFTWARES LTDA - EPP,09.613.772/0001-73,"430,00",02/2018
 CONTE LOPES,INTERMEDIADO - CORREIOS,CAMARA MUNICIPAL DE S츒 PAULO,50.176.288/0001-28,"2.603,24",02/2018
 CONTE LOPES,INTERMEDIADO - LOCA츒 DE VE펚ULOS,CAMARA MUNICIPAL DE S츒 PAULO,50.176.288/0001-28,"2.148,45",02/2018
 CONTE LOPES,MATERIAL DE ESCRITORIO E OUTROS MATERIAIS DE CONSUMO,CENTER PAPEIS COMERCIAL LTDA.,06.226.820/0001-82,"367,55",02/2018
 CONTE LOPES,MATERIAL DE ESCRITORIO E OUTROS MATERIAIS DE CONSUMO,KALUNGA COM. E IND. GRAFICA LTDA,43.283.811/0101-12,"305,18",02/2018
 CONTE LOPES,PROVEDOR DE INTERNET,TELEFONICA BRASIL S/A,02.558.157/0001-62,"146,97",02/2018
 CONTE LOPES,COMBUSTIVEL,AUTO POSTO MARANELLO II LTDA,02.297.445/0001-00,"901,40",03/2018
 CONTE LOPES,CONTRATA큐O DE PESSOA JURIDICA,CONDE e DELL ARINGA - DESENVOLVIMENTO DE SOFTWARES LTDA - EPP,09.613.772/0001-73,"430,00",03/2018
 CONTE LOPES,INTERMEDIADO - CORREIOS,CAMARA MUNICIPAL DE S츒 PAULO,50.176.288/0001-28,"3.446,47",03/2018
 CONTE LOPES,INTERMEDIADO - LOCA츒 DE VE펚ULOS,CAMARA MUNICIPAL DE S츒 PAULO,50.176.288/0001-28,"2.148,45",03/2018
 CONTE LOPES,LOCA츒 DE MOVEIS E EQUIPAMENTOS,ATTBRASIL TECNOLOGIA LOCA츒 E SOLUES EM INFORMATICA LTDA EPP,22.392.165/0001-99,"1.565,00",03/2018
 CONTE LOPES,PROVEDOR DE INTERNET,TELEFONICA BRASIL S/A,02.558.157/0001-62,"150,20",03/2018
 CONTE LOPES,COMBUSTIVEL,AUTO POSTO MARANELLO II LTDA,02.297.445/0001-00,"717,37",04/2018
 CONTE LOPES,CONTRATA큐O DE PESSOA JURIDICA,CONDE e DELL ARINGA - DESENVOLVIMENTO DE SOFTWARES LTDA - EPP,09.613.772/0001-73,"430,00",04/2018
 CONTE LOPES,INTERMEDIADO - CORREIOS,CAMARA MUNICIPAL DE S츒 PAULO,50.176.288/0001-28,"2.783,64",04/2018
 CONTE LOPES,INTERMEDIADO - LOCA츒 DE VE펚ULOS,CAMARA MUNICIPAL DE S츒 PAULO,50.176.288/0001-28,"2.148,45",04/2018
 CONTE LOPES,LOCA츒 DE MOVEIS E EQUIPAMENTOS,ATTBRASIL TECNOLOGIA LOCA츒 E SOLUES EM INFORMATICA LTDA EPP,22.392.165/0001-99,"1.565,00",04/2018
 CONTE LOPES,MATERIAL DE ESCRITORIO E OUTROS MATERIAIS DE CONSUMO,CENTER PAPEIS COMERCIAL LTDA.,06.226.820/0001-82,"353,30",04/2018
 CONTE LOPES,PROVEDOR DE INTERNET,TELEFONICA BRASIL S/A,02.558.157/0001-62,"150,20",04/2018
 CONTE LOPES,COMBUSTIVEL,AUTO POSTO MARANELLO II LTDA,02.297.445/0001-00,"876,32",05/2018
 CONTE LOPES,CONTRATA큐O DE PESSOA JURIDICA,CONDE e DELL ARINGA - DESENVOLVIMENTO DE SOFTWARES LTDA - EPP,09.613.772/0001-73,"430,00",05/2018
 CONTE LOPES,INTERMEDIADO - CORREIOS,CAMARA MUNICIPAL DE S츒 PAULO,50.176.288/0001-28,"3.725,23",05/2018
 CONTE LOPES,INTERMEDIADO - LOCA츒 DE VE펚ULOS,CAMARA MUNICIPAL DE S츒 PAULO,50.176.288/0001-28,"2.148,45",05/2018
 CONTE LOPES,LOCA츒 DE MOVEIS E EQUIPAMENTOS,ATTBRASIL TECNOLOGIA LOCA츒 E SOLUES EM INFORMATICA LTDA EPP,22.392.165/0001-99,"1.565,00",05/2018
 CONTE LOPES,MATERIAL DE ESCRITORIO E OUTROS MATERIAIS DE CONSUMO,CENTER PAPEIS COMERCIAL LTDA.,06.226.820/0001-82,"365,55",05/2018
 CONTE LOPES,PROVEDOR DE INTERNET,TELEFONICA BRASIL S/A,02.558.157/0001-62,"150,20",05/2018
 CONTE LOPES,COMBUSTIVEL,AUTO POSTO MARANELLO II LTDA,02.297.445/0001-00,"224,09",06/2018
 CONTE LOPES,COMPOSI츒/ARTE/DIAGRAMA츒/PRODU츒/IMPRESSAO GRAFICA,ALEXANDRE LEOPOLDINO MORAES SERVI큞S GR첹ICOS - ME,11.672.161/0001-48,"5.670,00",06/2018
 CONTE LOPES,CONTRATA큐O DE PESSOA JURIDICA,CONDE e DELL ARINGA - DESENVOLVIMENTO DE SOFTWARES LTDA - EPP,09.613.772/0001-73,"430,00",06/2018
 CONTE LOPES,INTERMEDIADO - CORREIOS,CAMARA MUNICIPAL DE S츒 PAULO,50.176.288/0001-28,"3.882,47",06/2018
 CONTE LOPES,INTERMEDIADO - LOCA츒 DE VE펚ULOS,CAMARA MUNICIPAL DE S츒 PAULO,50.176.288/0001-28,"2.148,45",06/2018
 CONTE LOPES,LOCA츒 DE MOVEIS E EQUIPAMENTOS,ATTBRASIL TECNOLOGIA LOCA츒 E SOLUES EM INFORMATICA LTDA EPP,22.392.165/0001-99,"1.565,00",06/2018
 CONTE LOPES,MATERIAL DE ESCRITORIO E OUTROS MATERIAIS DE CONSUMO,CENTER PAPEIS COMERCIAL LTDA.,06.226.820/0001-82,"491,25",06/2018
 CONTE LOPES,PROVEDOR DE INTERNET,TELEFONICA BRASIL S/A,02.558.157/0001-62,"150,20",06/2018
 CONTE LOPES,COMBUSTIVEL,AUTO POSTO MARANELLO II LTDA,02.297.445/0001-00,"585,55",07/2018
 CONTE LOPES,CONTRATA큐O DE PESSOA JURIDICA,CONDE e DELL ARINGA - DESENVOLVIMENTO DE SOFTWARES LTDA - EPP,09.613.772/0001-73,"430,00",07/2018
 CONTE LOPES,INTERMEDIADO - CORREIOS,CAMARA MUNICIPAL DE S츒 PAULO,50.176.288/0001-28,"2.862,03",07/2018
 CONTE LOPES,INTERMEDIADO - LOCA츒 DE VE펚ULOS,CAMARA MUNICIPAL DE S츒 PAULO,50.176.288/0001-28,"2.148,45",07/2018
 CONTE LOPES,LOCA츒 DE MOVEIS E EQUIPAMENTOS,ATTBRASIL TECNOLOGIA LOCA츒 E SOLUES EM INFORMATICA LTDA EPP,22.392.165/0001-99,"1.565,00",07/2018
 CONTE LOPES,MATERIAL DE ESCRITORIO E OUTROS MATERIAIS DE CONSUMO,CENTER PAPEIS COMERCIAL LTDA.,06.226.820/0001-82,"359,55",07/2018
 CONTE LOPES,PROVEDOR DE INTERNET,TELEFONICA BRASIL S/A,02.558.157/0001-62,"150,05",07/2018
 CONTE LOPES,COMBUSTIVEL,AUTO POSTO MARANELLO II LTDA,02.297.445/0001-00,"914,69",08/2018
 CONTE LOPES,CONTRATA큐O DE PESSOA JURIDICA,CONDE e DELL ARINGA - DESENVOLVIMENTO DE SOFTWARES LTDA - EPP,09.613.772/0001-73,"430,00",08/2018
 CONTE LOPES,INTERMEDIADO - CORREIOS,CAMARA MUNICIPAL DE S츒 PAULO,50.176.288/0001-28,"182,93",08/2018
 CONTE LOPES,INTERMEDIADO - LOCA츒 DE VE펚ULOS,CAMARA MUNICIPAL DE S츒 PAULO,50.176.288/0001-28,"2.148,45",08/2018
 CONTE LOPES,LOCA츒 DE MOVEIS E EQUIPAMENTOS,ATTBRASIL TECNOLOGIA LOCA츒 E SOLUES EM INFORMATICA LTDA EPP,22.392.165/0001-99,"1.565,00",08/2018
 CONTE LOPES,MATERIAL DE ESCRITORIO E OUTROS MATERIAIS DE CONSUMO,KALUNGA COMERCIO E IND. GR첹ICA LTDA,43.283.811/0026-08,"172,10",08/2018
 CONTE LOPES,PROVEDOR DE INTERNET,TELEFONICA BRASIL S/A,02.558.157/0001-62,"150,20",08/2018
 CONTE LOPES,CONTRATA큐O DE PESSOA JURIDICA,CONDE e DELL ARINGA - DESENVOLVIMENTO DE SOFTWARES LTDA - EPP,09.613.772/0001-73,"430,00",09/2018
 CONTE LOPES,INTERMEDIADO - CORREIOS,CAMARA MUNICIPAL DE S츒 PAULO,50.176.288/0001-28,"45,62",09/2018
 CONTE LOPES,INTERMEDIADO - LOCA츒 DE VE펚ULOS,CAMARA MUNICIPAL DE S츒 PAULO,50.176.288/0001-28,"2.148,45",09/2018
 CONTE LOPES,LOCA츒 DE MOVEIS E EQUIPAMENTOS,ATTBRASIL TECNOLOGIA LOCA츒 E SOLUES EM INFORMATICA LTDA EPP,22.392.165/0001-99,"1.565,00",09/2018
 CONTE LOPES,MATERIAL DE ESCRITORIO E OUTROS MATERIAIS DE CONSUMO,KALUNGA COMERCIO E IND. GR첹ICA LTDA,43.283.811/0026-08,"124,50",09/2018
 CONTE LOPES,PROVEDOR DE INTERNET,TELEFONICA BRASIL S/A,02.558.157/0001-62,"122,41",09/2018
 CONTE LOPES,COMBUSTIVEL,AUTO POSTO MARANELLO II LTDA,02.297.445/0001-00,"627,55",10/2018
 CONTE LOPES,CONTRATA큐O DE PESSOA JURIDICA,CONDE e DELL ARINGA - DESENVOLVIMENTO DE SOFTWARES LTDA - EPP,09.613.772/0001-73,"430,00",10/2018
 CONTE LOPES,INTERMEDIADO - CORREIOS,CAMARA MUNICIPAL DE S츒 PAULO,50.176.288/0001-28,"105,87",10/2018
 CONTE LOPES,INTERMEDIADO - LOCA츒 DE VE펚ULOS,CAMARA MUNICIPAL DE S츒 PAULO,50.176.288/0001-28,"2.148,45",10/2018
 CONTE LOPES,LOCA츒 DE MOVEIS E EQUIPAMENTOS,ATTBRASIL TECNOLOGIA LOCA츒 E SOLUES EM INFORMATICA LTDA EPP,22.392.165/0001-99,"1.565,00",10/2018
 CONTE LOPES,MATERIAL DE ESCRITORIO E OUTROS MATERIAIS DE CONSUMO,CENTER PAPEIS COMERCIAL LTDA.,06.226.820/0001-82,"129,70",10/2018
 CONTE LOPES,MATERIAL DE ESCRITORIO E OUTROS MATERIAIS DE CONSUMO,KALUNGA COMERCIO E IND. GR첹ICA LTDA,43.283.811/0026-08,"198,80",10/2018
 CONTE LOPES,PROVEDOR DE INTERNET,TELEFONICA BRASIL S/A,02.558.157/0001-62,"158,72",10/2018
 CONTE LOPES,COMBUSTIVEL,AUTO POSTO MARANELLO II LTDA,02.297.445/0001-00,"816,17",11/2018
 CONTE LOPES,COMPOSI츒/ARTE/DIAGRAMA츒/PRODU츒/IMPRESSAO GRAFICA,ALEXANDRE LEOPOLDINO MORAES SERVI큞S GR첹ICOS - ME,11.672.161/0001-48,"7.000,00",11/2018
 CONTE LOPES,CONTRATA큐O DE PESSOA JURIDICA,CONDE e DELL ARINGA - DESENVOLVIMENTO DE SOFTWARES LTDA - EPP,09.613.772/0001-73,"430,00",11/2018
 CONTE LOPES,INTERMEDIADO - CORREIOS,CAMARA MUNICIPAL DE S츒 PAULO,50.176.288/0001-28,"199,70",11/2018
 CONTE LOPES,INTERMEDIADO - LOCA츒 DE VE펚ULOS,CAMARA MUNICIPAL DE S츒 PAULO,50.176.288/0001-28,"2.148,45",11/2018
 CONTE LOPES,LOCA츒 DE MOVEIS E EQUIPAMENTOS,ATTBRASIL TECNOLOGIA LOCA츒 E SOLUES EM INFORMATICA LTDA EPP,22.392.165/0001-99,"1.565,00",11/2018
 CONTE LOPES,MATERIAL DE ESCRITORIO E OUTROS MATERIAIS DE CONSUMO,CENTER PAPEIS COMERCIAL LTDA.,06.226.820/0001-82,"469,40",11/2018
 CONTE LOPES,MATERIAL DE ESCRITORIO E OUTROS MATERIAIS DE CONSUMO,KALUNGA COM. E IND. GR첹ICA LTDA,43.283.811/0177-10,"194,20",11/2018
 CONTE LOPES,PROVEDOR DE INTERNET,TELEFONICA BRASIL S/A,02.558.157/0001-62,"155,94",11/2018
 CONTE LOPES,COMBUSTIVEL,AUTO POSTO MARANELLO II LTDA,02.297.445/0001-00,"587,66",12/2018
 CONTE LOPES,COMPOSI츒/ARTE/DIAGRAMA츒/PRODU츒/IMPRESSAO GRAFICA,ALEXANDRE LEOPOLDINO MORAES SERVI큞S GR첹ICOS - ME,11.672.161/0001-48,"7.000,00",12/2018
 CONTE LOPES,CONTRATA큐O DE PESSOA JURIDICA,CONDE e DELL ARINGA - DESENVOLVIMENTO DE SOFTWARES LTDA - EPP,09.613.772/0001-73,"430,00",12/2018
 CONTE LOPES,INTERMEDIADO - CORREIOS,CAMARA MUNICIPAL DE S츒 PAULO,50.176.288/0001-28,"30.958,93",12/2018
 CONTE LOPES,INTERMEDIADO - LOCA츒 DE VE펚ULOS,CAMARA MUNICIPAL DE S츒 PAULO,50.176.288/0001-28,"2.148,45",12/2018
 CONTE LOPES,LOCA츒 DE MOVEIS E EQUIPAMENTOS,ATTBRASIL TECNOLOGIA LOCA츒 E SOLUES EM INFORMATICA LTDA EPP,22.392.165/0001-99,"1.565,00",12/2018
 CONTE LOPES,PROVEDOR DE INTERNET,TELEFONICA BRASIL S/A,02.558.157/0001-62,"159,21",12/2018
 CONTE LOPES,COMBUSTIVEL,AUTO POSTO MARANELLO II LTDA,02.297.445/0001-00,"208,03",01/2019
 CONTE LOPES,CONTRATA큐O DE PESSOA JURIDICA,CONDE e DELL ARINGA - DESENVOLVIMENTO DE SOFTWARES LTDA - EPP,09.613.772/0001-73,"430,00",01/2019
 CONTE LOPES,INTERMEDIADO - CORREIOS,CAMARA MUNICIPAL DE S츒 PAULO,50.176.288/0001-28,"23,40",01/2019
 CONTE LOPES,INTERMEDIADO - LOCA츒 DE VE펚ULOS,CAMARA MUNICIPAL DE S츒 PAULO,50.176.288/0001-28,"2.199,17",01/2019
 CONTE LOPES,LOCA츒 DE MOVEIS E EQUIPAMENTOS,ATTBRASIL TECNOLOGIA LOCA츒 E SOLUES EM INFORMATICA LTDA EPP,22.392.165/0001-99,"1.565,00",01/2019
 CONTE LOPES,MATERIAL DE ESCRITORIO E OUTROS MATERIAIS DE CONSUMO,CENTER PAPEIS COMERCIAL LTDA.,06.226.820/0001-82,"191,80",01/2019
 CONTE LOPES,PROVEDOR DE INTERNET,TELEFONICA BRASIL S/A,02.558.157/0001-62,"158,88",01/2019
 CONTE LOPES,COMBUSTIVEL,AUTO POSTO MARANELLO II LTDA,02.297.445/0001-00,"1.478,68",02/2019
 CONTE LOPES,CONTRATA큐O DE PESSOA JURIDICA,CONDE e DELL ARINGA - DESENVOLVIMENTO DE SOFTWARES LTDA - EPP,09.613.772/0001-73,"430,00",02/2019
 CONTE LOPES,INTERMEDIADO - CORREIOS,CAMARA MUNICIPAL DE S츒 PAULO,50.176.288/0001-28,"60,15",02/2019
 CONTE LOPES,INTERMEDIADO - LOCA츒 DE VE펚ULOS,CAMARA MUNICIPAL DE S츒 PAULO,50.176.288/0001-28,"2.214,62",02/2019
 CONTE LOPES,LOCA츒 DE MOVEIS E EQUIPAMENTOS,ATTBRASIL TECNOLOGIA LOCA츒 E SOLUES EM INFORMATICA LTDA EPP,22.392.165/0001-99,"1.565,00",02/2019
 CONTE LOPES,MATERIAL DE ESCRITORIO E OUTROS MATERIAIS DE CONSUMO,CENTER PAPEIS COMERCIAL LTDA.,06.226.820/0001-82,"851,30",02/2019
 CONTE LOPES,PROVEDOR DE INTERNET,TELEFONICA BRASIL S/A,02.558.157/0001-62,"153,99",02/2019
 CONTE LOPES,INTERMEDIADO - CORREIOS,CAMARA MUNICIPAL DE S츒 PAULO,50.176.288/0001-28,"35,90",03/2019
 CONTE LOPES,INTERMEDIADO - LOCA츒 DE VE펚ULOS,CAMARA MUNICIPAL DE S츒 PAULO,50.176.288/0001-28,"1.107,30",03/2019
