 TONINHO VESPOLI,ASSINATURA DE JORNAIS E REVISTAS,EMPRESA FOLHA DA MANHÃ S.A.,60.579.703/0031-63,"1.077,00",01/2017
 TONINHO VESPOLI,COMBUSTIVEL,AUTO POSTO GUAIRACA LTDA,43.234.889/0001-84,"296,00",01/2017
 TONINHO VESPOLI,COMPOSIÇÃO/ARTE/DIAGRAMAÇÃO/PRODUÇÃO/IMPRESSAO GRAFICA,FORMA CERTA GRAFICA  DIGITAL LTDA,07.691.829/0001-27,"3.391,67",01/2017
 TONINHO VESPOLI,CONTRATAÇAO DE PESSOA JURIDICA,THAMIRES CRISTINA DA SILVA,26.654.917/0001-01,"2.477,50",01/2017
 TONINHO VESPOLI,MATERIAL DE ESCRITORIO E OUTROS MATERIAIS DE CONSUMO,KALUNGA COM. E IND. GRAFICA LTDA,43.283.811/0101-12,"367,50",01/2017
 TONINHO VESPOLI,TELEFONE FIXO,TELEFONICA BRASIL S/A,02.558.157/0001-62,"168,82",01/2017
 TONINHO VESPOLI,TELEFONE MOVEL,OI MÓVEL S.A.,05.423.963/0026-70,"169,89",01/2017
 TONINHO VESPOLI,COMBUSTIVEL,AUTO POSTO GUAIRACA LTDA,43.234.889/0001-84,"210,00",02/2017
 TONINHO VESPOLI,COMPOSIÇÃO/ARTE/DIAGRAMAÇÃO/PRODUÇÃO/IMPRESSAO GRAFICA,FORMA CERTA GRAFICA  DIGITAL LTDA,07.691.829/0001-27,"1.160,00",02/2017
 TONINHO VESPOLI,MATERIAL DE ESCRITORIO E OUTROS MATERIAIS DE CONSUMO,CENTER PAPEIS COMERCIAL LTDA.,06.226.820/0001-82,"1.799,85",02/2017
 TONINHO VESPOLI,MATERIAL DE ESCRITORIO E OUTROS MATERIAIS DE CONSUMO,KALUNGA COMÉRCIO INDUSTRIA GRÁFICA LTDA,43.283.811/0139-95,"292,80",02/2017
 TONINHO VESPOLI,TELEFONE FIXO,TELEFONICA BRASIL S/A,02.558.157/0001-62,"168,82",02/2017
 TONINHO VESPOLI,TELEFONE MOVEL,OI MÓVEL S.A.,05.423.963/0026-70,"177,24",02/2017
 TONINHO VESPOLI,COMBUSTIVEL,AUTO POSTO GUAIRACA LTDA,43.234.889/0001-84,"136,00",03/2017
 TONINHO VESPOLI,ASSINATURA DE JORNAIS E REVISTAS,S.A O ESTADO DE S. PAULO,61.533.949/0001-41,"990,08",04/2017
 TONINHO VESPOLI,COMBUSTIVEL,AUTO POSTO GUAIRACA LTDA,43.234.889/0001-84,"424,00",04/2017
 TONINHO VESPOLI,COMPOSIÇÃO/ARTE/DIAGRAMAÇÃO/PRODUÇÃO/IMPRESSAO GRAFICA,FORMA CERTA GRAFICA  DIGITAL LTDA,07.691.829/0001-27,"3.008,00",04/2017
 TONINHO VESPOLI,MATERIAL DE ESCRITORIO E OUTROS MATERIAIS DE CONSUMO,CENTER PAPEIS COMERCIAL LTDA.,06.226.820/0001-82,"1.799,85",04/2017
 TONINHO VESPOLI,MATERIAL DE ESCRITORIO E OUTROS MATERIAIS DE CONSUMO,KALUNGA COM. E IND. GRÁFICA LTDA.,43.283.811/0112-75,"316,40",04/2017
 TONINHO VESPOLI,TELEFONE FIXO,TELEFONICA BRASIL S/A,02.558.157/0001-62,"168,82",04/2017
 TONINHO VESPOLI,TELEFONE MOVEL,OI MÓVEL S.A.,05.423.963/0026-70,"177,24",04/2017
 TONINHO VESPOLI,COMBUSTIVEL,AUTO POSTO GUAIRACA LTDA,43.234.889/0001-84,"390,00",05/2017
 TONINHO VESPOLI,COMPOSIÇÃO/ARTE/DIAGRAMAÇÃO/PRODUÇÃO/IMPRESSAO GRAFICA,FORMA CERTA GRAFICA  DIGITAL LTDA,07.691.829/0001-27,"7.785,68",05/2017
 TONINHO VESPOLI,CORREIOS,ECT - EMP. BRASILEIRA DE CORREIOS E TELEGRAFOS,34.028.316/2913-29,"8.000,00",05/2017
 TONINHO VESPOLI,LIVROS,SARAIVA E SICILIANO S/A,61.365.284/0107-62,"417,12",05/2017
 TONINHO VESPOLI,LIVROS,LIVRARIA CULTURA s/a,62.410.352/0006-87,"562,90",05/2017
 TONINHO VESPOLI,MATERIAL DE ESCRITORIO E OUTROS MATERIAIS DE CONSUMO,KALUNGA COM.E IND.GRÁFICA LTDA,43.283.811/0085-68,"131,70",05/2017
 TONINHO VESPOLI,MATERIAL DE ESCRITORIO E OUTROS MATERIAIS DE CONSUMO,SARAIVA E SICILIANO S/A,61.365.284/0107-62,"8,90",05/2017
 TONINHO VESPOLI,TELEFONE FIXO,TELEFONICA BRASIL S/A,02.558.157/0001-62,"168,82",05/2017
 TONINHO VESPOLI,TELEFONE MOVEL,OI MÓVEL S.A.,05.423.963/0026-70,"177,24",05/2017
 TONINHO VESPOLI,COMBUSTIVEL,AUTO POSTO GUAIRACA LTDA,43.234.889/0001-84,"414,00",06/2017
 TONINHO VESPOLI,COMPOSIÇÃO/ARTE/DIAGRAMAÇÃO/PRODUÇÃO/IMPRESSAO GRAFICA,FORMA CERTA GRAFICA  DIGITAL LTDA,07.691.829/0001-27,"8.000,00",06/2017
 TONINHO VESPOLI,LUBRIFICANTE,AUTO POSTO GUAIRACA LTDA,43.234.889/0001-84,"15,99",06/2017
 TONINHO VESPOLI,MATERIAL DE ESCRITORIO E OUTROS MATERIAIS DE CONSUMO,CENTER PAPEIS COMERCIAL LTDA.,06.226.820/0001-82,"1.258,45",06/2017
 TONINHO VESPOLI,MATERIAL DE ESCRITORIO E OUTROS MATERIAIS DE CONSUMO,KALUNGA COM. E IND. GRÁFICA LTDA,43.283.811/0177-10,"116,80",06/2017
 TONINHO VESPOLI,REPROGRAFIA (XEROX/ENCADERNAÇÃO),GRAPHICS GROUP GRAFICA E COPIADORA LTDA,01.677.543/0001-00,"250,00",06/2017
 TONINHO VESPOLI,TELEFONE FIXO,TELEFONICA BRASIL S/A,02.558.157/0001-62,"168,82",06/2017
 TONINHO VESPOLI,TELEFONE MOVEL,OI MÓVEL S.A.,05.423.963/0026-70,"177,24",06/2017
 TONINHO VESPOLI,COMBUSTIVEL,AUTO POSTO GUAIRACA LTDA,43.234.889/0001-84,"380,00",07/2017
 TONINHO VESPOLI,COMPOSIÇÃO/ARTE/DIAGRAMAÇÃO/PRODUÇÃO/IMPRESSAO GRAFICA,FORMA CERTA GRAFICA  DIGITAL LTDA,07.691.829/0001-27,"6.860,00",07/2017
 TONINHO VESPOLI,LOCAÇÃO DE MOVEIS E EQUIPAMENTOS,KITANI LOCAÇÃO E COMÉRCIO DE EQUIPAMENTOS LTDA,49.557.960/0001-46,"475,72",07/2017
 TONINHO VESPOLI,MATERIAL DE ESCRITORIO E OUTROS MATERIAIS DE CONSUMO,CENTER PAPEIS COMERCIAL LTDA.,06.226.820/0001-82,"1.799,85",07/2017
 TONINHO VESPOLI,TELEFONE FIXO,TELEFONICA BRASIL S/A,02.558.157/0001-62,"168,82",07/2017
 TONINHO VESPOLI,TELEFONE MOVEL,OI MÓVEL S.A.,05.423.963/0026-70,"183,14",07/2017
 TONINHO VESPOLI,COMBUSTIVEL,AUTO POSTO GUAIRACA LTDA,43.234.889/0001-84,"800,00",08/2017
 TONINHO VESPOLI,COMPOSIÇÃO/ARTE/DIAGRAMAÇÃO/PRODUÇÃO/IMPRESSAO GRAFICA,GRAPHICS GROUP GRAFICA E COPIADORA LTDA,01.677.543/0001-00,"170,00",08/2017
 TONINHO VESPOLI,COMPOSIÇÃO/ARTE/DIAGRAMAÇÃO/PRODUÇÃO/IMPRESSAO GRAFICA,FORMA CERTA GRAFICA  DIGITAL LTDA,07.691.829/0001-27,"6.969,00",08/2017
 TONINHO VESPOLI,CONTRATAÇAO DE PESSOA JURIDICA,WILQ VICENTE DOS SANTOS -ME,18.152.664/0001-31,"3.550,00",08/2017
 TONINHO VESPOLI,MATERIAL DE ESCRITORIO E OUTROS MATERIAIS DE CONSUMO,CENTER PAPEIS COMERCIAL LTDA.,06.226.820/0001-82,"2.426,55",08/2017
 TONINHO VESPOLI,TELEFONE FIXO,TELEFONICA BRASIL S/A,02.558.157/0001-62,"169,06",08/2017
 TONINHO VESPOLI,TELEFONE MOVEL,OI MÓVEL S.A.,05.423.963/0026-70,"194,97",08/2017
 TONINHO VESPOLI,COMBUSTIVEL,RRJF AUTO POSTO LTDA,26.201.572/0001-22,"69,99",09/2017
 TONINHO VESPOLI,COMBUSTIVEL,AUTO POSTO GUAIRACA LTDA,43.234.889/0001-84,"340,00",09/2017
 TONINHO VESPOLI,COMPOSIÇÃO/ARTE/DIAGRAMAÇÃO/PRODUÇÃO/IMPRESSAO GRAFICA,FORMA CERTA GRAFICA  DIGITAL LTDA,07.691.829/0001-27,"7.667,50",09/2017
 TONINHO VESPOLI,INTERMEDIADO - CORREIOS,CAMARA MUNICIPAL DE SÃO PAULO,50.176.288/0001-28,"13,45",09/2017
 TONINHO VESPOLI,LOCAÇÃO DE MOVEIS E EQUIPAMENTOS,KITANI LOCAÇÃO E COMÉRCIO DE EQUIPAMENTOS LTDA,49.557.960/0001-46,"1.607,36",09/2017
 TONINHO VESPOLI,MATERIAL DE ESCRITORIO E OUTROS MATERIAIS DE CONSUMO,KALUNGA COM.E IND.GRÁFICA LTDA,43.283.811/0085-68,"949,30",09/2017
 TONINHO VESPOLI,TELEFONE FIXO,TELEFONICA BRASIL S/A,02.558.157/0001-62,"169,88",09/2017
 TONINHO VESPOLI,TELEFONE MOVEL,OI MÓVEL S.A.,05.423.963/0026-70,"181,29",09/2017
 TONINHO VESPOLI,COMBUSTIVEL,AUTO POSTO GUAIRACA LTDA,43.234.889/0001-84,"760,00",10/2017
 TONINHO VESPOLI,COMPOSIÇÃO/ARTE/DIAGRAMAÇÃO/PRODUÇÃO/IMPRESSAO GRAFICA,FORMA CERTA GRAFICA  DIGITAL LTDA,07.691.829/0001-27,"5.050,00",10/2017
 TONINHO VESPOLI,COMPOSIÇÃO/ARTE/DIAGRAMAÇÃO/PRODUÇÃO/IMPRESSAO GRAFICA,OLIGRAFICA COMERCIO E INDUSTRIA GRAFICA LTDA-ME,57.642.381/0001-20,"2.355,00",10/2017
 TONINHO VESPOLI,MATERIAL DE ESCRITORIO E OUTROS MATERIAIS DE CONSUMO,GRAPHICS GROUP GRAFICA E COPIADORA LTDA,01.677.543/0001-00,"84,00",10/2017
 TONINHO VESPOLI,MATERIAL DE ESCRITORIO E OUTROS MATERIAIS DE CONSUMO,CENTER PAPEIS COMERCIAL LTDA.,06.226.820/0001-82,"488,15",10/2017
 TONINHO VESPOLI,TELEFONE FIXO,TELEFONICA BRASIL S/A,02.558.157/0001-62,"169,88",10/2017
 TONINHO VESPOLI,TELEFONE MOVEL,OI MÓVEL S.A.,05.423.963/0026-70,"194,97",10/2017
 TONINHO VESPOLI,COMBUSTIVEL,AUTO POSTO GUAIRACA LTDA,43.234.889/0001-84,"670,00",11/2017
 TONINHO VESPOLI,COMPOSIÇÃO/ARTE/DIAGRAMAÇÃO/PRODUÇÃO/IMPRESSAO GRAFICA,FORMA CERTA GRAFICA  DIGITAL LTDA,07.691.829/0001-27,"7.709,50",11/2017
 TONINHO VESPOLI,INTERMEDIADO - CORREIOS,CAMARA MUNICIPAL DE SÃO PAULO,50.176.288/0001-28,"21,35",11/2017
 TONINHO VESPOLI,LOCAÇÃO DE MOVEIS E EQUIPAMENTOS,KITANI LOCAÇÃO E COMÉRCIO DE EQUIPAMENTOS LTDA,49.557.960/0001-46,"704,24",11/2017
 TONINHO VESPOLI,MATERIAL DE ESCRITORIO E OUTROS MATERIAIS DE CONSUMO,CENTER PAPEIS COMERCIAL LTDA.,06.226.820/0001-82,"1.943,20",11/2017
 TONINHO VESPOLI,TELEFONE FIXO,TELEFONICA BRASIL S/A,02.558.157/0001-62,"169,88",11/2017
 TONINHO VESPOLI,TELEFONE MOVEL,OI MÓVEL S.A.,05.423.963/0026-70,"194,97",11/2017
 TONINHO VESPOLI,COMBUSTIVEL,AUTO POSTO GUAIRACA LTDA,43.234.889/0001-84,"760,00",12/2017
 TONINHO VESPOLI,COMPOSIÇÃO/ARTE/DIAGRAMAÇÃO/PRODUÇÃO/IMPRESSAO GRAFICA,FORMA CERTA GRAFICA  DIGITAL LTDA,07.691.829/0001-27,"7.500,00",12/2017
 TONINHO VESPOLI,COMPOSIÇÃO/ARTE/DIAGRAMAÇÃO/PRODUÇÃO/IMPRESSAO GRAFICA,OLIGRAFICA COMERCIO E INDUSTRIA GRAFICA LTDA-ME,57.642.381/0001-20,"325,00",12/2017
 TONINHO VESPOLI,INTERMEDIADO - CORREIOS,CAMARA MUNICIPAL DE SÃO PAULO,50.176.288/0001-28,"5.120,49",12/2017
 TONINHO VESPOLI,LOCAÇÃO DE MOVEIS E EQUIPAMENTOS,KITANI LOCAÇÃO E COMÉRCIO DE EQUIPAMENTOS LTDA,49.557.960/0001-46,"1.125,24",12/2017
 TONINHO VESPOLI,TELEFONE FIXO,TELEFONICA BRASIL S/A,02.558.157/0001-62,"169,88",12/2017
 TONINHO VESPOLI,TELEFONE MOVEL,OI MÓVEL S.A.,05.423.963/0026-70,"195,27",12/2017
 TONINHO VESPOLI,COMBUSTIVEL,AUTO POSTO GUAIRACA LTDA,43.234.889/0001-84,"613,30",01/2018
 TONINHO VESPOLI,COMPOSIÇÃO/ARTE/DIAGRAMAÇÃO/PRODUÇÃO/IMPRESSAO GRAFICA,FORMA CERTA GRAFICA  DIGITAL LTDA,07.691.829/0001-27,"7.197,00",01/2018
 TONINHO VESPOLI,INTERMEDIADO - CORREIOS,CAMARA MUNICIPAL DE SÃO PAULO,50.176.288/0001-28,"7,55",01/2018
 TONINHO VESPOLI,LOCAÇÃO DE MOVEIS E EQUIPAMENTOS,CONVEX LOCAÇÃO DE EQUIPAMENTOS PARA EVENTOS LTDA-EPP,07.066.295/0001-48,"260,00",01/2018
 TONINHO VESPOLI,LOCAÇÃO DE MOVEIS E EQUIPAMENTOS,KITANI LOCAÇÃO E COMÉRCIO DE EQUIPAMENTOS LTDA,49.557.960/0001-46,"415,13",01/2018
 TONINHO VESPOLI,MATERIAL DE ESCRITORIO E OUTROS MATERIAIS DE CONSUMO,CENTER PAPEIS COMERCIAL LTDA.,06.226.820/0001-82,"895,25",01/2018
 TONINHO VESPOLI,TELEFONE FIXO,TELEFONICA BRASIL S/A,02.558.157/0001-62,"169,88",01/2018
 TONINHO VESPOLI,TELEFONE MOVEL,OI MÓVEL S.A.,05.423.963/0026-70,"194,97",01/2018
 TONINHO VESPOLI,COMBUSTIVEL,AUTO POSTO GUAIRACA LTDA,43.234.889/0001-84,"503,00",02/2018
 TONINHO VESPOLI,COMPOSIÇÃO/ARTE/DIAGRAMAÇÃO/PRODUÇÃO/IMPRESSAO GRAFICA,GRAPHICS GROUP GRAFICA E COPIADORA LTDA,01.677.543/0001-00,"85,00",02/2018
 TONINHO VESPOLI,COMPOSIÇÃO/ARTE/DIAGRAMAÇÃO/PRODUÇÃO/IMPRESSAO GRAFICA,FORMA CERTA GRAFICA  DIGITAL LTDA,07.691.829/0001-27,"7.700,00",02/2018
 TONINHO VESPOLI,CONTRATAÇAO DE PESSOA JURIDICA,WILQ VICENTE DOS SANTOS -ME,18.152.664/0001-31,"3.500,00",02/2018
 TONINHO VESPOLI,LOCAÇÃO DE MOVEIS E EQUIPAMENTOS,CONVEX LOCAÇÃO DE EQUIPAMENTOS PARA EVENTOS LTDA-EPP,07.066.295/0001-48,"260,00",02/2018
 TONINHO VESPOLI,LOCAÇÃO DE MOVEIS E EQUIPAMENTOS,KITANI LOCAÇÃO E COMÉRCIO DE EQUIPAMENTOS LTDA,49.557.960/0001-46,"534,18",02/2018
 TONINHO VESPOLI,MATERIAL DE ESCRITORIO E OUTROS MATERIAIS DE CONSUMO,CENTER PAPEIS COMERCIAL LTDA.,06.226.820/0001-82,"1.362,55",02/2018
 TONINHO VESPOLI,TELEFONE FIXO,TELEFONICA BRASIL S/A,02.558.157/0001-62,"165,58",02/2018
 TONINHO VESPOLI,TELEFONE MOVEL,OI MÓVEL S.A.,05.423.963/0026-70,"194,97",02/2018
 TONINHO VESPOLI,ASSINATURA DE JORNAIS E REVISTAS,EMPRESA FOLHA DA MANHÃ S.A.,60.579.703/0001-48,"1.131,00",03/2018
 TONINHO VESPOLI,COMBUSTIVEL,AUTO POSTO GUAIRACA LTDA,43.234.889/0001-84,"745,00",03/2018
 TONINHO VESPOLI,COMPOSIÇÃO/ARTE/DIAGRAMAÇÃO/PRODUÇÃO/IMPRESSAO GRAFICA,FORMA CERTA GRAFICA  DIGITAL LTDA,07.691.829/0001-27,"7.028,76",03/2018
 TONINHO VESPOLI,CORREIOS,ECT  - EMPRESA BRASILEIRA DE CORREIOS E TELÉGRAFOS,01.711.288/0001-75,"7.991,25",03/2018
 TONINHO VESPOLI,LOCAÇÃO DE MOVEIS E EQUIPAMENTOS,CONVEX LOCAÇÃO DE EQUIPAMENTOS PARA EVENTOS LTDA-EPP,07.066.295/0001-48,"260,00",03/2018
 TONINHO VESPOLI,LOCAÇÃO DE MOVEIS E EQUIPAMENTOS,KITANI LOCAÇÃO E COMÉRCIO DE EQUIPAMENTOS LTDA,49.557.960/0001-46,"1.099,69",03/2018
 TONINHO VESPOLI,MATERIAL DE ESCRITORIO E OUTROS MATERIAIS DE CONSUMO,CENTER PAPEIS COMERCIAL LTDA.,06.226.820/0001-82,"498,90",03/2018
 TONINHO VESPOLI,MATERIAL DE ESCRITORIO E OUTROS MATERIAIS DE CONSUMO,KALUNGA COMÉRCIO E INDUSTRIA GRÁFICA LTDA.,43.283.811/0071-62,"457,10",03/2018
 TONINHO VESPOLI,MATERIAL DE ESCRITORIO E OUTROS MATERIAIS DE CONSUMO,KALUNGA COMÉRCIO INDUSTRIA GRÁFICA LTDA,43.283.811/0139-95,"105,70",03/2018
 TONINHO VESPOLI,MATERIAL DE ESCRITORIO E OUTROS MATERIAIS DE CONSUMO,KALUNGA COM. E IND. GRÁFICA LTDA,43.283.811/0177-10,"197,82",03/2018
 TONINHO VESPOLI,TELEFONE FIXO,TELEFONICA BRASIL S/A,02.558.157/0001-62,"165,71",03/2018
 TONINHO VESPOLI,TELEFONE MOVEL,TELEFONICA BRASIL S/A,02.558.157/0001-62,"489,99",03/2018
 TONINHO VESPOLI,TELEFONE MOVEL,OI MÓVEL S.A.,05.423.963/0026-70,"74,78",03/2018
 TONINHO VESPOLI,COMBUSTIVEL,AUTO POSTO GUAIRACA LTDA,43.234.889/0001-84,"699,00",04/2018
 TONINHO VESPOLI,COMPOSIÇÃO/ARTE/DIAGRAMAÇÃO/PRODUÇÃO/IMPRESSAO GRAFICA,FORMA CERTA GRAFICA  DIGITAL LTDA,07.691.829/0001-27,"6.443,00",04/2018
 TONINHO VESPOLI,COMPOSIÇÃO/ARTE/DIAGRAMAÇÃO/PRODUÇÃO/IMPRESSAO GRAFICA,OLIGRAFICA COMERCIO E INDUSTRIA GRAFICA LTDA-ME,57.642.381/0001-20,"230,00",04/2018
 TONINHO VESPOLI,CONTRATAÇAO DE PESSOA JURIDICA,WILQ VICENTE DOS SANTOS -ME,18.152.664/0001-31,"3.500,00",04/2018
 TONINHO VESPOLI,CONTRATAÇAO DE PESSOA JURIDICA,JULIANA RISOLI GHIZZI,29.666.296/0001-66,"3.500,00",04/2018
 TONINHO VESPOLI,CORREIOS,ECT  - EMPRESA BRASILEIRA DE CORREIOS E TELÉGRAFOS,01.711.288/0001-75,"7.955,00",04/2018
 TONINHO VESPOLI,LOCAÇÃO DE MOVEIS E EQUIPAMENTOS,CONVEX LOCAÇÃO DE EQUIPAMENTOS PARA EVENTOS LTDA-EPP,07.066.295/0001-48,"260,00",04/2018
 TONINHO VESPOLI,LOCAÇÃO DE MOVEIS E EQUIPAMENTOS,KITANI LOCAÇÃO E COMÉRCIO DE EQUIPAMENTOS LTDA,49.557.960/0001-46,"1.006,01",04/2018
 TONINHO VESPOLI,MATERIAL DE ESCRITORIO E OUTROS MATERIAIS DE CONSUMO,CENTER PAPEIS COMERCIAL LTDA.,06.226.820/0001-82,"4.248,95",04/2018
 TONINHO VESPOLI,TELEFONE FIXO,TELEFONICA BRASIL S/A,02.558.157/0001-62,"168,43",04/2018
 TONINHO VESPOLI,TELEFONE MOVEL,TELEFONICA BRASIL S/A,02.558.157/0001-62,"489,99",04/2018
 TONINHO VESPOLI,APERFEIÇOAMENTO PROFISSIONAL,"POLIS INSTITUTO DE ASSESSORIA, FORMAÇÃO E ESTUDOS EM POLITICAS SOCIAIS",57.752.206/0001-95,"800,00",05/2018
 TONINHO VESPOLI,COMBUSTIVEL,AUTO POSTO GUAIRACA LTDA,43.234.889/0001-84,"547,00",05/2018
 TONINHO VESPOLI,COMPOSIÇÃO/ARTE/DIAGRAMAÇÃO/PRODUÇÃO/IMPRESSAO GRAFICA,FORMA CERTA GRAFICA  DIGITAL LTDA,07.691.829/0001-27,"6.515,00",05/2018
 TONINHO VESPOLI,COMPOSIÇÃO/ARTE/DIAGRAMAÇÃO/PRODUÇÃO/IMPRESSAO GRAFICA,OLIGRAFICA COMERCIO E INDUSTRIA GRAFICA LTDA-ME,57.642.381/0001-20,"1.400,00",05/2018
 TONINHO VESPOLI,CONTRATAÇAO DE PESSOA JURIDICA,JULIANA RISOLI GHIZZI,29.666.296/0001-66,"3.500,00",05/2018
 TONINHO VESPOLI,CONTRATAÇAO DE PESSOA JURIDICA,ANDRE FEITOSA ALCANTARA,29.992.029/0001-89,"2.800,00",05/2018
 TONINHO VESPOLI,CORREIOS,ECT  - EMPRESA BRASILEIRA DE CORREIOS E TELÉGRAFOS,01.711.288/0001-75,"1.186,25",05/2018
 TONINHO VESPOLI,LIVROS,SOLLUS DISTRIBUIDORA DE LIVROS LTDA,03.770.167/0001-20,"158,00",05/2018
 TONINHO VESPOLI,LOCAÇÃO DE MOVEIS E EQUIPAMENTOS,CONVEX LOCAÇÃO DE EQUIPAMENTOS PARA EVENTOS LTDA-EPP,07.066.295/0001-48,"260,00",05/2018
 TONINHO VESPOLI,LOCAÇÃO DE MOVEIS E EQUIPAMENTOS,KITANI LOCAÇÃO E COMÉRCIO DE EQUIPAMENTOS LTDA,49.557.960/0001-46,"1.005,80",05/2018
 TONINHO VESPOLI,MATERIAL DE ESCRITORIO E OUTROS MATERIAIS DE CONSUMO,CENTER PAPEIS COMERCIAL LTDA.,06.226.820/0001-82,"2.304,85",05/2018
 TONINHO VESPOLI,MATERIAL DE ESCRITORIO E OUTROS MATERIAIS DE CONSUMO,KALUNGA COMÉRCIO INDUSTRIA GRÁFICA LTDA,43.283.811/0139-95,"417,14",05/2018
 TONINHO VESPOLI,TELEFONE FIXO,TELEFONICA BRASIL S/A,02.558.157/0001-62,"166,11",05/2018
 TONINHO VESPOLI,TELEFONE MOVEL,TELEFONICA BRASIL S/A,02.558.157/0001-62,"489,99",05/2018
 TONINHO VESPOLI,COMBUSTIVEL,AUTO POSTO GUAIRACA LTDA,43.234.889/0001-84,"856,00",06/2018
 TONINHO VESPOLI,COMPOSIÇÃO/ARTE/DIAGRAMAÇÃO/PRODUÇÃO/IMPRESSAO GRAFICA,FORMA CERTA GRAFICA  DIGITAL LTDA,07.691.829/0001-27,"4.015,00",06/2018
 TONINHO VESPOLI,COMPOSIÇÃO/ARTE/DIAGRAMAÇÃO/PRODUÇÃO/IMPRESSAO GRAFICA,OLIGRAFICA COMERCIO E INDUSTRIA GRAFICA LTDA-ME,57.642.381/0001-20,"3.553,00",06/2018
 TONINHO VESPOLI,CONTRATAÇAO DE PESSOA JURIDICA,JULIANA RISOLI GHIZZI,29.666.296/0001-66,"3.500,00",06/2018
 TONINHO VESPOLI,LOCAÇÃO DE MOVEIS E EQUIPAMENTOS,CONVEX LOCAÇÃO DE EQUIPAMENTOS PARA EVENTOS LTDA-EPP,07.066.295/0001-48,"260,00",06/2018
 TONINHO VESPOLI,LOCAÇÃO DE MOVEIS E EQUIPAMENTOS,KITANI LOCAÇÃO E COMÉRCIO DE EQUIPAMENTOS LTDA,49.557.960/0001-46,"1.007,59",06/2018
 TONINHO VESPOLI,MATERIAL DE ESCRITORIO E OUTROS MATERIAIS DE CONSUMO,CENTER PAPEIS COMERCIAL LTDA.,06.226.820/0001-82,"739,45",06/2018
 TONINHO VESPOLI,MATERIAL DE ESCRITORIO E OUTROS MATERIAIS DE CONSUMO,KALUNGA COMÉRCIO E INDUSTRIA GRÁFICA LTDA.,43.283.811/0071-62,"462,50",06/2018
 TONINHO VESPOLI,MATERIAL DE ESCRITORIO E OUTROS MATERIAIS DE CONSUMO,KALUNGA COM. E IND. GRÁFICA LTDA,43.283.811/0177-10,"117,90",06/2018
 TONINHO VESPOLI,TELEFONE FIXO,TELEFONICA BRASIL S/A,02.558.157/0001-62,"166,11",06/2018
 TONINHO VESPOLI,TELEFONE MOVEL,TELEFONICA BRASIL S/A,02.558.157/0001-62,"489,99",06/2018
 TONINHO VESPOLI,COMBUSTIVEL,AUTO POSTO GUAIRACA LTDA,43.234.889/0001-84,"530,00",07/2018
 TONINHO VESPOLI,COMPOSIÇÃO/ARTE/DIAGRAMAÇÃO/PRODUÇÃO/IMPRESSAO GRAFICA,FORMA CERTA GRAFICA  DIGITAL LTDA,07.691.829/0001-27,"7.915,00",07/2018
 TONINHO VESPOLI,CONTRATAÇAO DE PESSOA JURIDICA,JULIANA RISOLI GHIZZI,29.666.296/0001-66,"3.500,00",07/2018
 TONINHO VESPOLI,CONTRATAÇAO DE PESSOA JURIDICA,ANDRE FEITOSA ALCANTARA,29.992.029/0001-89,"2.800,00",07/2018
 TONINHO VESPOLI,LOCAÇÃO DE MOVEIS E EQUIPAMENTOS,CONVEX LOCAÇÃO DE EQUIPAMENTOS PARA EVENTOS LTDA-EPP,07.066.295/0001-48,"260,00",07/2018
 TONINHO VESPOLI,LOCAÇÃO DE MOVEIS E EQUIPAMENTOS,KITANI LOCAÇÃO E COMÉRCIO DE EQUIPAMENTOS LTDA,49.557.960/0001-46,"865,33",07/2018
 TONINHO VESPOLI,MATERIAL DE ESCRITORIO E OUTROS MATERIAIS DE CONSUMO,CENTER PAPEIS COMERCIAL LTDA.,06.226.820/0001-82,"808,40",07/2018
 TONINHO VESPOLI,MATERIAL DE ESCRITORIO E OUTROS MATERIAIS DE CONSUMO,KALUNGA COMÉRCIO INDÚSTRIA GRÁFICA LTDA,43.283.811/0030-94,"551,30",07/2018
 TONINHO VESPOLI,TELEFONE FIXO,TELEFONICA BRASIL S/A,02.558.157/0001-62,"166,11",07/2018
 TONINHO VESPOLI,TELEFONE MOVEL,TELEFONICA BRASIL S/A,02.558.157/0001-62,"489,99",07/2018
 TONINHO VESPOLI,COMBUSTIVEL,AUTO POSTO GUAIRACA LTDA,43.234.889/0001-84,"940,00",08/2018
 TONINHO VESPOLI,COMPOSIÇÃO/ARTE/DIAGRAMAÇÃO/PRODUÇÃO/IMPRESSAO GRAFICA,FORMA CERTA GRAFICA  DIGITAL LTDA,07.691.829/0001-27,"4.575,00",08/2018
 TONINHO VESPOLI,COMPOSIÇÃO/ARTE/DIAGRAMAÇÃO/PRODUÇÃO/IMPRESSAO GRAFICA,VISUAL ARTE COPIADORA EIRELLI - ME,13.058.505/0001-59,"50,00",08/2018
 TONINHO VESPOLI,CONTRATAÇAO DE PESSOA JURIDICA,JULIANA RISOLI GHIZZI,29.666.296/0001-66,"3.500,00",08/2018
 TONINHO VESPOLI,CONTRATAÇAO DE PESSOA JURIDICA,ANDRE FEITOSA ALCANTARA,29.992.029/0001-89,"2.800,00",08/2018
 TONINHO VESPOLI,CORREIOS,ECT - EMP. BRASILEIRA DE CORREIOS E TELEGRAFOS,34.028.316/2913-29,"1.250,00",08/2018
 TONINHO VESPOLI,CORREIOS,ECT - EMP. BRAS. DE CORREIOS E TELEGRAFOS,34.028.316/3179-05,"875,00",08/2018
 TONINHO VESPOLI,LOCAÇÃO DE MOVEIS E EQUIPAMENTOS,CONVEX LOCAÇÃO DE EQUIPAMENTOS PARA EVENTOS LTDA-EPP,07.066.295/0001-48,"260,00",08/2018
 TONINHO VESPOLI,LOCAÇÃO DE MOVEIS E EQUIPAMENTOS,KITANI LOCAÇÃO E COMÉRCIO DE EQUIPAMENTOS LTDA,49.557.960/0001-46,"932,05",08/2018
 TONINHO VESPOLI,MATERIAL DE ESCRITORIO E OUTROS MATERIAIS DE CONSUMO,CENTER PAPEIS COMERCIAL LTDA.,06.226.820/0001-82,"978,75",08/2018
 TONINHO VESPOLI,MATERIAL DE ESCRITORIO E OUTROS MATERIAIS DE CONSUMO,KALUNGA COMÉRCIO INDUSTRIA GRÁFICA LTDA,43.283.811/0139-95,"228,50",08/2018
 TONINHO VESPOLI,TELEFONE FIXO,TELEFONICA BRASIL S/A,02.558.157/0001-62,"166,11",08/2018
 TONINHO VESPOLI,COMBUSTIVEL,AUTO POSTO GUAIRACA LTDA,43.234.889/0001-84,"846,50",09/2018
 TONINHO VESPOLI,COMPOSIÇÃO/ARTE/DIAGRAMAÇÃO/PRODUÇÃO/IMPRESSAO GRAFICA,FORMA CERTA GRAFICA  DIGITAL LTDA,07.691.829/0001-27,"6.490,00",09/2018
 TONINHO VESPOLI,CONTRATAÇAO DE PESSOA JURIDICA,JULIANA RISOLI GHIZZI,29.666.296/0001-66,"3.500,00",09/2018
 TONINHO VESPOLI,CONTRATAÇAO DE PESSOA JURIDICA,ANDRE FEITOSA ALCANTARA,29.992.029/0001-89,"2.800,00",09/2018
 TONINHO VESPOLI,LOCAÇÃO DE MOVEIS E EQUIPAMENTOS,CONVEX LOCAÇÃO DE EQUIPAMENTOS PARA EVENTOS LTDA-EPP,07.066.295/0001-48,"260,00",09/2018
 TONINHO VESPOLI,LOCAÇÃO DE MOVEIS E EQUIPAMENTOS,KITANI LOCAÇÃO E COMÉRCIO DE EQUIPAMENTOS LTDA,49.557.960/0001-46,"1.149,44",09/2018
 TONINHO VESPOLI,MATERIAL DE ESCRITORIO E OUTROS MATERIAIS DE CONSUMO,CENTER PAPEIS COMERCIAL LTDA.,06.226.820/0001-82,"487,70",09/2018
 TONINHO VESPOLI,TELEFONE FIXO,TELEFONICA BRASIL S/A,02.558.157/0001-62,"121,59",09/2018
 TONINHO VESPOLI,TELEFONE MOVEL,TELEFONICA BRASIL S/A,02.558.157/0001-62,"489,99",09/2018
 TONINHO VESPOLI,COMBUSTIVEL,AUTO POSTO GUAIRACA LTDA,43.234.889/0001-84,"824,56",10/2018
 TONINHO VESPOLI,COMPOSIÇÃO/ARTE/DIAGRAMAÇÃO/PRODUÇÃO/IMPRESSAO GRAFICA,FORMA CERTA GRAFICA  DIGITAL LTDA,07.691.829/0001-27,"6.205,00",10/2018
 TONINHO VESPOLI,COMPOSIÇÃO/ARTE/DIAGRAMAÇÃO/PRODUÇÃO/IMPRESSAO GRAFICA,OLIGRAFICA COMERCIO E INDUSTRIA GRAFICA LTDA-ME,57.642.381/0001-20,"1.700,00",10/2018
 TONINHO VESPOLI,CONTRATAÇAO DE PESSOA JURIDICA,JULIANA RISOLI GHIZZI,29.666.296/0001-66,"3.500,00",10/2018
 TONINHO VESPOLI,CONTRATAÇAO DE PESSOA JURIDICA,ANDRE FEITOSA ALCANTARA,29.992.029/0001-89,"2.800,00",10/2018
 TONINHO VESPOLI,LOCAÇÃO DE MOVEIS E EQUIPAMENTOS,CONVEX LOCAÇÃO DE EQUIPAMENTOS PARA EVENTOS LTDA-EPP,07.066.295/0001-48,"260,00",10/2018
 TONINHO VESPOLI,LOCAÇÃO DE MOVEIS E EQUIPAMENTOS,KITANI LOCAÇÃO E COMÉRCIO DE EQUIPAMENTOS LTDA,49.557.960/0001-46,"812,23",10/2018
 TONINHO VESPOLI,MATERIAL DE ESCRITORIO E OUTROS MATERIAIS DE CONSUMO,CENTER PAPEIS COMERCIAL LTDA.,06.226.820/0001-82,"1.937,00",10/2018
 TONINHO VESPOLI,TELEFONE FIXO,TELEFONICA BRASIL S/A,02.558.157/0001-62,"166,82",10/2018
 TONINHO VESPOLI,TELEFONE MOVEL,TIM S.A,02.421.421/0006-26,"51,33",10/2018
 TONINHO VESPOLI,TELEFONE MOVEL,TELEFONICA BRASIL S/A,02.558.157/0001-62,"299,30",10/2018
 TONINHO VESPOLI,COMBUSTIVEL,AUTO POSTO GUAIRACA LTDA,43.234.889/0001-84,"530,00",11/2018
 TONINHO VESPOLI,COMPOSIÇÃO/ARTE/DIAGRAMAÇÃO/PRODUÇÃO/IMPRESSAO GRAFICA,FORMA CERTA GRAFICA  DIGITAL LTDA,07.691.829/0001-27,"5.082,40",11/2018
 TONINHO VESPOLI,COMPOSIÇÃO/ARTE/DIAGRAMAÇÃO/PRODUÇÃO/IMPRESSAO GRAFICA,OLIGRAFICA COMERCIO E INDUSTRIA GRAFICA LTDA-ME,57.642.381/0001-20,"2.850,00",11/2018
 TONINHO VESPOLI,CONTRATAÇAO DE PESSOA JURIDICA,HAMILTON HARLEY DE CARVALHO SILVA,29.519.280/0001-20,"5.000,00",11/2018
 TONINHO VESPOLI,CONTRATAÇAO DE PESSOA JURIDICA,ANDRE FEITOSA ALCANTARA,29.992.029/0001-89,"2.800,00",11/2018
 TONINHO VESPOLI,LOCAÇÃO DE MOVEIS E EQUIPAMENTOS,CONVEX LOCAÇÃO DE EQUIPAMENTOS PARA EVENTOS LTDA-EPP,07.066.295/0001-48,"260,00",11/2018
 TONINHO VESPOLI,LOCAÇÃO DE MOVEIS E EQUIPAMENTOS,KITANI LOCAÇÃO E COMÉRCIO DE EQUIPAMENTOS LTDA,49.557.960/0001-46,"994,67",11/2018
 TONINHO VESPOLI,MATERIAL DE ESCRITORIO E OUTROS MATERIAIS DE CONSUMO,CENTER PAPEIS COMERCIAL LTDA.,06.226.820/0001-82,"1.869,20",11/2018
 TONINHO VESPOLI,TELEFONE FIXO,TELEFONICA BRASIL S/A,02.558.157/0001-62,"168,25",11/2018
 TONINHO VESPOLI,TELEFONE MOVEL,TIM S.A,02.421.421/0006-26,"146,08",11/2018
 TONINHO VESPOLI,COMBUSTIVEL,AUTO POSTO GUAIRACA LTDA,43.234.889/0001-84,"547,00",12/2018
 TONINHO VESPOLI,COMPOSIÇÃO/ARTE/DIAGRAMAÇÃO/PRODUÇÃO/IMPRESSAO GRAFICA,FORMA CERTA GRAFICA  DIGITAL LTDA,07.691.829/0001-27,"3.987,50",12/2018
 TONINHO VESPOLI,COMPOSIÇÃO/ARTE/DIAGRAMAÇÃO/PRODUÇÃO/IMPRESSAO GRAFICA,GRÁFICA CROMOCOLOR INDUSTRIA LTDA ME,09.181.015/0001-78,"3.400,00",12/2018
 TONINHO VESPOLI,CONTRATAÇAO DE PESSOA JURIDICA,HAMILTON HARLEY DE CARVALHO SILVA,29.519.280/0001-20,"5.000,00",12/2018
 TONINHO VESPOLI,CONTRATAÇAO DE PESSOA JURIDICA,ANDRE FEITOSA ALCANTARA,29.992.029/0001-89,"2.800,00",12/2018
 TONINHO VESPOLI,LOCAÇÃO DE MOVEIS E EQUIPAMENTOS,KITANI LOCAÇÃO E COMÉRCIO DE EQUIPAMENTOS LTDA,49.557.960/0001-46,"636,48",12/2018
 TONINHO VESPOLI,MATERIAL DE ESCRITORIO E OUTROS MATERIAIS DE CONSUMO,KALUNGA COMÉRCIO INDUSTRIA GRÁFICA LTDA,43.283.811/0139-95,"50,85",12/2018
 TONINHO VESPOLI,MATERIAL DE ESCRITORIO E OUTROS MATERIAIS DE CONSUMO,CONVEX LOCAÇÃO DE EQUIPAMENTOS PARA EVENTO LTDA.-EPP,73.147.084/0001-64,"260,00",12/2018
 TONINHO VESPOLI,COMBUSTIVEL,AUTO POSTO GUAIRACA LTDA,43.234.889/0001-84,"231,00",01/2019
 TONINHO VESPOLI,COMPOSIÇÃO/ARTE/DIAGRAMAÇÃO/PRODUÇÃO/IMPRESSAO GRAFICA,G 7 GRÁFICA E EDITORA LTDA .,68.919.935/0001-00,"9.750,00",01/2019
 TONINHO VESPOLI,CONTRATAÇAO DE PESSOA JURIDICA,HAMILTON HARLEY DE CARVALHO SILVA,29.519.280/0001-20,"5.000,00",01/2019
 TONINHO VESPOLI,CONTRATAÇAO DE PESSOA JURIDICA,ANDRE FEITOSA ALCANTARA,29.992.029/0001-89,"2.800,00",01/2019
 TONINHO VESPOLI,LOCAÇÃO DE MOVEIS E EQUIPAMENTOS,KITANI LOCAÇÃO E COMÉRCIO DE EQUIPAMENTOS LTDA,49.557.960/0001-46,"669,92",01/2019
 TONINHO VESPOLI,LOCAÇÃO DE MOVEIS E EQUIPAMENTOS,SISTEMAS CONVEX LOCAÇÕES DE PRODUTOS DE INFORMATICA LTDA.EVENTO LTDA.,73.147.084/0001-64,"260,00",01/2019
 TONINHO VESPOLI,TELEFONE FIXO,TELEFONICA BRASIL S/A,02.558.157/0001-62,"168,05",01/2019
 TONINHO VESPOLI,TELEFONE MOVEL,TIM S.A,02.421.421/0006-26,"135,48",01/2019
 TONINHO VESPOLI,COMBUSTIVEL,AUTO POSTO GUAIRACA LTDA,43.234.889/0001-84,"326,05",02/2019
 TONINHO VESPOLI,COMPOSIÇÃO/ARTE/DIAGRAMAÇÃO/PRODUÇÃO/IMPRESSAO GRAFICA,FORMA CERTA GRAFICA  DIGITAL LTDA,07.691.829/0001-27,"6.978,00",02/2019
 TONINHO VESPOLI,COMPOSIÇÃO/ARTE/DIAGRAMAÇÃO/PRODUÇÃO/IMPRESSAO GRAFICA,G 7 GRÁFICA E EDITORA LTDA .,68.919.935/0001-00,"520,00",02/2019
 TONINHO VESPOLI,CONTRATAÇAO DE PESSOA JURIDICA,HAMILTON HARLEY DE CARVALHO SILVA,29.519.280/0001-20,"5.000,00",02/2019
 TONINHO VESPOLI,LOCAÇÃO DE MOVEIS E EQUIPAMENTOS,KITANI LOCAÇÃO E COMÉRCIO DE EQUIPAMENTOS LTDA,49.557.960/0001-46,"398,30",02/2019
 TONINHO VESPOLI,LOCAÇÃO DE MOVEIS E EQUIPAMENTOS,SISTEMAS CONVEX LOCAÇÕES DE PRODUTOS DE INFORMATICA LTDA.EVENTO LTDA.,73.147.084/0001-64,"260,00",02/2019
 TONINHO VESPOLI,MATERIAL DE ESCRITORIO E OUTROS MATERIAIS DE CONSUMO,CENTER PAPEIS COMERCIAL LTDA.,06.226.820/0001-82,"2.978,75",02/2019
 TONINHO VESPOLI,MATERIAL DE ESCRITORIO E OUTROS MATERIAIS DE CONSUMO,KALUNGA COMÉRCIO INDÚSTRIA GRÁFICA LTDA,43.283.811/0030-94,"895,70",02/2019
 TONINHO VESPOLI,MATERIAL DE ESCRITORIO E OUTROS MATERIAIS DE CONSUMO,KALUNGA COMÉRCIO E INDUSTRIA GRÁFICA LTDA.,43.283.811/0071-62,"516,10",02/2019
 TONINHO VESPOLI,TELEFONE FIXO,TELEFONICA BRASIL S/A,02.558.157/0001-62,"168,25",02/2019
 TONINHO VESPOLI,TELEFONE MOVEL,TIM S.A,02.421.421/0006-26,"139,99",02/2019
 TONINHO VESPOLI,COMBUSTIVEL,AUTO POSTO GUAIRACA LTDA,43.234.889/0001-84,"465,78",03/2019
 TONINHO VESPOLI,COMPOSIÇÃO/ARTE/DIAGRAMAÇÃO/PRODUÇÃO/IMPRESSAO GRAFICA,FORMA CERTA GRAFICA  DIGITAL LTDA,07.691.829/0001-27,"7.880,00",03/2019
 TONINHO VESPOLI,CONTRATAÇAO DE PESSOA JURIDICA,HAMILTON HARLEY DE CARVALHO SILVA,29.519.280/0001-20,"5.000,00",03/2019
 TONINHO VESPOLI,CORREIOS,ECT  - EMPRESA BRASILEIRA DE CORREIOS E TELÉGRAFOS,01.711.288/0001-75,"9.484,20",03/2019
 TONINHO VESPOLI,LOCAÇÃO DE MOVEIS E EQUIPAMENTOS,KITANI LOCAÇÃO E COMÉRCIO DE EQUIPAMENTOS LTDA,49.557.960/0001-46,"1.076,74",03/2019
 TONINHO VESPOLI,LOCAÇÃO DE MOVEIS E EQUIPAMENTOS,SISTEMAS CONVEX LOCAÇÕES DE PRODUTOS DE INFORMATICA LTDA.EVENTO LTDA.,73.147.084/0001-64,"260,00",03/2019
 TONINHO VESPOLI,MATERIAL DE ESCRITORIO E OUTROS MATERIAIS DE CONSUMO,KALUNGA COMÉRCIO E INDÚSTRIA GRÁFICA LTDA,43.283.811/0031-75,"131,90",03/2019
 TONINHO VESPOLI,MATERIAL DE ESCRITORIO E OUTROS MATERIAIS DE CONSUMO,KALUNGA COMÉRCIO INDUSTRIA GRÁFICA LTDA,43.283.811/0139-95,"467,09",03/2019
 TONINHO VESPOLI,TELEFONE FIXO,TELEFONICA BRASIL S/A,02.558.157/0001-62,"168,25",03/2019
 TONINHO VESPOLI,TELEFONE MOVEL,TIM S.A,02.421.421/0006-26,"205,88",03/2019
 TONINHO VESPOLI,ASSINATURA DE JORNAIS E REVISTAS,EMPRESA FOLHA DA MANHÃ S.A.,60.579.703/0031-63,"1.239,00",04/2019
 TONINHO VESPOLI,COMBUSTIVEL,AUTO POSTO GUAIRACA LTDA,43.234.889/0001-84,"628,00",04/2019
 TONINHO VESPOLI,COMPOSIÇÃO/ARTE/DIAGRAMAÇÃO/PRODUÇÃO/IMPRESSAO GRAFICA,G 7 GRÁFICA E EDITORA LTDA .,68.919.935/0001-00,"12.090,00",04/2019
 TONINHO VESPOLI,CONTRATAÇAO DE PESSOA JURIDICA,BATALHA COMUNICAÇÃO LTDA.,21.839.518/0001-93,"3.318,00",04/2019
 TONINHO VESPOLI,CONTRATAÇAO DE PESSOA JURIDICA,HAMILTON HARLEY DE CARVALHO SILVA,29.519.280/0001-20,"5.000,00",04/2019
 TONINHO VESPOLI,LOCAÇÃO DE MOVEIS E EQUIPAMENTOS,KITANI LOCAÇÃO E COMÉRCIO DE EQUIPAMENTOS LTDA,49.557.960/0001-46,"666,97",04/2019
 TONINHO VESPOLI,LOCAÇÃO DE MOVEIS E EQUIPAMENTOS,SISTEMAS CONVEX LOCAÇÕES DE PRODUTOS DE INFORMATICA LTDA.EVENTO LTDA.,73.147.084/0001-64,"260,00",04/2019
 TONINHO VESPOLI,MATERIAL DE ESCRITORIO E OUTROS MATERIAIS DE CONSUMO,CENTER PAPEIS COMERCIAL LTDA.,06.226.820/0001-82,"912,80",04/2019
 TONINHO VESPOLI,TELEFONE FIXO,TELEFONICA BRASIL S/A,02.558.157/0001-62,"256,87",04/2019
 TONINHO VESPOLI,TELEFONE MOVEL,TIM S.A,02.421.421/0006-26,"160,03",04/2019
 TONINHO VESPOLI,COMBUSTIVEL,AUTO POSTO GUAIRACA LTDA,43.234.889/0001-84,"787,00",05/2019
 TONINHO VESPOLI,COMPOSIÇÃO/ARTE/DIAGRAMAÇÃO/PRODUÇÃO/IMPRESSAO GRAFICA,G 7 GRÁFICA E EDITORA LTDA .,68.919.935/0001-00,"1.170,00",05/2019
 TONINHO VESPOLI,LOCAÇÃO DE MOVEIS E EQUIPAMENTOS,KITANI LOCAÇÃO E COMÉRCIO DE EQUIPAMENTOS LTDA,49.557.960/0001-46,"837,21",05/2019
 TONINHO VESPOLI,LOCAÇÃO DE MOVEIS E EQUIPAMENTOS,SISTEMAS CONVEX LOCAÇÕES DE PRODUTOS DE INFORMATICA LTDA.EVENTO LTDA.,73.147.084/0001-64,"260,00",05/2019
 TONINHO VESPOLI,MATERIAL DE ESCRITORIO E OUTROS MATERIAIS DE CONSUMO,CENTER PAPEIS COMERCIAL LTDA.,06.226.820/0001-82,"3.352,80",05/2019
 TONINHO VESPOLI,MATERIAL DE ESCRITORIO E OUTROS MATERIAIS DE CONSUMO,KALUNGA COMÉRCIO E INDUSTRIA GRÁFICA LTDA.,43.283.811/0071-62,"330,18",05/2019
 TONINHO VESPOLI,TELEFONE FIXO,TELEFONICA BRASIL S/A,02.558.157/0001-62,"273,00",05/2019
 TONINHO VESPOLI,TELEFONE MOVEL,TIM S.A,02.421.421/0006-26,"146,40",05/2019
 TONINHO VESPOLI,COMBUSTIVEL,AUTO POSTO GUAIRACA LTDA,43.234.889/0001-84,"579,00",06/2019
 TONINHO VESPOLI,COMPOSIÇÃO/ARTE/DIAGRAMAÇÃO/PRODUÇÃO/IMPRESSAO GRAFICA,FORMA CERTA GRAFICA  DIGITAL LTDA,07.691.829/0001-27,"13.300,00",06/2019
 TONINHO VESPOLI,CORREIOS,ECT  - EMPRESA BRASILEIRA DE CORREIOS E TELÉGRAFOS,01.711.288/0001-75,"7.238,00",06/2019
 TONINHO VESPOLI,LOCAÇÃO DE MOVEIS E EQUIPAMENTOS,CONVEX LOCAÇÃO DE EQUIPAMENTOS PARA EVENTOS LTDA-EPP,07.066.295/0001-48,"260,00",06/2019
 TONINHO VESPOLI,LOCAÇÃO DE MOVEIS E EQUIPAMENTOS,KITANI LOCAÇÃO E COMÉRCIO DE EQUIPAMENTOS LTDA,49.557.960/0001-46,"1.008,72",06/2019
 TONINHO VESPOLI,MATERIAL DE ESCRITORIO E OUTROS MATERIAIS DE CONSUMO,CENTER PAPEIS COMERCIAL LTDA.,06.226.820/0001-82,"283,65",06/2019
 TONINHO VESPOLI,MATERIAL DE ESCRITORIO E OUTROS MATERIAIS DE CONSUMO,KALUNGA COMÉRCIO INDÚSTRIA GRÁFICA LTDA,43.283.811/0030-94,"668,20",06/2019
 TONINHO VESPOLI,TELEFONE FIXO,TELEFONICA BRASIL S/A,02.558.157/0001-62,"173,01",06/2019
 TONINHO VESPOLI,TELEFONE MOVEL,TIM S.A,02.421.421/0006-26,"147,45",06/2019
 TONINHO VESPOLI,COMBUSTIVEL,AUTO POSTO GUAIRACA LTDA,43.234.889/0001-84,"602,00",07/2019
 TONINHO VESPOLI,CONTRATAÇAO DE PESSOA JURIDICA,JULIANA RISOLI GHIZZI,33.419.249/0001-95,"4.330,00",07/2019
 TONINHO VESPOLI,CONTRATAÇAO DE PESSOA JURIDICA,LUIS ANTONIO SANTOS DA LUZ,33.792.220/0001-54,"5.160,00",07/2019
 TONINHO VESPOLI,CONTRATAÇAO DE PESSOA JURIDICA,SAMUEL MATEUS MARCELINO,34.062.944/0001-05,"3.750,00",07/2019
 TONINHO VESPOLI,LOCAÇÃO DE MOVEIS E EQUIPAMENTOS,KITANI LOCAÇÃO E COMÉRCIO DE EQUIPAMENTOS LTDA,49.557.960/0001-46,"1.065,00",07/2019
 TONINHO VESPOLI,LOCAÇÃO DE MOVEIS E EQUIPAMENTOS,SISTEMAS CONVEX LOCAÇÕES DE PRODUTOS DE INFORMATICA LTDA.EVENTO LTDA.,73.147.084/0001-64,"260,00",07/2019
 TONINHO VESPOLI,TELEFONE FIXO,TELEFONICA BRASIL S/A,02.558.157/0001-62,"173,01",07/2019
 TONINHO VESPOLI,TELEFONE MOVEL,TIM S.A,02.421.421/0006-26,"146,08",07/2019
 TONINHO VESPOLI,COMBUSTIVEL,AUTO POSTO GUAIRACA LTDA,43.234.889/0001-84,"506,20",08/2019
 TONINHO VESPOLI,CONTRATAÇAO DE PESSOA JURIDICA,JULIANA RISOLI GHIZZI,33.419.249/0001-95,"4.330,00",08/2019
 TONINHO VESPOLI,CONTRATAÇAO DE PESSOA JURIDICA,SAMUEL MATEUS MARCELINO,34.062.944/0001-05,"3.750,00",08/2019
 TONINHO VESPOLI,LIVROS,SARAIVA E SICILIANO S/A,61.365.284/0107-62,"155,20",08/2019
 TONINHO VESPOLI,LOCAÇÃO DE MOVEIS E EQUIPAMENTOS,FORMA CERTA GRAFICA  DIGITAL LTDA,07.691.829/0001-27,"4.600,00",08/2019
 TONINHO VESPOLI,LOCAÇÃO DE MOVEIS E EQUIPAMENTOS,KITANI LOCAÇÃO E COMÉRCIO DE EQUIPAMENTOS LTDA,49.557.960/0001-46,"2.539,83",08/2019
 TONINHO VESPOLI,LOCAÇÃO DE MOVEIS E EQUIPAMENTOS,SISTEMAS CONVEX LOCAÇÕES DE PRODUTOS DE INFORMATICA LTDA.EVENTO LTDA.,73.147.084/0001-64,"260,00",08/2019
 TONINHO VESPOLI,MATERIAL DE ESCRITORIO E OUTROS MATERIAIS DE CONSUMO,KALUNGA COMÉRCIO INDUSTRIA GRÁFICA LTDA,43.283.811/0139-95,"227,40",08/2019
 TONINHO VESPOLI,TELEFONE FIXO,TELEFONICA BRASIL S/A,02.558.157/0001-62,"173,01",08/2019
 TONINHO VESPOLI,TELEFONE MOVEL,TIM S.A,02.421.421/0006-26,"146,08",08/2019
 TONINHO VESPOLI,COMBUSTIVEL,AUTO POSTO GUAIRACA LTDA,43.234.889/0001-84,"527,12",09/2019
 TONINHO VESPOLI,COMPOSIÇÃO/ARTE/DIAGRAMAÇÃO/PRODUÇÃO/IMPRESSAO GRAFICA,FORMA CERTA GRAFICA  DIGITAL LTDA,07.691.829/0001-27,"2.200,00",09/2019
 TONINHO VESPOLI,COMPOSIÇÃO/ARTE/DIAGRAMAÇÃO/PRODUÇÃO/IMPRESSAO GRAFICA,G 7 GRÁFICA E EDITORA LTDA .,68.919.935/0001-00,"8.840,00",09/2019
 TONINHO VESPOLI,ELABORAÇÃO/MANUTENÇAO DE SITE/HOSPEDAGEM,MARCEL SCOGNAMIGLIODE CAMPOS LOURENÇO,29.674.726/0001-91,"3.369,50",09/2019
 TONINHO VESPOLI,LOCAÇÃO DE MOVEIS E EQUIPAMENTOS,KITANI LOCAÇÃO E COMÉRCIO DE EQUIPAMENTOS LTDA,49.557.960/0001-46,"854,55",09/2019
 TONINHO VESPOLI,LOCAÇÃO DE MOVEIS E EQUIPAMENTOS,SISTEMAS CONVEX LOCAÇÕES DE PRODUTOS DE INFORMATICA LTDA.EVENTO LTDA.,73.147.084/0001-64,"260,00",09/2019
 TONINHO VESPOLI,MATERIAL DE ESCRITORIO E OUTROS MATERIAIS DE CONSUMO,KALUNGA COMÉRCIO INDÚSTRIA GRÁFICA LTDA,43.283.811/0030-94,"766,09",09/2019
 TONINHO VESPOLI,MATERIAL DE ESCRITORIO E OUTROS MATERIAIS DE CONSUMO,KALUNGA COMÉRCIO INDUSTRIA GRÁFICA LTDA,43.283.811/0139-95,"239,10",09/2019
 TONINHO VESPOLI,TELEFONE FIXO,TELEFONICA BRASIL S/A,02.558.157/0001-62,"173,01",09/2019
 TONINHO VESPOLI,TELEFONE MOVEL,TIM S.A,02.421.421/0006-26,"146,08",09/2019
 TONINHO VESPOLI,COMBUSTIVEL,AUTO POSTO GUAIRACA LTDA,43.234.889/0001-84,"877,84",10/2019
 TONINHO VESPOLI,COMPOSIÇÃO/ARTE/DIAGRAMAÇÃO/PRODUÇÃO/IMPRESSAO GRAFICA,FORMA CERTA GRAFICA  DIGITAL LTDA,07.691.829/0001-27,"4.820,00",10/2019
 TONINHO VESPOLI,COMPOSIÇÃO/ARTE/DIAGRAMAÇÃO/PRODUÇÃO/IMPRESSAO GRAFICA,KAUE KRICHNEGG PEREIRA,27.910.284/0001-00,"3.100,00",10/2019
 TONINHO VESPOLI,COMPOSIÇÃO/ARTE/DIAGRAMAÇÃO/PRODUÇÃO/IMPRESSAO GRAFICA,G 7 GRÁFICA E EDITORA LTDA .,68.919.935/0001-00,"722,00",10/2019
 TONINHO VESPOLI,CONTRATAÇAO DE PESSOA JURIDICA,CANTAROS EDITORA LTDA,08.654.118/0001-45,"200,00",10/2019
 TONINHO VESPOLI,CONTRATAÇAO DE PESSOA JURIDICA,RODRIGO FRANCISCO DA SILVA SERVIÇOSDE VÍDEO - ME,11.571.989/0001-00,"2.000,00",10/2019
 TONINHO VESPOLI,ELABORAÇÃO/MANUTENÇAO DE SITE/HOSPEDAGEM,MARCEL SCOGNAMIGLIODE CAMPOS LOURENÇO,29.674.726/0001-91,"3.369,50",10/2019
 TONINHO VESPOLI,LOCAÇÃO DE MOVEIS E EQUIPAMENTOS,KITANI LOCAÇÃO E COMÉRCIO DE EQUIPAMENTOS LTDA,49.557.960/0001-46,"1.259,66",10/2019
 TONINHO VESPOLI,LOCAÇÃO DE MOVEIS E EQUIPAMENTOS,SISTEMAS CONVEX LOCAÇÕES DE PRODUTOS DE INFORMATICA LTDA.EVENTO LTDA.,73.147.084/0001-64,"260,00",10/2019
 TONINHO VESPOLI,TELEFONE FIXO,TELEFONICA BRASIL S/A,02.558.157/0001-62,"178,06",10/2019
 TONINHO VESPOLI,TELEFONE MOVEL,TIM S.A,02.421.421/0006-26,"146,08",10/2019
 TONINHO VESPOLI,COMBUSTIVEL,AUTO POSTO GUAIRACA LTDA,43.234.889/0001-84,"808,24",11/2019
 TONINHO VESPOLI,COMPOSIÇÃO/ARTE/DIAGRAMAÇÃO/PRODUÇÃO/IMPRESSAO GRAFICA,FORMA CERTA GRAFICA  DIGITAL LTDA,07.691.829/0001-27,"2.550,00",11/2019
 TONINHO VESPOLI,COMPOSIÇÃO/ARTE/DIAGRAMAÇÃO/PRODUÇÃO/IMPRESSAO GRAFICA,KAUE KRICHNEGG PEREIRA,27.910.284/0001-00,"3.100,00",11/2019
 TONINHO VESPOLI,COMPOSIÇÃO/ARTE/DIAGRAMAÇÃO/PRODUÇÃO/IMPRESSAO GRAFICA,G 7 GRÁFICA E EDITORA LTDA .,68.919.935/0001-00,"3.548,00",11/2019
 TONINHO VESPOLI,CONTRATAÇAO DE PESSOA JURIDICA,RODRIGO FRANCISCO DA SILVA SERVIÇOSDE VÍDEO - ME,11.571.989/0001-00,"1.000,00",11/2019
 TONINHO VESPOLI,CORREIOS,ECT  - EMPRESA BRASILEIRA DE CORREIOS E TELÉGRAFOS,01.711.288/0001-75,"11.194,30",11/2019
 TONINHO VESPOLI,ELABORAÇÃO/MANUTENÇAO DE SITE/HOSPEDAGEM,MARCEL SCOGNAMIGLIODE CAMPOS LOURENÇO,29.674.726/0001-91,"3.369,50",11/2019
 TONINHO VESPOLI,LOCAÇÃO DE MOVEIS E EQUIPAMENTOS,KITANI LOCAÇÃO E COMÉRCIO DE EQUIPAMENTOS LTDA,49.557.960/0001-46,"1.390,20",11/2019
 TONINHO VESPOLI,LOCAÇÃO DE MOVEIS E EQUIPAMENTOS,SISTEMAS CONVEX LOCAÇÕES DE PRODUTOS DE INFORMATICA LTDA.EVENTO LTDA.,73.147.084/0001-64,"260,00",11/2019
 TONINHO VESPOLI,MATERIAL DE ESCRITORIO E OUTROS MATERIAIS DE CONSUMO,CENTER PAPEIS COMERCIAL LTDA.,06.226.820/0001-82,"2.131,15",11/2019
 TONINHO VESPOLI,MATERIAL DE ESCRITORIO E OUTROS MATERIAIS DE CONSUMO,KALUNGA COMÉRCIO INDÚSTRIA GRÁFICA LTDA,43.283.811/0030-94,"694,20",11/2019
 TONINHO VESPOLI,TELEFONE FIXO,TELEFONICA BRASIL S/A,02.558.157/0001-62,"178,06",11/2019
 TONINHO VESPOLI,TELEFONE MOVEL,TIM S.A,02.421.421/0006-26,"145,83",11/2019
 TONINHO VESPOLI,COMBUSTIVEL,AUTO POSTO GUAIRACA LTDA,43.234.889/0001-84,"388,04",12/2019
 TONINHO VESPOLI,COMPOSIÇÃO/ARTE/DIAGRAMAÇÃO/PRODUÇÃO/IMPRESSAO GRAFICA,KAUE KRICHNEGG PEREIRA,27.910.284/0001-00,"3.100,00",12/2019
 TONINHO VESPOLI,CONTRATAÇAO DE PESSOA JURIDICA,RODRIGO FRANCISCO DA SILVA SERVIÇOSDE VÍDEO - ME,11.571.989/0001-00,"1.000,00",12/2019
 TONINHO VESPOLI,ELABORAÇÃO/MANUTENÇAO DE SITE/HOSPEDAGEM,MARCEL SCOGNAMIGLIODE CAMPOS LOURENÇO,29.674.726/0001-91,"3.369,50",12/2019
 TONINHO VESPOLI,LOCAÇÃO DE MOVEIS E EQUIPAMENTOS,KITANI LOCAÇÃO E COMÉRCIO DE EQUIPAMENTOS LTDA,49.557.960/0001-46,"1.050,21",12/2019
 TONINHO VESPOLI,LOCAÇÃO DE MOVEIS E EQUIPAMENTOS,SISTEMAS CONVEX LOCAÇÕES DE PRODUTOS DE INFORMATICA LTDA.EVENTO LTDA.,73.147.084/0001-64,"260,00",12/2019
 TONINHO VESPOLI,TELEFONE FIXO,TELEFONICA BRASIL S/A,02.558.157/0001-62,"178,06",12/2019
 TONINHO VESPOLI,TELEFONE MOVEL,TIM S.A,02.421.421/0006-26,"161,53",12/2019
 TONINHO VESPOLI,COMBUSTIVEL,AUTO POSTO GUAIRACA LTDA,43.234.889/0001-84,"412,02",01/2020
 TONINHO VESPOLI,COMPOSIÇÃO/ARTE/DIAGRAMAÇÃO/PRODUÇÃO/IMPRESSAO GRAFICA,FERNANDA PAULO MARQUES,26.683.914/0001-98,"4.500,00",01/2020
 TONINHO VESPOLI,ELABORAÇÃO/MANUTENÇAO DE SITE/HOSPEDAGEM,MARCEL SCOGNAMIGLIODE CAMPOS LOURENÇO,29.674.726/0001-91,"3.000,00",01/2020
 TONINHO VESPOLI,LOCAÇÃO DE MOVEIS E EQUIPAMENTOS,KITANI LOCAÇÃO E COMÉRCIO DE EQUIPAMENTOS LTDA,49.557.960/0001-46,"671,54",01/2020
 TONINHO VESPOLI,LOCAÇÃO DE MOVEIS E EQUIPAMENTOS,SISTEMAS CONVEX LOCAÇÕES DE PRODUTOS DE INFORMATICA LTDA.EVENTO LTDA.,73.147.084/0001-64,"260,00",01/2020
 TONINHO VESPOLI,MATERIAL DE ESCRITORIO E OUTROS MATERIAIS DE CONSUMO,KALUNGA COMÉRCIO E INDÚSTRIA GRÁFICA LTDA,43.283.811/0018-06,"507,10",01/2020
 TONINHO VESPOLI,TELEFONE MOVEL,TIM S.A,02.421.421/0006-26,"164,25",01/2020
 TONINHO VESPOLI,COMBUSTIVEL,AUTO POSTO GUAIRACA LTDA,43.234.889/0001-84,"776,09",02/2020
 TONINHO VESPOLI,COMPOSIÇÃO/ARTE/DIAGRAMAÇÃO/PRODUÇÃO/IMPRESSAO GRAFICA,FERNANDA PAULO MARQUES,26.683.914/0001-98,"4.500,00",02/2020
 TONINHO VESPOLI,ELABORAÇÃO/MANUTENÇAO DE SITE/HOSPEDAGEM,MARCEL SCOGNAMIGLIODE CAMPOS LOURENÇO,29.674.726/0001-91,"3.000,00",02/2020
 TONINHO VESPOLI,LOCAÇÃO DE MOVEIS E EQUIPAMENTOS,KITANI LOCAÇÃO E COMÉRCIO DE EQUIPAMENTOS LTDA,49.557.960/0001-46,"492,19",02/2020
 TONINHO VESPOLI,LOCAÇÃO DE MOVEIS E EQUIPAMENTOS,SISTEMAS CONVEX LOCAÇÕES DE PRODUTOS DE INFORMATICA LTDA.EVENTO LTDA.,73.147.084/0001-64,"557,00",02/2020
 TONINHO VESPOLI,MATERIAL DE ESCRITORIO E OUTROS MATERIAIS DE CONSUMO,CENTER PAPEIS COMERCIAL LTDA.,06.226.820/0001-82,"2.239,30",02/2020
 TONINHO VESPOLI,MATERIAL DE ESCRITORIO E OUTROS MATERIAIS DE CONSUMO,KALUNGA COMÉRCIO INDUSTRIA GRÁFICA LTDA,43.283.811/0139-95,"269,10",02/2020
 TONINHO VESPOLI,TELEFONE FIXO,TELEFONICA BRASIL S/A,02.558.157/0001-62,"136,56",02/2020
 TONINHO VESPOLI,TELEFONE MOVEL,TIM S.A,02.421.421/0006-26,"158,44",02/2020
 TONINHO VESPOLI,COMBUSTIVEL,AUTO POSTO GUAIRACA LTDA,43.234.889/0001-84,"516,83",03/2020
 TONINHO VESPOLI,COMPOSIÇÃO/ARTE/DIAGRAMAÇÃO/PRODUÇÃO/IMPRESSAO GRAFICA,FORMA CERTA GRAFICA  DIGITAL LTDA,07.691.829/0001-27,"3.300,00",03/2020
 TONINHO VESPOLI,COMPOSIÇÃO/ARTE/DIAGRAMAÇÃO/PRODUÇÃO/IMPRESSAO GRAFICA,FERNANDA PAULO MARQUES,26.683.914/0001-98,"4.500,00",03/2020
 TONINHO VESPOLI,ELABORAÇÃO/MANUTENÇAO DE SITE/HOSPEDAGEM,MARCEL SCOGNAMIGLIODE CAMPOS LOURENÇO,29.674.726/0001-91,"3.000,00",03/2020
 TONINHO VESPOLI,LOCAÇÃO DE MOVEIS E EQUIPAMENTOS,KITANI LOCAÇÃO E COMÉRCIO DE EQUIPAMENTOS LTDA,49.557.960/0001-46,"587,13",03/2020
 TONINHO VESPOLI,LOCAÇÃO DE MOVEIS E EQUIPAMENTOS,SISTEMAS CONVEX LOCAÇÕES DE PRODUTOS DE INFORMATICA LTDA.EVENTO LTDA.,73.147.084/0001-64,"590,00",03/2020
 TONINHO VESPOLI,COMPOSIÇÃO/ARTE/DIAGRAMAÇÃO/PRODUÇÃO/IMPRESSAO GRAFICA,FERNANDA PAULO MARQUES,26.683.914/0001-98,"4.500,00",04/2020
 TONINHO VESPOLI,CONTRATAÇAO DE PESSOA JURIDICA,SAMUEL MATEUS MARCELINO,34.062.944/0001-05,"3.750,00",04/2020
 TONINHO VESPOLI,ELABORAÇÃO/MANUTENÇAO DE SITE/HOSPEDAGEM,MARCEL SCOGNAMIGLIODE CAMPOS LOURENÇO,29.674.726/0001-91,"3.000,00",04/2020
